거래일시,사용자ID,결제수단,가맹점업종,거래금액,지역,연령대,거래상태
2024/09/13 15:38,U000993,신용카드,식음료,18581.0,서울,,성공
2024-02-25 08:27:00,U000337,신용카드,교통,3384.0,경기,30대,성공
2024-11-05 19:36:00,U001217,체크카드,여행,287344.0,서울,20대,성공
2024-11-02 05:57:00,U000100,체크카드,교통,5756.0,대구,40대,성공
2024-08-06 18:36:00,U001149,신용카드,식음료,12604.0,서울,30대,성공
2024-05-22 04:13:00,U000720,계좌이체,기타,3937.0,경기,60대 이상,성공
2024-01-31 14:49:00,U001979,계좌이체,식음료,11376.0,대구,10대,성공
2024-07-28 11:02:00,U003535,휴대폰결제,쇼핑,34047.0,경기,10대,성공
2024/07/13 11:24,U001425,신용카드,식음료,27101.0,서울,20대,성공
2024-03-08 19:58:00,U002915,신용카드,식음료,5163.0,서울,30대,성공
2024-02-09 17:25:00,U001621,계좌이체,쇼핑,29249.0,서울,20대,성공
2024-12-09 21:14:00,U002793,신용카드,쇼핑,115305.0,인천,10대,성공
2024-09-28 10:26:00,U001089,체크카드,교육,200505.0,경기,20대,성공
2024-06-20 20:43:00,U000973,신용카드,여행,78005.0,경북,30대,성공
2024-09-01 20:35:00,U002001,신용카드,쇼핑,64725.0,부산,20대,성공
2024-03-08 08:26:00,U002188, 신용카드 ,공과금,62404.0,경기,30대,성공
2024-05-18 03:28:00,U002799,계좌이체,문화/여가,10456.0,경남,50대,성공
2024-05-30 19:38:00,U000010,신용카드,식음료,24433.0,경기,50대,성공
2024-04-06 22:56:00,U002160,신용카드,기타,24776.0,서울,20대,성공
2024-02-06 11:08:00,U002796,신용카드,의료,27499.0,대구,20대,성공
2024-10-25 10:26:00,U000396,신용카드,쇼핑,14668.0,대구,,성공
2024-03-10 08:26:00,U000834, 신용카드 ,교통,9000.0,대구,40대,성공
2024-05-25 01:05:00,U003858,신용카드,식음료,17620.0,제주,30대,성공
2024/01/23 20:34,U001617,체크카드,교육,332377.0,경남,20대,성공
2024/02/18 20:53,U001709,신용카드,여행,392518.0,서울,40대,성공
2024-10-10 13:19:00,U000159,체크카드,공과금,108896.0,대구,20대,성공
2024-08-30 22:25:00,U002333,신용카드,쇼핑,7062.0,인천,40대,성공
2024-07-08 17:06:00,U003182, 신용카드 ,교육,153579.0,부산,20대,성공
2024-12-08 05:05:00,U000728,체크카드,기타,34348.0,대구,60대 이상,성공
2024-10-02 10:51:00,U003868,신용카드,교육,48453.0,서울,30대,성공
2024-01-28 16:23:00,U003632,신용카드,여행,144465.0,인천,50대,성공
2024-03-15 10:46:00,U001329,체크카드,식음료,9570.0,경기,50대,성공
2024-05-28 08:13:00,U003123,체크카드,교통,4790.0,경기,30대,성공
2024-02-07 16:50:00,U001333,계좌이체,교통,2035.0,서울,10대,성공
2024/02/16 18:49,U001726,신용카드,식음료,7791.0,서울,30대,성공
2024-08-28 13:56:00,U000145,계좌이체,교통,1498.0,서울,30대,성공
2024-12-15 12:18:00,U002444, 신용카드 ,쇼핑,6991.0,서울,30대,성공
2024-08-12 13:57:00,U000334,신용카드,기타,25267.0,서울,,성공
2024-01-28 09:23:00,U002045,신용카드,식음료,8918.0,경기,30대,성공
2024-09-24 15:04:00,U003716,신용카드,문화/여가,27542.0,서울,20대,성공
2024-05-05 15:53:00,U000966,휴대폰결제,여행,822016.0,서울,20대,성공
2024-04-29 17:53:00,U002926,신용카드,공과금,66351.0,서울,30대,실패
2024-12-06 02:42:00,U001506,계좌이체,교육,89474.0,경기,,성공
2024-12-14 19:14:00,U001700,신용카드,교통,14313.0,,30대,성공
2024-06-09 19:24:00,U003024,체크카드,여행,229210.0,경기,50대,성공
2024-06-08 04:36:00,U001057,체크카드,교육,148505.0,서울,50대,성공
2024-04-07 11:01:00,U002229,체크카드,식음료,22443.0,경기,40대,실패
2024-08-07 08:43:00,U000414,신용카드,식음료,6495.0,서울,20대,성공
2024-11-27 17:23:00,U003574, 신용카드 ,교육,15023.0,서울,30대,성공
2024-07-26 13:42:00,U003876,신용카드,쇼핑,74985.0,경기,30대,성공
2024/07/06 12:54,U003584,계좌이체,기타,13665.0,,10대,성공
2024-11-24 19:05:00,U003685,체크카드,쇼핑,57398.0,서울,10대,성공
2024-12-14 19:52:00,U000808,계좌이체,식음료,11904.0,대구,40대,실패
2024-02-27 19:42:00,U000245,포인트결제,쇼핑,35350.0,경북,30대,성공
2024-03-02 12:12:00,U002978,체크카드,공과금,51407.0,서울,50대,성공
2024/12/08 18:22,U003902,휴대폰결제,식음료,62363.0,경기,30대,성공
2024/08/07 08:22,U002333,휴대폰결제,여행,88749.0,,60대 이상,성공
2024-04-28 21:14:00,U000571,신용카드,문화/여가,21392.0,,20대,성공
2024-02-17 11:35:00,U002514,신용카드,교통,4443.0,광주,30대,성공
2024-07-20 21:27:00,U003136,계좌이체,식음료,13086.0,서울,50대,성공
2024-03-01 09:06:00,U002543,계좌이체,쇼핑,47804.0,,10대,성공
2024-04-30 19:18:00,U003362,체크카드,의료,65839.0,부산,30대,성공
2024-10-17 11:44:00,U000075,,쇼핑,19274.0,서울,40대,성공
2024/02/12 20:48,U001617,신용카드,식음료,28105.0,충남,40대,성공
2024-09-17 08:17:00,U003841,체크카드,교통,4331.0,서울,,성공
2024-05-07 18:01:00,U002569,계좌이체,여행,110871.0,인천,20대,성공
2024-11-22 22:17:00,U000474,,쇼핑,20949.0,서울,10대,성공
2024-12-24 19:01:00,U000794,신용카드,기타,3469.0,전남,60대 이상,성공
2024-01-18 20:51:00,U003839,체크카드,식음료,5525.0,인천,20대,성공
2024-07-19 12:48:00,U000021,계좌이체,식음료,27605.0,울산,20대,성공
2024-05-22 16:12:00,U002917,신용카드,공과금,75727.0,서울,40대,성공
2024/01/31 12:36,U001475,신용카드,식음료,62211.0,충남,30대,성공
2024-10-14 20:48:00,U003762, 신용카드 ,공과금,116588.0,경기,20대,성공
2024-04-08 08:16:00,U002118,계좌이체,공과금,41138.0,경남,20대,성공
2024-05-15 19:26:00,U003503,신용카드,교통,18137.0,광주,10대,성공
2024-11-30 20:21:00,U000283,,교통,3232.0,대구,30대,성공
2024-03-18 19:14:00,U002771,포인트결제,교통,5251.0,울산,30대,실패
2024-05-15 13:28:00,U000169,신용카드,교통,,광주,40대,성공
2024-09-02 12:54:00,U002736,계좌이체,의료,23177.0,서울,30대,성공
2024-07-02 14:19:00,U003994,계좌이체,문화/여가,19690.0,서울,40대,성공
2024/05/17 07:27,U002402, 신용카드 ,기타,35316.0,서울,40대,성공
2024-05-19 13:16:00,U000497,신용카드,식음료,44909.0,경기,,성공
2024-07-09 13:57:00,U000047,신용카드,교통,4757.0,경기,20대,성공
2024-05-23 08:42:00,U003706,포인트결제,쇼핑,52384.0,,,성공
2024-09-25 10:42:00,U003350, 신용카드 ,식음료,3950.0,서울,20대,성공
2024-11-02 21:24:00,U001792,신용카드,쇼핑,21009.0,충북,30대,성공
2024-01-19 17:35:00,U003474,포인트결제,쇼핑,71113.0,서울,30대,성공
2024-11-26 19:31:00,U002546,계좌이체,교육,206061.0,경남,30대,실패
2024/12/03 12:31,U001107,계좌이체,교통,1820.0,대전,20대,성공
2024-02-28 04:19:00,U002611,체크카드,기타,26484.0,인천,40대,성공
2024-06-27 18:48:00,U003451,계좌이체,식음료,2470.0,인천,20대,성공
2024-02-07 19:37:00,U001026,계좌이체,쇼핑,20565.0,,40대,성공
2024-10-20 18:44:00,U002156,신용카드,식음료,21788.0,서울,10대,성공
2024-02-04 16:16:00,U003247,계좌이체,교육,167191.0,충북,20대,성공
2024-08-10 09:33:00,U001644,신용카드,쇼핑,38514.0,서울,30대,성공
2024/10/23 15:17,U001813,신용카드,식음료,2038.0,서울,50대,성공
2024-01-02 18:29:00,U001108,신용카드,쇼핑,35403.0,대구,50대,성공
2024-05-17 17:31:00,U001549,계좌이체,식음료,17026.0,전북,30대,성공
2024-07-30 08:24:00,U001484,체크카드,교육,102263.0,,30대,성공
2024-11-02 20:45:00,U003025,계좌이체,기타,18418.0,경기,20대,성공
2024-01-29 09:11:00,U002113, 신용카드 ,의료,20131.0,광주,30대,성공
2024-04-30 10:48:00,U000144,포인트결제,의료,46556.0,충남,20대,성공
2024-10-25 21:50:00,U003448,체크카드,공과금,,서울,20대,성공
2024/12/05 20:47,U003360,계좌이체,공과금,44578.0,충북,30대,성공
2024/08/25 16:24,U000054,포인트결제,교통,5252.0,경기,20대,성공
2024-03-25 15:38:00,U003705,체크카드,쇼핑,315179.0,서울,20대,성공
2024/08/10 16:12,U001389,신용카드,식음료,5454.0,경기,30대,성공
2024-03-22 18:03:00,U001076,신용카드,식음료,29077.0,서울,30대,성공
2024-06-09 11:01:00,U002529,신용카드,기타,26877.0,경기,30대,성공
2024/03/13 22:35,U000865,체크카드,식음료,21169.0,인천,50대,성공
2024-05-27 13:32:00,U000479,체크카드,교육,129445.0,서울,50대,성공
2024-12-13 22:29:00,U002720,체크카드,기타,51270.0,경기,,성공
2024-11-25 19:17:00,U003462,체크카드,교통,759.0,경기,30대,성공
2024-07-21 21:23:00,U003937,계좌이체,문화/여가,41276.0,경기,20대,성공
2024-06-26 20:15:00,U003060,신용카드,식음료,7704.0,제주,,성공
2024-12-27 11:49:00,U000234,포인트결제,쇼핑,148469.0,서울,30대,성공
2024-07-20 02:47:00,U001104,계좌이체,식음료,34580.0,경기,30대,성공
2024/03/19 18:30,U002341,포인트결제,교통,4982.0,서울,50대,실패
2024-12-06 07:34:00,U003583,신용카드,식음료,24764.0,대전,20대,성공
2024-12-18 22:08:00,U003844,포인트결제,의료,53346.0,광주,30대,성공
2024-05-26 09:50:00,U001148,포인트결제,쇼핑,103394.0,경남,50대,성공
2024/06/13 12:54,U001611,신용카드,쇼핑,33517.0,서울,40대,성공
2024/05/15 15:49,U001246,체크카드,여행,142640.0,서울,10대,성공
2024-09-17 14:48:00,U002351,계좌이체,식음료,15397.0,충남,30대,성공
2024/03/05 10:53,U000377, 신용카드 ,식음료,17711.0,충남,30대,성공
2024-03-29 10:23:00,U000204,신용카드,교통,1474.0,충북,,성공
2024-01-29 20:51:00,U000866,포인트결제,교통,1139.0,부산,30대,성공
2024-06-05 12:57:00,U000217,신용카드,공과금,88084.0,서울,30대,취소
2024-07-21 11:20:00,U001957,계좌이체,교통,2955.0,서울,20대,성공
2024-05-19 12:37:00,U003268,포인트결제,식음료,15679.0,경북,30대,실패
2024-07-29 22:23:00,U001232,계좌이체,기타,5779.0,경기,20대,성공
2024-12-01 11:02:00,U001129,계좌이체,쇼핑,25231.0,서울,50대,성공
2024-07-02 23:05:00,U003146,계좌이체,쇼핑,111750.0,경남,30대,성공
2024-09-03 15:34:00,U000576,신용카드,의료,48032.0,경기,20대,성공
2024/01/06 02:54,U002585,체크카드,교통,7147.0,경기,30대,성공
2024/01/23 06:14,U003144,계좌이체,쇼핑,114315.0,경기,30대,성공
2024-11-14 11:17:00,U001797, 신용카드 ,쇼핑,109408.0,경남,60대 이상,성공
2024-02-13 19:53:00,U000580,신용카드,문화/여가,9714.0,,30대,성공
2024-08-28 16:18:00,U003057,신용카드,쇼핑,41206.0,서울,50대,성공
2024/03/22 02:11,U001145,신용카드,식음료,36550.0,서울,40대,성공
2024/10/03 22:31,U002864,신용카드,쇼핑,10950.0,충남,30대,성공
2024-06-11 11:30:00,U001485,,교육,118124.0,경기,20대,성공
2024-04-05 14:36:00,U000302,체크카드,교통,3393.0,대구,30대,성공
2024-09-22 07:33:00,U002485,포인트결제,쇼핑,7180.0,경기,,성공
2024/11/05 11:14,U000132,계좌이체,식음료,45609.0,경남,30대,성공
2024-10-13 10:40:00,U000834,신용카드,교육,32580.0,경남,20대,실패
2024-05-02 12:32:00,U001705,계좌이체,공과금,65042.0,경기,40대,성공
2024-03-20 18:12:00,U003848,신용카드,여행,169091.0,경기,40대,성공
2024-10-17 17:08:00,U001468,계좌이체,식음료,19532.0,서울,30대,성공
2024-12-01 05:06:00,U002645, 신용카드 ,쇼핑,45658.0,경기,50대,성공
2024-03-05 16:00:00,U000304,신용카드,식음료,19849.0,경기,20대,성공
2024-02-08 20:55:00,U002096,체크카드,교통,2769.0,대전,40대,성공
2024-08-30 11:05:00,U002417, 신용카드 ,기타,14798.0,충남,20대,성공
2024-05-16 20:27:00,U000514,휴대폰결제,문화/여가,45980.0,경기,20대,성공
2024-09-17 07:29:00,U001277, 신용카드 ,쇼핑,53083.0,경기,50대,성공
2024-11-20 21:37:00,U000904,포인트결제,문화/여가,13051.0,서울,,성공
2024/01/13 09:27,U003257,신용카드,쇼핑,23544.0,광주,20대,성공
2024-05-24 22:51:00,U003725,체크카드,식음료,29374.0,서울,50대,실패
2024/06/10 13:28,U000093,신용카드,기타,40340.0,경기,30대,성공
2024-03-16 13:18:00,U000456,신용카드,교통,919.0,경기,20대,성공
2024-06-13 14:13:00,U003474,휴대폰결제,쇼핑,126661.0,서울,20대,성공
2024-07-03 19:58:00,U002354,포인트결제,교통,3500.0,서울,40대,성공
2024-03-12 22:21:00,U001353,신용카드,문화/여가,34554.0,강원,40대,성공
2024/05/09 12:18,U000265, 신용카드 ,교통,6285.0,부산,,성공
2024-03-14 09:35:00,U003568, 신용카드 ,문화/여가,32927.0,경기,30대,성공
2024-03-05 12:47:00,U002153,신용카드,공과금,51911.0,서울,10대,성공
2024-07-09 18:08:00,U001972,신용카드,교육,52213.0,대구,50대,성공
2024-11-06 15:34:00,U000651,체크카드,기타,9235.0,경기,20대,성공
2024-09-26 09:00:00,U003836,계좌이체,의료,79180.0,광주,30대,실패
2024-03-10 21:16:00,U002750,신용카드,기타,9825.0,울산,20대,성공
2024-07-20 10:15:00,U003360,포인트결제,식음료,8654.0,경기,40대,성공
2024-11-06 08:58:00,U002626,,식음료,28299.0,경기,30대,성공
2024-09-20 22:26:00,U001332, 신용카드 ,공과금,190232.0,광주,20대,성공
2024/01/21 18:50,U002280,신용카드,쇼핑,61150.0,대구,30대,성공
2024-11-10 09:53:00,U002343,신용카드,교통,5136.0,서울,30대,성공
2024-06-11 14:29:00,U003713,신용카드,교통,3343.0,전남,30대,성공
2024-08-01 14:21:00,U003150,휴대폰결제,식음료,2807.0,서울,,성공
2024-04-18 12:23:00,U000248,계좌이체,식음료,35832.0,서울,40대,취소
2024-06-19 06:39:00,U003112,신용카드,의료,36684.0,경남,50대,성공
2024-09-18 08:16:00,U000737,신용카드,교통,4176.0,경기,40대,성공
2024-05-12 12:07:00,U003302,신용카드,기타,25364.0,충남,20대,성공
2024-11-08 13:41:00,U001214,신용카드,쇼핑,51375.0,서울,30대,성공
2024-07-25 09:16:00,U000976,신용카드,쇼핑,90369.0,경기,10대,성공
2024-02-28 21:11:00,U000431,체크카드,쇼핑,63287.0,전남,30대,성공
2024-08-17 13:39:00,U000134,신용카드,식음료,35546.0,,,성공
2024-02-26 19:00:00,U000820,신용카드,쇼핑,179002.0,부산,20대,성공
2024-04-14 12:20:00,U002668,신용카드,식음료,4561.0,서울,20대,성공
2024-05-04 08:53:00,U003144,포인트결제,공과금,17720.0,서울,20대,성공
2024-01-13 09:06:00,U000082,체크카드,쇼핑,16606.0,서울,40대,성공
2024-12-02 20:53:00,U002634,체크카드,식음료,8730.0,부산,40대,성공
2024-10-08 12:14:00,U001732, 신용카드 ,쇼핑,27816.0,서울,30대,성공
2024-05-02 16:42:00,U002871,,기타,19251.0,경북,40대,성공
2024-08-28 22:04:00,U003496,포인트결제,기타,9860.0,경기,30대,성공
2024-01-24 19:25:00,U000824,신용카드,쇼핑,12722.0,제주,30대,성공
2024-12-30 21:44:00,U000245,체크카드,쇼핑,83324.0,서울,60대 이상,취소
2024-06-20 14:31:00,U003804,신용카드,문화/여가,41447.0,부산,60대 이상,성공
2024-05-13 07:47:00,U000665,계좌이체,식음료,57577.0,제주,30대,성공
2024-07-26 19:54:00,U001127,신용카드,교통,2569.0,경기,20대,성공
2024-08-01 10:14:00,U000746,신용카드,기타,,부산,30대,성공
2024/06/20 22:31,U002556,신용카드,기타,4480.0,,40대,성공
2024-10-07 19:00:00,U002955,체크카드,교육,79989.0,서울,30대,실패
2024-01-22 21:11:00,U001099,신용카드,쇼핑,36081.0,제주,,성공
2024-03-06 12:05:00,U002111,신용카드,식음료,3257.0,경기,20대,성공
2024-10-14 13:11:00,U000020,계좌이체,교통,3913.0,경기,50대,성공
2024-06-07 12:04:00,U002367,체크카드,쇼핑,32640.0,서울,20대,성공
2024/01/20 19:38,U003446,휴대폰결제,교육,181445.0,인천,20대,성공
2024-05-04 01:19:00,U002153,신용카드,식음료,41050.0,제주,20대,성공
2024-07-01 14:51:00,U000542,신용카드,식음료,10328.0,서울,,성공
2024-12-29 20:57:00,U000691,신용카드,교통,579.0,경기,30대,성공
2024-07-14 20:37:00,U003263,휴대폰결제,문화/여가,45043.0,인천,10대,성공
2024/03/22 13:14,U003223,체크카드,여행,116044.0,서울,10대,성공
2024-07-23 12:30:00,U000272,체크카드,의료,45384.0,경기,40대,취소
2024-05-04 22:43:00,U002327,신용카드,교통,,서울,40대,성공
2024-10-23 17:26:00,U000950, 신용카드 ,기타,5629.0,서울,20대,성공
2024-04-21 22:10:00,U001283,휴대폰결제,여행,390450.0,서울,20대,성공
2024-09-27 01:51:00,U001186,휴대폰결제,쇼핑,5275.0,서울,30대,성공
2024-01-21 22:12:00,U002040,계좌이체,식음료,5011.0,서울,20대,성공
2024-05-08 18:06:00,U003096,신용카드,공과금,52343.0,부산,50대,성공
2024-01-30 19:27:00,U003382,신용카드,쇼핑,62397.0,경기,20대,성공
2024-07-02 03:35:00,U000345,신용카드,교통,3277.0,서울,30대,성공
2024-06-13 11:20:00,U002594,휴대폰결제,공과금,65973.0,서울,30대,성공
2024-11-15 17:43:00,U002515, 신용카드 ,공과금,138003.0,경기,40대,성공
2024-06-29 20:11:00,U003487,휴대폰결제,식음료,6467.0,서울,30대,성공
2024-03-15 14:16:00,U002562,계좌이체,쇼핑,101948.0,경기,30대,성공
2024-09-30 13:41:00,U003997,,쇼핑,49229.0,인천,40대,성공
2024-04-25 09:20:00,U003923,계좌이체,쇼핑,46493.0,충남,40대,성공
2024-01-01 14:57:00,U000398,계좌이체,쇼핑,69658.0,서울,30대,성공
2024-01-07 12:29:00,U003141,신용카드,의료,21270.0,경기,40대,성공
2024/03/09 12:02,U003297,체크카드,쇼핑,2356.0,울산,40대,성공
2024-06-02 10:22:00,U002243,포인트결제,문화/여가,147673.0,경기,40대,성공
2024-07-23 16:21:00,U002554,신용카드,교육,68089.0,경기,20대,성공
2024-02-16 23:03:00,U000367,신용카드,식음료,33151.0,전북,50대,성공
2024/05/28 19:23,U000605,신용카드,쇼핑,85874.0,서울,30대,성공
2024-04-11 18:41:00,U002092,신용카드,기타,39700.0,서울,20대,성공
2024/09/09 18:07,U000101,신용카드,공과금,112531.0,서울,20대,성공
2024-01-24 10:19:00,U003617,체크카드,교통,1470.0,경북,30대,성공
2024-01-21 09:28:00,U003458,계좌이체,쇼핑,56113.0,경기,,성공
2024/09/30 17:43,U003735,휴대폰결제,여행,429774.0,전북,50대,성공
2024-01-06 15:32:00,U001592,포인트결제,기타,7685.0,경기,40대,성공
2024-06-19 11:20:00,U001992,신용카드,기타,19423.0,서울,20대,성공
2024-03-29 22:47:00,U001241,체크카드,의료,34142.0,서울,50대,성공
2024-08-28 18:37:00,U001534,신용카드,식음료,5648.0,서울,30대,실패
2024-07-08 20:09:00,U003907,계좌이체,문화/여가,7639.0,서울,60대 이상,성공
2024-02-06 13:28:00,U002453,포인트결제,교통,4131.0,인천,30대,성공
2024-10-30 06:17:00,U002226,체크카드,교육,,경북,40대,성공
2024/04/24 08:41,U000942,체크카드,공과금,25530.0,전북,20대,성공
2024-05-13 09:16:00,U002162,체크카드,쇼핑,53817.0,제주,20대,성공
2024-05-02 23:10:00,U000722,,식음료,12900.0,경기,60대 이상,성공
2024-08-25 17:35:00,U000177,신용카드,기타,35003.0,인천,30대,성공
2024-12-07 10:34:00,U002688,체크카드,교통,-1862.0,전남,30대,성공
2024-02-15 15:53:00,U001610,,쇼핑,24583.0,경기,,성공
2024-10-02 21:47:00,U002456,,교통,500.0,부산,,성공
2024-07-25 09:46:00,U001040,신용카드,식음료,29853.0,서울,30대,성공
2024-05-04 18:39:00,U001940,체크카드,교육,225519.0,경남,30대,성공
2024-08-01 21:54:00,U001541,신용카드,의료,15208.0,인천,30대,성공
2024-12-26 20:45:00,U002125,포인트결제,교통,3712.0,경남,40대,성공
2024-10-16 10:40:00,U001725,포인트결제,문화/여가,61137.0,인천,40대,성공
2024-11-22 22:20:00,U000530,신용카드,교육,88064.0,대전,10대,취소
2024-04-07 19:21:00,U002181,체크카드,교통,1939.0,강원,40대,성공
2024-09-28 17:26:00,U000711,체크카드,의료,55268.0,부산,20대,성공
2024/09/07 09:22,U000418,체크카드,쇼핑,25808.0,울산,40대,성공
2024-10-23 17:26:00,U003595,휴대폰결제,교통,3387.0,경북,30대,성공
2024-04-05 13:44:00,U002761,신용카드,문화/여가,30902.0,전남,40대,성공
2024-07-01 17:52:00,U000440,휴대폰결제,문화/여가,70896.0,경기,60대 이상,성공
2024-10-15 19:34:00,U000573,계좌이체,공과금,100486.0,인천,30대,성공
2024-05-01 06:19:00,U001905,신용카드,교육,,,50대,성공
2024-08-29 19:08:00,U001618,계좌이체,식음료,22369.0,광주,20대,성공
2024-05-03 13:13:00,U003207,신용카드,문화/여가,23882.0,경기,10대,성공
2024-04-14 19:50:00,U001979,신용카드,여행,184108.0,광주,30대,성공
2024-05-10 06:43:00,U002442,포인트결제,교통,3323.0,서울,30대,성공
2024-02-06 12:29:00,U001564,체크카드,쇼핑,27370.0,인천,20대,성공
2024-09-04 04:15:00,U001927,체크카드,공과금,86608.0,인천,60대 이상,성공
2024-05-16 19:09:00,U001247,휴대폰결제,교통,3690.0,경기,60대 이상,성공
2024-06-14 12:55:00,U001008,계좌이체,의료,73046.0,경기,20대,성공
2024-05-10 09:04:00,U000631,포인트결제,쇼핑,66468.0,서울,40대,성공
2024/05/17 22:45,U001608,신용카드,쇼핑,67844.0,인천,40대,성공
2024-01-09 14:56:00,U001816,계좌이체,식음료,13307.0,경기,20대,성공
2024-02-27 12:58:00,U001676,신용카드,의료,11650.0,전북,30대,성공
2024/07/25 10:49,U002743,체크카드,문화/여가,19467.0,경기,20대,성공
2024-01-03 14:47:00,U002213,체크카드,의료,16281.0,강원,20대,성공
2024-12-16 19:21:00,U001886,계좌이체,교통,1810.0,부산,60대 이상,성공
2024-12-02 06:39:00,U000458,계좌이체,식음료,6331.0,전남,20대,성공
2024/07/03 18:08,U002939,포인트결제,의료,19464.0,제주,,성공
2024/11/15 21:28,U000470,신용카드,여행,399351.0,서울,30대,성공
2024-04-20 18:06:00,U000429,신용카드,기타,38872.0,경기,40대,성공
2024-12-24 20:36:00,U001823,신용카드,교통,6191.0,경기,30대,성공
2024-06-02 12:57:00,U003133,포인트결제,쇼핑,67282.0,강원,30대,성공
2024-05-26 19:58:00,U000343, 신용카드 ,식음료,11658.0,인천,30대,성공
2024-09-10 18:31:00,U001395,계좌이체,식음료,18038.0,광주,50대,성공
2024-06-13 20:05:00,U000751,신용카드,쇼핑,73196.0,서울,,성공
2024-10-05 10:44:00,U000525,체크카드,쇼핑,37533.0,경남,30대,성공
2024-08-03 17:34:00,U003864,,식음료,17972.0,서울,50대,성공
2024/05/02 18:43,U003928,신용카드,여행,114604.0,서울,30대,성공
2024-08-09 22:56:00,U001072,신용카드,교육,50958.0,서울,40대,성공
2024-08-04 21:51:00,U003659,신용카드,식음료,16628.0,경기,20대,성공
2024-06-30 11:50:00,U003265,신용카드,교통,1395.0,경기,60대 이상,성공
2024-05-11 23:49:00,U001298,체크카드,식음료,20545.0,경기,20대,성공
2024-10-04 19:09:00,U002357,휴대폰결제,여행,73569.0,서울,30대,성공
2024-04-21 10:18:00,U001290,,쇼핑,37043.0,경기,30대,성공
2024-09-01 22:15:00,U003295,계좌이체,식음료,38146.0,서울,40대,성공
2024/08/12 08:48,U001828,체크카드,쇼핑,16375.0,전남,20대,성공
2024-09-30 13:14:00,U003230,신용카드,쇼핑,55864.0,서울,20대,성공
2024/01/03 15:10,U000172,계좌이체,쇼핑,7598.0,경기,20대,성공
2024-11-01 22:01:00,U000865,휴대폰결제,쇼핑,27386.0,경기,20대,성공
2024/02/13 09:53,U003779,신용카드,문화/여가,19258.0,대구,50대,성공
2024/03/21 12:51,U000929,체크카드,공과금,86934.0,서울,50대,성공
2024-04-29 18:37:00,U000835,계좌이체,식음료,14797.0,제주,60대 이상,성공
2024-01-01 20:03:00,U000429,계좌이체,의료,97339.0,경북,20대,성공
2024-01-02 16:40:00,U000362,신용카드,기타,67593.0,경북,50대,성공
2024-07-05 18:34:00,U000184,계좌이체,문화/여가,32930.0,서울,50대,성공
2024-01-08 00:50:00,U001402,체크카드,의료,146008.0,충남,20대,성공
2024-06-28 20:05:00,U000596,신용카드,식음료,26412.0,대구,30대,성공
2024-09-18 17:43:00,U001815,신용카드,교육,187786.0,경기,30대,성공
2024/06/16 21:18,U000338,휴대폰결제,쇼핑,21520.0,전남,40대,성공
2024-10-21 11:57:00,U001558,체크카드,식음료,19752.0,대구,60대 이상,성공
2024-07-20 22:11:00,U003685,포인트결제,문화/여가,28595.0,광주,30대,성공
2024-01-08 19:56:00,U002762,체크카드,쇼핑,66090.0,서울,30대,실패
2024-04-22 14:54:00,U001038,체크카드,식음료,15273.0,세종,30대,성공
2024-03-15 16:13:00,U001000,계좌이체,쇼핑,40699.0,세종,30대,성공
2024-06-18 06:46:00,U000893,신용카드,문화/여가,29308.0,경기,20대,성공
2024-06-27 01:19:00,U002202,신용카드,문화/여가,47379.0,대전,20대,실패
2024/11/22 16:44,U001311,신용카드,여행,178913.0,경기,40대,성공
2024-06-27 12:58:00,U003235,휴대폰결제,교육,,대구,30대,성공
2024-04-02 15:54:00,U003926,계좌이체,쇼핑,48991.0,인천,30대,성공
2024-07-04 09:24:00,U001773,계좌이체,공과금,78817.0,경기,20대,성공
2024-08-03 15:19:00,U003406,체크카드,쇼핑,24012.0,전남,30대,성공
2024-10-12 19:14:00,U003768,신용카드,교통,3100.0,서울,40대,성공
2024-05-19 19:28:00,U002758,체크카드,교통,517.0,부산,50대,성공
2024-11-03 17:32:00,U002329,계좌이체,교통,2246.0,경남,10대,성공
2024-03-10 17:13:00,U000471, 신용카드 ,여행,227683.0,,50대,성공
2024-03-09 12:55:00,U002594,계좌이체,식음료,19347.0,서울,10대,성공
2024-04-06 20:04:00,U002556,,쇼핑,52661.0,부산,30대,성공
2024/10/18 08:27,U000985,포인트결제,교통,2892.0,경기,40대,성공
2024-10-03 11:18:00,U002048,신용카드,쇼핑,,서울,50대,성공
2024-06-05 15:27:00,U002719,휴대폰결제,교통,5312.0,경기,30대,성공
2024-11-26 19:17:00,U002900,신용카드,교통,3443.0,대구,30대,성공
2024-07-02 16:51:00,U003344,신용카드,기타,5244.0,경기,40대,성공
2024-10-29 21:50:00,U003886,신용카드,식음료,11012.0,서울,20대,성공
2024-04-29 19:17:00,U002127,신용카드,교통,1553.0,서울,40대,성공
2024/07/31 01:54,U000583,신용카드,문화/여가,114086.0,,20대,성공
2024-02-19 03:16:00,U000210,신용카드,쇼핑,49691.0,서울,30대,성공
2024-05-01 19:16:00,U001729,계좌이체,식음료,13834.0,서울,50대,성공
2024-11-28 21:29:00,U000887,체크카드,문화/여가,2505.0,서울,20대,성공
2024-11-03 14:10:00,U003689,포인트결제,교통,5606.0,서울,30대,성공
2024-01-22 11:03:00,U003095,신용카드,여행,67272.0,경기,40대,성공
2024-05-25 14:16:00,U003595,휴대폰결제,교육,135499.0,경기,30대,성공
2024-10-08 11:34:00,U002308,체크카드,쇼핑,24518.0,,50대,성공
2024-06-18 21:14:00,U001325,신용카드,교통,3959.0,서울,20대,성공
2024-04-07 16:46:00,U002460,신용카드,교통,,대구,20대,성공
2024-05-07 01:47:00,U000489,신용카드,공과금,126929.0,경기,30대,성공
2024-02-20 11:32:00,U002586,체크카드,문화/여가,3538.0,,20대,성공
2024-07-14 16:16:00,U002594,신용카드,기타,20129.0,충남,50대,성공
2024/06/18 14:20,U001880,포인트결제,식음료,28167.0,서울,20대,실패
2024-05-07 21:09:00,U000272,포인트결제,문화/여가,23277.0,서울,30대,취소
2024/08/16 11:03,U001338,신용카드,식음료,42409.0,부산,20대,성공
2024-11-23 21:46:00,U002023,체크카드,쇼핑,10572.0,부산,20대,성공
2024-07-07 19:17:00,U003048,체크카드,문화/여가,64396.0,서울,40대,성공
2024/10/12 01:03,U003276,신용카드,교통,1759.0,전남,40대,성공
2024-08-04 20:01:00,U001610,포인트결제,의료,10579.0,인천,40대,성공
2024-01-28 13:03:00,U001197,계좌이체,식음료,50061.0,울산,40대,성공
2024/02/27 20:08,U000100,계좌이체,식음료,12736.0,경기,20대,성공
2024-01-09 18:42:00,U000890,체크카드,식음료,1857.0,경기,30대,성공
2024-10-06 15:38:00,U003175,체크카드,문화/여가,15360.0,경기,30대,성공
2024/11/10 19:35,U003112,체크카드,쇼핑,88451.0,경기,20대,실패
2024-05-19 16:57:00,U002986,신용카드,식음료,8398.0,서울,20대,성공
2024-10-27 06:22:00,U003669,체크카드,의료,23973.0,서울,,성공
2024-06-06 18:58:00,U001000,포인트결제,문화/여가,45170.0,경기,60대 이상,실패
2024-09-21 18:05:00,U001362,체크카드,문화/여가,51742.0,서울,40대,성공
2024-01-21 01:06:00,U000029,체크카드,공과금,126726.0,서울,30대,성공
2024-03-31 18:36:00,U002085,신용카드,교통,1560.0,부산,30대,성공
2024-01-02 17:51:00,U003609,포인트결제,식음료,42033.0,충남,20대,성공
2024-02-04 18:19:00,U003642,신용카드,기타,7289.0,서울,20대,성공
2024-07-03 13:17:00,U000812, 신용카드 ,식음료,8624.0,울산,40대,성공
2024/06/03 20:38,U003119,신용카드,기타,3566.0,대전,40대,성공
2024-03-23 10:11:00,U001593,계좌이체,식음료,7723.0,대구,40대,성공
2024-11-17 10:19:00,U002558,신용카드,쇼핑,92267.0,서울,10대,성공
2024/06/25 16:46,U003639,신용카드,공과금,44508.0,경남,30대,성공
2024-02-28 15:11:00,U001841,휴대폰결제,교육,82401.0,,40대,성공
2024-02-18 18:30:00,U000115,계좌이체,의료,92893.0,경기,60대 이상,성공
2024-07-30 14:05:00,U003930,신용카드,문화/여가,10700.0,서울,10대,성공
2024-08-05 09:17:00,U003257,체크카드,식음료,3080.0,강원,50대,성공
2024-05-02 19:10:00,U001089,체크카드,식음료,10732.0,세종,10대,성공
2024/04/18 18:24,U000534,계좌이체,쇼핑,47279.0,서울,30대,성공
2024-01-28 19:44:00,U001140,휴대폰결제,여행,233351.0,경기,30대,성공
2024-04-27 17:00:00,U002427,체크카드,교통,2963.0,인천,20대,성공
2024/07/20 21:00,U001769,포인트결제,식음료,10651.0,경기,30대,성공
2024-02-21 16:01:00,U000296,신용카드,교육,201989.0,,30대,성공
2024/11/26 20:45,U001994,포인트결제,식음료,1353.0,인천,20대,성공
2024-10-31 18:48:00,U001712,휴대폰결제,교육,85956.0,서울,20대,성공
2024-04-05 11:48:00,U000265,계좌이체,의료,34850.0,경기,30대,성공
2024/09/03 18:58,U003938,체크카드,기타,35780.0,서울,30대,실패
2024-07-04 15:39:00,U003526,체크카드,식음료,13178.0,충북,40대,성공
2024/08/24 21:48,U001954,체크카드,문화/여가,11225.0,서울,40대,성공
2024-05-20 20:21:00,U000777,신용카드,문화/여가,33353.0,경기,,성공
2024-12-11 20:40:00,U003583,계좌이체,공과금,37728.0,인천,40대,성공
2024-01-22 06:19:00,U002500,체크카드,교육,151733.0,경남,,성공
2024-06-13 20:21:00,U000553,신용카드,쇼핑,4098.0,경북,60대 이상,성공
2024-12-08 10:39:00,U000078,휴대폰결제,기타,25266.0,울산,40대,성공
2024-03-25 21:54:00,U000890,휴대폰결제,식음료,37200.0,대전,60대 이상,성공
2024-01-25 23:43:00,U003479,포인트결제,쇼핑,31308.0,서울,20대,취소
2024-02-24 12:27:00,U003501,신용카드,문화/여가,58523.0,경기,30대,성공
2024-10-23 16:55:00,U003370,휴대폰결제,교통,5722.0,경기,20대,성공
2024-07-03 22:16:00,U001647,체크카드,식음료,36443.0,광주,40대,실패
2024/09/10 06:35,U002106,신용카드,쇼핑,39923.0,서울,40대,성공
2024-10-22 11:06:00,U003580, 신용카드 ,식음료,19038.0,서울,40대,취소
2024-11-21 10:46:00,U000155,휴대폰결제,의료,26492.0,인천,30대,성공
2024-03-11 11:29:00,U003373, 신용카드 ,의료,60143.0,충북,50대,성공
2024-06-08 22:45:00,U000752,체크카드,교육,195831.0,대구,50대,성공
2024-12-14 20:23:00,U001002,신용카드,쇼핑,18716.0,서울,10대,성공
2024-08-05 11:21:00,U002627,포인트결제,문화/여가,27128.0,부산,40대,취소
2024/11/02 11:42,U000644,신용카드,식음료,10297.0,광주,20대,성공
2024-10-18 04:13:00,U000298,신용카드,기타,33314.0,,30대,성공
2024/08/24 22:49,U000626,체크카드,문화/여가,22693.0,인천,20대,성공
2024-04-19 18:31:00,U000846,신용카드,의료,22278.0,전남,20대,성공
2024-01-25 10:26:00,U003499,신용카드,의료,57004.0,충남,60대 이상,성공
2024-01-19 20:46:00,U001907,체크카드,공과금,155449.0,부산,20대,성공
2024/01/12 12:00,U001319, 신용카드 ,쇼핑,,경기,20대,성공
2024-05-12 10:08:00,U000965,신용카드,의료,69467.0,경기,30대,성공
2024/07/18 12:24,U003143,신용카드,문화/여가,29413.0,대전,40대,성공
2024-04-20 13:40:00,U001406,체크카드,교통,5820.0,경기,40대,성공
2024-04-18 09:54:00,U003101,신용카드,쇼핑,107760.0,부산,20대,성공
2024-06-15 19:56:00,U002847,신용카드,쇼핑,78758.0,대전,30대,성공
2024-10-12 15:14:00,U001772,신용카드,식음료,6570.0,서울,50대,성공
2024/03/06 18:24,U000731,신용카드,문화/여가,26510.0,충남,30대,성공
2024-04-24 21:22:00,U002458,계좌이체,여행,188425.0,충남,10대,성공
2024-03-01 09:49:00,U001020,포인트결제,식음료,22587.0,서울,60대 이상,성공
2024/10/30 00:30,U000594, 신용카드 ,교육,,경기,40대,성공
2024-05-12 19:47:00,U002660,신용카드,문화/여가,43711.0,대구,,성공
2024-12-06 07:19:00,U003517,신용카드,의료,35685.0,대구,30대,실패
2024-01-27 12:05:00,U002954,신용카드,기타,42253.0,서울,40대,성공
2024-07-08 12:14:00,U000346,포인트결제,쇼핑,73339.0,경기,30대,성공
2024-11-06 10:39:00,U002942,계좌이체,쇼핑,78120.0,서울,60대 이상,성공
2024/04/22 15:53,U000571, 신용카드 ,의료,22533.0,경남,20대,성공
2024-09-26 06:55:00,U003391,신용카드,식음료,22532.0,경기,20대,성공
2024-04-21 10:57:00,U000452,체크카드,교통,1787.0,부산,,성공
2024-08-10 16:13:00,U002404,계좌이체,교통,548.0,인천,50대,실패
2024-04-19 14:27:00,U003896,신용카드,의료,73779.0,제주,,성공
2024-04-27 13:46:00,U001715,신용카드,기타,33789.0,인천,30대,성공
2024-03-02 19:57:00,U002982,포인트결제,문화/여가,35596.0,서울,40대,실패
2024-08-31 15:27:00,U000052,계좌이체,교육,41478.0,서울,40대,성공
2024-03-13 11:55:00,U000099,포인트결제,문화/여가,8652.0,경남,20대,성공
2024-12-11 20:17:00,U002535, 신용카드 ,여행,182039.0,,60대 이상,성공
2024-03-07 07:29:00,U002222,휴대폰결제,식음료,37332.0,전남,30대,성공
2024-04-17 15:54:00,U000774, 신용카드 ,식음료,20288.0,울산,20대,성공
2024-05-14 08:09:00,U003322,체크카드,식음료,15726.0,부산,30대,성공
2024-02-17 19:20:00,U001305,계좌이체,식음료,10656.0,서울,50대,성공
2024/02/22 19:02,U000692,체크카드,식음료,7876.0,경기,20대,성공
2024-02-14 13:56:00,U003673,체크카드,문화/여가,9226.0,서울,50대,성공
2024-01-24 17:28:00,U001112,계좌이체,식음료,16952.0,경기,30대,성공
2024/04/06 18:11,U002914,체크카드,공과금,80068.0,경기,40대,성공
2024-08-02 22:03:00,U001667,신용카드,식음료,32295.0,대구,30대,성공
2024-12-18 19:45:00,U000589,체크카드,쇼핑,34549.0,대구,30대,성공
2024-02-09 08:25:00,U001467,체크카드,교통,4131.0,부산,20대,성공
2024-04-02 16:47:00,U001327,포인트결제,교통,2804.0,경기,20대,성공
2024-05-12 06:48:00,U000570,체크카드,문화/여가,55232.0,서울,40대,성공
2024-12-17 13:07:00,U003172,신용카드,쇼핑,52295.0,서울,40대,성공
2024-07-22 13:54:00,U003661, 신용카드 ,교통,4872.0,경남,30대,성공
2024-09-19 07:41:00,U003849,신용카드,쇼핑,31880.0,서울,30대,성공
2024-06-18 17:29:00,U002068,신용카드,식음료,11343.0,서울,40대,성공
2024-04-26 08:31:00,U003590,신용카드,교육,26412.0,강원,30대,성공
2024/08/14 09:28,U002765,계좌이체,공과금,116662.0,전북,50대,성공
2024-03-19 23:21:00,U003579,신용카드,식음료,3067.0,경기,40대,실패
2024-01-01 20:03:00,U000611, 신용카드 ,식음료,11280.0,울산,30대,성공
2024-04-10 14:39:00,U003037,체크카드,의료,16171.0,대구,30대,성공
2024-06-07 17:33:00,U002248,신용카드,쇼핑,32971.0,경기,30대,성공
2024-01-03 14:05:00,U003720,신용카드,쇼핑,38104.0,대구,40대,성공
2024-04-03 22:43:00,U000468,휴대폰결제,식음료,7736.0,경기,20대,성공
2024-01-16 09:47:00,U000777,포인트결제,기타,20578.0,울산,30대,성공
2024-12-23 11:53:00,U002858,포인트결제,교통,2304.0,부산,,성공
2024-02-27 22:06:00,U002516,휴대폰결제,교통,1878.0,대전,30대,성공
2024/03/06 14:07,U002597,신용카드,쇼핑,108124.0,서울,10대,성공
2024-01-19 16:02:00,U003770,포인트결제,식음료,29477.0,경남,40대,성공
2024-12-23 16:45:00,U000654,포인트결제,의료,23672.0,,20대,성공
2024/09/20 16:38,U002103,계좌이체,쇼핑,21843.0,경기,20대,성공
2024-11-16 15:42:00,U000215,신용카드,공과금,29662.0,서울,30대,성공
2024/11/17 19:34,U002589,신용카드,식음료,4091.0,서울,,성공
2024-03-23 20:22:00,U001410,포인트결제,쇼핑,25059.0,서울,10대,실패
2024-02-27 09:56:00,U001715, 신용카드 ,식음료,16974.0,광주,30대,실패
2024-07-08 11:42:00,U000860,체크카드,쇼핑,40756.0,서울,30대,성공
2024-10-18 18:51:00,U001013,신용카드,기타,21008.0,부산,30대,성공
2024-05-10 13:22:00,U003521,체크카드,식음료,20551.0,서울,50대,실패
2024-07-23 08:53:00,U000528,체크카드,교통,1923.0,경기,50대,실패
2024-03-31 19:27:00,U001685,휴대폰결제,의료,,서울,50대,취소
2024-02-20 19:54:00,U000717,휴대폰결제,문화/여가,16215.0,경기,30대,성공
2024-06-21 14:35:00,U001532,휴대폰결제,의료,48896.0,서울,40대,성공
2024-05-10 09:48:00,U002020, 신용카드 ,식음료,4433.0,경기,30대,성공
2024-12-30 17:36:00,U003390,계좌이체,쇼핑,38852.0,서울,40대,성공
2024-01-18 14:42:00,U001826,신용카드,식음료,31188.0,서울,20대,성공
2024-03-19 15:42:00,U002818,계좌이체,쇼핑,182697.0,울산,20대,성공
2024-09-08 17:23:00,U001287,신용카드,식음료,31622.0,대전,20대,성공
2024-06-06 14:35:00,U003943,체크카드,공과금,140085.0,전남,30대,성공
2024/07/19 05:19,U000125,신용카드,교통,4661.0,경기,30대,성공
2024-10-18 20:18:00,U003733,계좌이체,쇼핑,84941.0,서울,20대,성공
2024-01-17 05:47:00,U003786,체크카드,식음료,,부산,20대,성공
2024-01-02 17:18:00,U000902,신용카드,의료,54683.0,서울,,성공
2024-02-13 13:49:00,U000797,신용카드,교통,5797.0,서울,20대,성공
2024-06-05 10:31:00,U003894,신용카드,식음료,9513.0,충남,30대,성공
2024-11-09 12:53:00,U001275,포인트결제,의료,83096.0,인천,20대,성공
2024-09-15 19:04:00,U001876,체크카드,교통,2850.0,부산,20대,성공
2024-11-05 20:27:00,U000259,계좌이체,교통,1080.0,경북,60대 이상,성공
2024-02-12 21:45:00,U001587,계좌이체,공과금,73765.0,부산,40대,성공
2024/02/11 09:36,U000971,계좌이체,쇼핑,96882.0,경기,60대 이상,성공
2024-06-08 15:07:00,U000008,신용카드,교육,55600.0,서울,20대,성공
2024-03-05 11:55:00,U002450,휴대폰결제,여행,359846.0,경남,,성공
2024-06-13 11:08:00,U000138,포인트결제,교육,184161.0,충북,20대,성공
2024-10-08 08:35:00,U003659,신용카드,공과금,65157.0,경기,40대,성공
2024-12-10 11:06:00,U002518,,교육,129965.0,서울,30대,성공
2024-06-18 09:49:00,U002985,휴대폰결제,교육,249437.0,서울,,성공
2024/12/03 09:23,U003952,계좌이체,문화/여가,59183.0,부산,30대,성공
2024-09-27 11:48:00,U001377,계좌이체,공과금,168577.0,경기,30대,성공
2024-11-21 19:25:00,U000124,체크카드,문화/여가,17331.0,경기,50대,성공
2024/01/17 16:19,U003460,체크카드,식음료,25260.0,서울,40대,성공
2024-02-23 09:38:00,U000509,체크카드,기타,5772.0,인천,30대,성공
2024/03/04 15:52,U001350,체크카드,문화/여가,15545.0,세종,10대,성공
2024-06-16 18:52:00,U003079,신용카드,교육,113010.0,대구,40대,성공
2024-04-06 11:28:00,U003382,,쇼핑,47771.0,,,성공
2024-12-15 11:55:00,U002230,신용카드,교통,4447.0,경기,20대,성공
2024/03/06 12:59,U002915,신용카드,쇼핑,42860.0,전북,20대,성공
2024-05-14 22:38:00,U001796,신용카드,쇼핑,60973.0,강원,10대,성공
2024-07-05 19:09:00,U001962,,기타,26497.0,인천,20대,성공
2024-08-17 14:35:00,U003061,체크카드,쇼핑,78538.0,세종,20대,성공
2024-11-26 16:08:00,U003459, 신용카드 ,문화/여가,70534.0,서울,10대,성공
2024-04-15 06:47:00,U003209,신용카드,식음료,7135.0,충남,40대,성공
2024-05-05 09:33:00,U002067,포인트결제,쇼핑,94157.0,광주,30대,성공
2024-10-18 16:19:00,U003859,신용카드,교통,4954.0,광주,50대,성공
2024-12-21 17:27:00,U002527,,식음료,31667.0,전북,20대,성공
2024-03-26 09:33:00,U001283,계좌이체,기타,43954.0,서울,60대 이상,성공
2024-10-04 20:24:00,U003456,체크카드,식음료,17249.0,서울,20대,성공
2024-04-22 15:24:00,U002712, 신용카드 ,공과금,151035.0,서울,20대,성공
2024-03-09 06:20:00,U003166,신용카드,쇼핑,28735.0,경기,20대,성공
2024-09-28 20:51:00,U001545,체크카드,기타,11834.0,부산,30대,성공
2024-09-02 12:11:00,U003504,,교통,2977.0,서울,40대,성공
2024/11/24 22:25,U003378,휴대폰결제,교육,66490.0,서울,40대,성공
2024/11/28 10:25,U000838,신용카드,의료,61592.0,경기,40대,성공
2024-02-23 02:39:00,U000651,신용카드,교통,3221.0,경기,50대,성공
2024-04-10 18:37:00,U003433,신용카드,문화/여가,8550.0,서울,10대,성공
2024-09-25 14:06:00,U000107,신용카드,식음료,7295.0,경기,30대,성공
2024-11-11 21:25:00,U003655,계좌이체,식음료,13072.0,대전,40대,성공
2024-07-16 13:31:00,U001329,신용카드,교육,130168.0,서울,20대,취소
2024/02/15 03:36,U001046,체크카드,교통,500.0,인천,30대,성공
2024/05/16 20:36,U003511,휴대폰결제,문화/여가,43199.0,,,성공
2024/07/20 20:24,U002386,신용카드,식음료,32641.0,경남,30대,성공
2024-08-03 16:06:00,U000659,신용카드,교통,525.0,인천,30대,성공
2024-06-09 17:46:00,U002060,계좌이체,공과금,78241.0,대구,30대,성공
2024-12-06 19:40:00,U001511, 신용카드 ,의료,18183.0,경기,,성공
2024-03-05 10:44:00,U000182,신용카드,교통,6913.0,경기,30대,성공
2024-05-30 20:19:00,U001208,체크카드,교육,111604.0,경남,10대,성공
2024-04-06 18:46:00,U002651,체크카드,쇼핑,87797.0,인천,20대,성공
2024-07-04 15:30:00,U002397,체크카드,식음료,24455.0,경기,50대,성공
2024-08-06 01:33:00,U001535,신용카드,교육,49019.0,서울,30대,실패
2024/10/10 13:10,U001377,신용카드,식음료,29994.0,경기,40대,성공
2024/07/09 03:41,U001713,신용카드,공과금,54367.0,대구,30대,성공
2024-12-28 18:34:00,U000225,포인트결제,식음료,14056.0,,20대,실패
2024-09-29 07:15:00,U001468,신용카드,교통,1269.0,충북,20대,성공
2024-06-13 21:06:00,U001991,체크카드,교육,281555.0,부산,20대,성공
2024-07-04 17:18:00,U003419,신용카드,기타,17210.0,경남,20대,성공
2024-11-15 09:12:00,U001672,계좌이체,여행,103998.0,,50대,성공
2024-05-21 18:18:00,U002320,계좌이체,공과금,58951.0,경기,50대,성공
2024-08-08 00:23:00,U001676,계좌이체,의료,42742.0,서울,20대,성공
2024-10-31 18:53:00,U000797,계좌이체,공과금,67918.0,대구,40대,성공
2024-09-23 17:22:00,U003954,체크카드,기타,75488.0,서울,30대,성공
2024/11/26 14:21,U003147,신용카드,공과금,118241.0,경북,40대,성공
2024-09-26 12:59:00,U003876,체크카드,문화/여가,28882.0,경기,30대,취소
2024-07-29 22:12:00,U002251,체크카드,여행,421209.0,서울,20대,성공
2024-05-07 15:14:00,U000033,신용카드,식음료,31959.0,경기,30대,성공
2024-09-13 11:54:00,U002971,신용카드,식음료,17817.0,서울,,성공
2024-02-25 23:34:00,U001449,신용카드,여행,48804.0,전남,30대,성공
2024-07-08 22:10:00,U001305,신용카드,문화/여가,15330.0,대구,20대,성공
2024-07-03 19:37:00,U000573,신용카드,교육,108424.0,부산,20대,성공
2024-07-12 09:02:00,U002579,체크카드,교육,305974.0,경기,60대 이상,성공
2024-09-15 07:15:00,U001311,신용카드,공과금,60049.0,강원,40대,성공
2024-11-11 11:19:00,U000838,계좌이체,식음료,13637.0,대전,40대,성공
2024-12-05 06:20:00,U001360,체크카드,쇼핑,29889.0,서울,60대 이상,성공
2024-05-10 17:08:00,U003455,체크카드,공과금,26760.0,경북,20대,성공
2024-09-08 19:26:00,U001855,신용카드,의료,24097.0,강원,60대 이상,성공
2024-10-26 09:25:00,U002246,신용카드,쇼핑,22305.0,대전,40대,성공
2024-05-25 20:39:00,U002412,체크카드,교통,7999.0,경기,20대,성공
2024-06-07 13:53:00,U002004,신용카드,식음료,12205.0,경기,10대,성공
2024-06-24 10:19:00,U003401,계좌이체,식음료,13597.0,대구,20대,성공
2024-05-04 12:43:00,U003665,계좌이체,문화/여가,11620.0,인천,20대,성공
2024-10-25 21:58:00,U001657,신용카드,교육,109821.0,경기,40대,성공
2024-05-30 11:47:00,U001310, 신용카드 ,문화/여가,89161.0,경기,50대,성공
2024-09-01 02:15:00,U003723,신용카드,의료,16706.0,서울,30대,성공
2024-10-07 21:47:00,U001799,포인트결제,식음료,,경기,50대,실패
2024-05-17 07:16:00,U000500, 신용카드 ,식음료,5739.0,강원,20대,성공
2024-04-02 13:32:00,U000625,계좌이체,의료,13125.0,강원,30대,성공
2024-01-11 20:25:00,U002024,계좌이체,쇼핑,29561.0,부산,20대,성공
2024-10-20 11:11:00,U001375,체크카드,식음료,16199.0,경기,30대,성공
2024-06-24 01:40:00,U001796,체크카드,교통,1321.0,서울,10대,성공
2024-03-19 23:51:00,U000141,신용카드,식음료,12781.0,대구,40대,성공
2024-04-29 18:59:00,U002629,신용카드,의료,65469.0,충남,30대,성공
2024-07-09 10:19:00,U001658,체크카드,공과금,96487.0,부산,40대,성공
2024-09-20 12:22:00,U002425,체크카드,교통,,서울,30대,성공
2024/02/24 02:24,U000390,계좌이체,식음료,18661.0,대구,20대,성공
2024-09-03 17:24:00,U001104,체크카드,쇼핑,78650.0,광주,50대,성공
2024/05/24 18:35,U000223,신용카드,의료,16867.0,서울,50대,성공
2024/06/12 18:09,U001912,체크카드,공과금,42105.0,,30대,성공
2024-03-25 12:04:00,U003208,신용카드,교통,6154.0,서울,40대,성공
2024-09-25 12:16:00,U003968,신용카드,쇼핑,5754.0,,30대,성공
2024-05-02 18:51:00,U002827,계좌이체,식음료,28991.0,인천,30대,실패
2024-12-22 20:16:00,U001564,계좌이체,문화/여가,9386.0,울산,30대,취소
2024/04/10 21:40,U000443,신용카드,문화/여가,70272.0,서울,40대,성공
2024/07/10 20:34,U000706,체크카드,쇼핑,26165.0,서울,30대,성공
2024-06-11 17:53:00,U000355,신용카드,식음료,13693.0,부산,40대,성공
2024-07-20 14:45:00,U003284,신용카드,쇼핑,11262.0,부산,30대,성공
2024-08-20 11:02:00,U003944,체크카드,식음료,28260.0,경기,40대,취소
2024-07-17 16:07:00,U003398,체크카드,문화/여가,29377.0,울산,40대,성공
2024-04-11 18:02:00,U003043,신용카드,공과금,85733.0,대구,40대,성공
2024/03/31 09:36,U002755,휴대폰결제,식음료,4506.0,인천,40대,성공
2024-06-06 14:32:00,U000763, 신용카드 ,의료,32812.0,경기,30대,성공
2024-11-07 22:59:00,U002188,계좌이체,쇼핑,64342.0,서울,30대,성공
2024/06/22 19:05,U002221,신용카드,쇼핑,16544.0,인천,40대,성공
2024-10-04 12:16:00,U003809,신용카드,공과금,31174.0,서울,30대,성공
2024-02-08 19:38:00,U002941,체크카드,식음료,7536.0,경기,,성공
2024-10-27 06:07:00,U003026,체크카드,기타,33972.0,경기,40대,성공
2024-04-18 09:36:00,U000974,계좌이체,식음료,23054.0,경남,20대,성공
2024-06-16 18:39:00,U003478,신용카드,의료,72552.0,세종,50대,성공
2024-12-25 19:51:00,U003281,계좌이체,교통,2568.0,경기,50대,성공
2024-01-05 18:23:00,U002390,포인트결제,식음료,30228.0,경기,10대,성공
2024-05-09 19:50:00,U002783,계좌이체,쇼핑,9911.0,충남,30대,성공
2024-01-22 11:43:00,U002012,신용카드,식음료,21394.0,경북,40대,취소
2024-05-18 17:12:00,U000108,체크카드,교통,627.0,경기,,성공
2024-07-20 05:53:00,U001626,신용카드,교통,,경기,20대,성공
2024-07-08 13:10:00,U000270,신용카드,쇼핑,28832.0,강원,30대,성공
2024-05-02 21:50:00,U001522,체크카드,식음료,14525.0,경기,,성공
2024-10-22 14:34:00,U003597,체크카드,문화/여가,22759.0,경북,30대,성공
2024-08-26 21:14:00,U001823,체크카드,여행,223303.0,경기,20대,성공
2024-12-05 12:42:00,U001691,신용카드,쇼핑,67876.0,,,성공
2024/10/16 22:15,U002366,휴대폰결제,식음료,15110.0,서울,20대,성공
2024-05-04 20:23:00,U002685,신용카드,쇼핑,37897.0,경기,20대,성공
2024-11-22 14:13:00,U002030,계좌이체,쇼핑,21154.0,울산,50대,실패
2024-11-24 21:37:00,U001172, 신용카드 ,교통,3310.0,제주,50대,성공
2024-08-24 10:06:00,U001839,계좌이체,쇼핑,3949.0,서울,50대,성공
2024-09-09 18:56:00,U003610,휴대폰결제,의료,13655.0,서울,30대,성공
2024/06/15 12:12,U000686,신용카드,식음료,4736.0,대전,40대,성공
2024-12-06 09:55:00,U000389,포인트결제,교육,200954.0,서울,20대,성공
2024-01-18 11:23:00,U001649,신용카드,교통,11475.0,대구,30대,성공
2024-06-08 11:13:00,U002128,계좌이체,기타,48814.0,부산,40대,성공
2024-10-22 16:21:00,U003050,체크카드,쇼핑,101829.0,경기,40대,성공
2024-05-24 23:16:00,U002856,포인트결제,교육,137316.0,경남,,성공
2024-07-31 15:02:00,U000461,체크카드,공과금,117987.0,경기,40대,성공
2024-05-27 16:56:00,U002020,휴대폰결제,쇼핑,50392.0,,30대,성공
2024-05-01 19:47:00,U000269,계좌이체,여행,628156.0,대전,30대,성공
2024-09-30 16:00:00,U001692,포인트결제,문화/여가,24724.0,서울,20대,성공
2024-03-17 07:10:00,U002812,신용카드,공과금,71751.0,인천,40대,성공
2024-07-26 11:08:00,U002172,휴대폰결제,쇼핑,74304.0,서울,,성공
2024-12-12 23:37:00,U002754,포인트결제,교통,5498.0,서울,20대,성공
2024-07-20 22:12:00,U001359, 신용카드 ,문화/여가,12878.0,부산,20대,성공
2024-11-23 01:55:00,U002487,계좌이체,공과금,89189.0,부산,60대 이상,성공
2024-12-18 00:51:00,U001989, 신용카드 ,쇼핑,59635.0,경기,,성공
2024-11-25 18:53:00,U002109,신용카드,쇼핑,29049.0,경기,30대,성공
2024-11-18 15:00:00,U001381,신용카드,공과금,184525.0,대구,20대,실패
2024-09-11 09:25:00,U002949,신용카드,식음료,47941.0,경기,50대,성공
2024-06-23 11:00:00,U002246,신용카드,의료,14787.0,경기,,성공
2024-11-10 15:54:00,U000739,휴대폰결제,공과금,117673.0,경기,50대,성공
2024-06-03 14:40:00,U000700,신용카드,의료,25785.0,전남,40대,성공
2024-08-10 10:17:00,U001052,신용카드,쇼핑,97091.0,경남,50대,성공
2024-07-01 18:24:00,U001092,신용카드,공과금,74552.0,경기,30대,성공
2024-11-28 02:17:00,U003678,체크카드,교육,162306.0,경기,20대,성공
2024-08-12 12:21:00,U000740,체크카드,여행,120631.0,서울,50대,성공
2024-10-16 11:54:00,U002453,계좌이체,의료,45595.0,경기,20대,성공
2024-06-26 12:53:00,U001981,신용카드,교통,1403.0,광주,40대,성공
2024-11-11 20:37:00,U002249,신용카드,문화/여가,29228.0,경기,50대,성공
2024-10-24 18:48:00,U000540,체크카드,식음료,4893.0,경기,30대,성공
2024-08-17 21:58:00,U003032,포인트결제,공과금,164355.0,서울,50대,성공
2024-09-13 01:00:00,U000571,계좌이체,의료,,서울,30대,성공
2024-09-20 00:21:00,U003565,신용카드,기타,33514.0,전북,40대,성공
2024-01-05 13:08:00,U000996,체크카드,여행,99025.0,서울,50대,취소
2024-05-07 10:28:00,U003163,포인트결제,쇼핑,33144.0,부산,30대,성공
2024-07-17 10:38:00,U002665,,여행,414583.0,경기,50대,성공
2024-02-05 01:14:00,U003639,신용카드,교육,128606.0,경기,20대,성공
2024-12-07 13:53:00,U002516,신용카드,교통,1247.0,서울,,성공
2024-04-10 12:17:00,U001892,계좌이체,문화/여가,5734.0,광주,40대,성공
2024/11/13 20:01,U002537,체크카드,쇼핑,47366.0,세종,20대,성공
2024-11-20 06:27:00,U001803,신용카드,문화/여가,35925.0,서울,30대,실패
2024/09/29 19:04,U003584,체크카드,쇼핑,62303.0,서울,30대,성공
2024-03-09 01:06:00,U003101,포인트결제,기타,10134.0,충북,20대,성공
2024-02-29 21:28:00,U000043,신용카드,문화/여가,10294.0,,20대,성공
2024-07-26 21:40:00,U003231,체크카드,교통,4515.0,서울,20대,성공
2024-06-12 07:31:00,U000410,신용카드,식음료,7172.0,경기,60대 이상,실패
2024-11-05 13:11:00,U000942,포인트결제,식음료,5859.0,부산,40대,성공
2024-06-22 11:44:00,U003057, 신용카드 ,교통,9682.0,경기,30대,성공
2024-03-18 04:30:00,U003836,계좌이체,공과금,157475.0,서울,50대,성공
2024-12-23 15:55:00,U000632, 신용카드 ,공과금,34329.0,,60대 이상,성공
2024-05-30 11:24:00,U003962,계좌이체,쇼핑,18935.0,경기,40대,성공
2024-03-11 16:15:00,U001869, 신용카드 ,식음료,15473.0,서울,50대,성공
2024-05-13 04:01:00,U003846,신용카드,쇼핑,19992.0,서울,20대,성공
2024-03-13 16:27:00,U000634,신용카드,쇼핑,135269.0,경기,20대,성공
2024-02-03 11:20:00,U003037,신용카드,식음료,9629.0,서울,10대,성공
2024/01/26 16:10,U002817,체크카드,공과금,27556.0,서울,40대,성공
2024-06-18 17:29:00,U000024,신용카드,쇼핑,31744.0,대전,30대,성공
2024-09-11 22:23:00,U002131,체크카드,기타,49540.0,전남,60대 이상,성공
2024-07-03 15:05:00,U002577,포인트결제,교통,522.0,충남,40대,성공
2024-04-23 15:52:00,U001097,신용카드,교통,2799.0,부산,20대,성공
2024-07-02 20:34:00,U003513,신용카드,식음료,16672.0,서울,40대,취소
2024-05-27 10:04:00,U003044,신용카드,문화/여가,4651.0,광주,30대,성공
2024-06-11 20:11:00,U000594,포인트결제,문화/여가,89565.0,,50대,성공
2024-10-09 18:45:00,U001442,신용카드,공과금,82406.0,강원,40대,성공
2024-05-26 17:55:00,U002376,체크카드,쇼핑,89569.0,부산,50대,성공
2024-07-16 16:43:00,U000772,계좌이체,의료,33014.0,서울,,성공
2024-01-04 14:00:00,U000042,휴대폰결제,쇼핑,82111.0,경기,20대,성공
2024-08-22 07:19:00,U001409,휴대폰결제,문화/여가,11308.0,울산,40대,성공
2024-05-30 12:21:00,U003526,계좌이체,공과금,49887.0,대전,60대 이상,성공
2024-06-11 20:35:00,U002250, 신용카드 ,식음료,13190.0,경남,20대,성공
2024-11-06 13:55:00,U002767,포인트결제,기타,21265.0,광주,,성공
2024/04/18 12:26,U001924,체크카드,쇼핑,77329.0,서울,50대,성공
2024-10-21 14:34:00,U002034,신용카드,교육,125644.0,강원,20대,취소
2024/02/05 21:01,U001390,체크카드,문화/여가,18144.0,경기,20대,실패
2024/02/23 11:25,U001350,신용카드,쇼핑,57258.0,서울,40대,성공
2024/08/13 12:17,U000163,체크카드,공과금,23106.0,서울,,성공
2024-06-07 16:02:00,U001137,체크카드,공과금,40256.0,경기,50대,성공
2024-09-03 21:49:00,U000974,계좌이체,기타,5459.0,인천,20대,성공
2024-09-28 11:19:00,U003151,신용카드,교통,1707.0,서울,30대,취소
2024-07-24 07:17:00,U003393,신용카드,식음료,8500.0,경남,60대 이상,성공
2024-03-22 20:55:00,U003822,,문화/여가,58286.0,서울,50대,성공
2024-06-05 20:37:00,U003960,계좌이체,의료,25804.0,경남,40대,성공
2024-04-30 09:13:00,U002642,신용카드,쇼핑,9186.0,경남,20대,성공
2024-09-20 16:40:00,U001113,포인트결제,교통,2393.0,대구,50대,성공
2024-01-26 19:45:00,U003307,신용카드,공과금,153739.0,서울,60대 이상,실패
2024-08-04 07:52:00,U003350,포인트결제,쇼핑,27267.0,서울,60대 이상,성공
2024-08-25 04:05:00,U001170,신용카드,문화/여가,7670.0,서울,30대,성공
2024-02-27 13:23:00,U003890,신용카드,쇼핑,89531.0,서울,30대,성공
2024-08-07 11:08:00,U001368,,의료,16720.0,제주,30대,성공
2024-05-18 13:34:00,U003768,신용카드,쇼핑,87895.0,경기,20대,성공
2024/10/23 09:35,U003697,계좌이체,의료,20080.0,경기,,성공
2024-04-15 12:28:00,U003203,체크카드,쇼핑,14637.0,서울,40대,취소
2024-02-09 14:42:00,U003735,신용카드,교통,1156.0,경북,20대,성공
2024-01-01 16:39:00,U003217,신용카드,여행,142908.0,서울,30대,성공
2024/03/06 15:22,U002278,계좌이체,쇼핑,17191.0,대구,20대,성공
2024-11-23 23:18:00,U002780,체크카드,교통,5779.0,서울,30대,성공
2024-09-29 12:30:00,U003392,계좌이체,쇼핑,82279.0,광주,40대,성공
2024-03-08 17:27:00,U001528,신용카드,여행,425253.0,광주,30대,성공
2024-11-08 12:44:00,U002145,신용카드,식음료,19088.0,대전,30대,성공
2024-07-16 14:03:00,U003840,계좌이체,의료,29735.0,충북,20대,성공
2024-08-24 23:28:00,U000238,신용카드,쇼핑,53310.0,경남,40대,성공
2024-01-12 19:00:00,U002200,신용카드,식음료,10957.0,경남,40대,성공
2024-07-15 12:13:00,U002227,포인트결제,기타,16915.0,인천,30대,성공
2024-10-20 10:00:00,U001215,신용카드,기타,28912.0,충남,50대,성공
2024-02-28 18:17:00,U000227, 신용카드 ,식음료,13665.0,세종,20대,성공
2024-12-26 20:37:00,U001103,계좌이체,교통,8578.0,서울,20대,성공
2024-12-11 09:53:00,U000362, 신용카드 ,교육,80481.0,충남,60대 이상,성공
2024-07-27 20:00:00,U003095,체크카드,쇼핑,24616.0,서울,30대,성공
2024-03-29 10:50:00,U000772,휴대폰결제,교통,800.0,경기,20대,성공
2024-03-16 10:05:00,U003843,신용카드,식음료,,충남,10대,성공
2024-03-28 20:10:00,U003369,신용카드,기타,15827.0,대구,20대,성공
2024-05-03 17:18:00,U002301,체크카드,교육,144917.0,경기,50대,성공
2024-03-16 11:18:00,U003208,계좌이체,교육,238400.0,경기,20대,성공
2024-05-31 18:54:00,U001616,신용카드,문화/여가,135686.0,경남,20대,성공
2024-08-11 15:55:00,U000009,체크카드,식음료,500.0,부산,20대,성공
2024-11-18 14:43:00,U000594,계좌이체,공과금,26778.0,경기,40대,성공
2024/03/18 18:08,U002478,체크카드,교통,871.0,전남,,성공
2024-08-14 11:36:00,U002392,체크카드,식음료,7862.0,경기,,성공
2024-07-09 14:43:00,U002432,체크카드,문화/여가,27851.0,경기,30대,실패
2024-02-09 09:29:00,U001195,체크카드,교육,95065.0,광주,40대,성공
2024-06-04 14:30:00,U003648,신용카드,문화/여가,39449.0,세종,30대,성공
2024-10-22 18:33:00,U002696,포인트결제,문화/여가,22680.0,충남,20대,실패
2024-09-23 08:00:00,U002153,신용카드,쇼핑,144794.0,부산,30대,성공
2024/12/20 12:53,U002591,계좌이체,식음료,30809.0,경남,30대,성공
2024-10-10 14:41:00,U003188, 신용카드 ,식음료,20721.0,경기,50대,성공
2024-02-19 01:27:00,U003788,휴대폰결제,문화/여가,28017.0,경기,20대,성공
2024-08-27 21:59:00,U003340,포인트결제,교통,4429.0,전남,20대,성공
2024-11-03 22:10:00,U002520,신용카드,문화/여가,44690.0,서울,20대,성공
2024-12-23 12:26:00,U003834,신용카드,식음료,27044.0,서울,40대,성공
2024-11-02 05:41:00,U001631,신용카드,식음료,28089.0,서울,20대,성공
2024-01-29 10:30:00,U001382,신용카드,문화/여가,24985.0,전북,40대,성공
2024-02-23 21:20:00,U002576,신용카드,문화/여가,6909.0,서울,30대,성공
2024-02-19 21:57:00,U003126,계좌이체,공과금,42648.0,경기,20대,성공
2024-08-30 13:27:00,U000614,휴대폰결제,기타,5375.0,광주,,성공
2024-01-11 02:01:00,U003954,포인트결제,쇼핑,4876.0,서울,10대,성공
2024-12-03 08:44:00,U001710,,공과금,153365.0,대구,30대,성공
2024-09-11 13:01:00,U002302,계좌이체,식음료,16249.0,서울,20대,성공
2024-08-14 03:01:00,U002886, 신용카드 ,식음료,4057.0,울산,30대,취소
2024-08-02 09:21:00,U001594,포인트결제,식음료,7553.0,경기,30대,성공
2024-01-14 20:39:00,U000297,신용카드,기타,24980.0,경기,50대,성공
2024-10-24 07:31:00,U003780,계좌이체,식음료,31680.0,인천,20대,실패
2024-03-06 12:42:00,U000790,포인트결제,공과금,70378.0,경기,40대,취소
2024-09-28 10:55:00,U003289,체크카드,쇼핑,98268.0,서울,40대,성공
2024-04-06 16:21:00,U002641,신용카드,식음료,18234.0,서울,60대 이상,성공
2024-11-25 17:08:00,U003738,포인트결제,문화/여가,69445.0,울산,20대,성공
2024-01-21 15:13:00,U001489,체크카드,문화/여가,8939.0,경북,30대,성공
2024/03/07 10:31,U001421,계좌이체,쇼핑,43438.0,경기,30대,성공
2024-06-08 18:29:00,U003507,신용카드,기타,34806.0,인천,30대,성공
2024-08-04 08:39:00,U001578,신용카드,교통,3338.0,서울,50대,성공
2024-06-05 12:59:00,U003765,계좌이체,쇼핑,16123.0,경기,40대,성공
2024/12/25 22:37,U000308,신용카드,쇼핑,22850.0,경남,30대,성공
2024-03-01 22:22:00,U001977,체크카드,문화/여가,37969.0,부산,30대,성공
2024/03/18 17:58,U002171, 신용카드 ,의료,12976.0,서울,30대,성공
2024/03/27 14:00,U003097,신용카드,쇼핑,35185.0,경기,40대,성공
2024-09-28 13:14:00,U003362,신용카드,기타,10964.0,경기,30대,성공
2024-06-06 19:37:00,U003073,휴대폰결제,공과금,84536.0,서울,40대,성공
2024-07-25 05:50:00,U001964,체크카드,쇼핑,113877.0,서울,10대,성공
2024-05-22 19:32:00,U000943,체크카드,쇼핑,18519.0,서울,40대,성공
2024-07-07 14:43:00,U002113,신용카드,쇼핑,21846.0,서울,30대,성공
2024-03-28 14:53:00,U002527,휴대폰결제,여행,108897.0,,30대,성공
2024-11-18 21:13:00,U000698,신용카드,식음료,19629.0,강원,40대,성공
2024-09-22 23:05:00,U002810,,의료,83492.0,경기,20대,성공
2024-05-21 11:33:00,U002561,체크카드,교통,1074.0,경기,30대,성공
2024/04/02 13:08,U000620,체크카드,여행,157706.0,대구,40대,성공
2024-06-05 08:55:00,U000039,신용카드,식음료,,경기,,취소
2024/10/04 11:09,U003359,신용카드,교통,3198.0,광주,50대,성공
2024/08/01 06:55,U002986,포인트결제,쇼핑,30919.0,경기,20대,성공
2024-03-26 14:17:00,U003109,체크카드,식음료,26742.0,서울,50대,성공
2024-02-03 16:27:00,U001711,계좌이체,문화/여가,19254.0,,20대,성공
2024-11-13 01:36:00,U002086,신용카드,식음료,38347.0,부산,40대,성공
2024-11-14 18:49:00,U002814,,쇼핑,55830.0,경기,50대,성공
2024-10-05 12:02:00,U000422,신용카드,의료,,부산,40대,성공
2024/02/22 16:05,U001451, 신용카드 ,교육,198136.0,경기,40대,성공
2024-07-30 12:19:00,U001789,체크카드,의료,15348.0,충남,50대,성공
2024-04-27 19:58:00,U001182, 신용카드 ,교통,4623.0,서울,30대,성공
2024-06-16 13:47:00,U002852,포인트결제,의료,24535.0,대전,10대,성공
2024-01-01 08:24:00,U000837,계좌이체,쇼핑,43567.0,인천,20대,성공
2024/01/23 22:24,U003994,휴대폰결제,기타,12631.0,서울,30대,실패
2024-09-19 18:58:00,U000480,신용카드,쇼핑,38373.0,경기,30대,성공
2024-04-06 12:38:00,U003666,계좌이체,식음료,21493.0,서울,40대,성공
2024-04-14 19:38:00,U001711,포인트결제,교통,5753.0,경북,20대,성공
2024-03-12 19:06:00,U001003,신용카드,식음료,20688.0,대구,40대,성공
2024-08-21 12:22:00,U000422,,쇼핑,-16805.0,울산,20대,성공
2024-02-07 13:34:00,U003834,신용카드,의료,24304.0,서울,30대,성공
2024-11-05 13:21:00,U002876,신용카드,의료,33536.0,인천,20대,성공
2024-10-28 19:17:00,U002789,체크카드,문화/여가,13438.0,경남,40대,취소
2024-03-21 10:33:00,U001651,체크카드,쇼핑,13986.0,부산,40대,성공
2024-04-23 17:02:00,U001656,포인트결제,식음료,,경기,50대,성공
2024-11-19 00:58:00,U003537,체크카드,교육,175503.0,인천,20대,성공
2024-04-02 20:34:00,U001619,신용카드,의료,10967.0,경기,30대,성공
2024-12-04 19:44:00,U001244,포인트결제,식음료,48231.0,서울,,성공
2024-04-15 11:29:00,U002026,신용카드,기타,22369.0,인천,,성공
2024-12-05 18:29:00,U003892,계좌이체,식음료,40027.0,대전,,성공
2024-05-25 12:02:00,U001628,체크카드,교육,176771.0,경남,20대,성공
2024/05/26 19:42,U000127,신용카드,의료,32894.0,,20대,성공
2024-06-30 09:50:00,U003770,계좌이체,기타,38225.0,전남,30대,성공
2024/06/15 08:03,U003619,포인트결제,식음료,,부산,50대,성공
2024-03-02 20:35:00,U002692,신용카드,교통,1176.0,서울,30대,성공
2024-10-26 20:45:00,U000363,신용카드,식음료,12857.0,서울,30대,성공
2024-06-21 10:07:00,U001450,포인트결제,교육,60034.0,서울,20대,성공
2024/03/27 15:26,U001205,신용카드,여행,377684.0,경기,30대,성공
2024-01-20 14:30:00,U001389,신용카드,의료,5130.0,,20대,성공
2024-01-04 04:28:00,U003517,체크카드,쇼핑,38898.0,경북,30대,성공
2024/12/07 20:48,U000010,계좌이체,교육,167502.0,광주,20대,성공
2024-04-19 19:06:00,U001688,체크카드,식음료,48658.0,서울,40대,성공
2024-09-22 17:50:00,U001402,신용카드,식음료,52541.0,경기,30대,성공
2024/07/02 20:29,U000286,계좌이체,의료,32379.0,서울,50대,성공
2024/03/11 12:41,U002122,신용카드,문화/여가,33262.0,충북,50대,성공
2024-08-11 11:33:00,U003306,신용카드,식음료,24381.0,경북,30대,취소
2024-01-14 02:27:00,U000442,신용카드,교육,50792.0,,30대,성공
2024-05-20 15:20:00,U003464,신용카드,여행,186535.0,서울,40대,성공
2024-02-21 10:06:00,U003433,계좌이체,교통,500.0,서울,20대,성공
2024-11-14 17:08:00,U002753, 신용카드 ,의료,17816.0,세종,40대,성공
2024-10-10 15:52:00,U000145,신용카드,공과금,161704.0,충남,20대,성공
2024-03-18 10:10:00,U000442,신용카드,교통,9498.0,,30대,성공
2024-01-22 16:00:00,U002711,체크카드,문화/여가,100649.0,서울,30대,성공
2024-02-15 15:11:00,U003536, 신용카드 ,공과금,24226.0,인천,30대,성공
2024/03/31 16:54,U002145,휴대폰결제,식음료,1802.0,경남,10대,성공
2024-09-22 12:23:00,U002784,신용카드,문화/여가,16074.0,경남,20대,성공
2024-05-31 20:44:00,U003334,신용카드,교통,4281.0,경남,20대,성공
2024-06-14 19:21:00,U002390,휴대폰결제,교통,1794.0,서울,20대,성공
2024-05-24 22:08:00,U000278,계좌이체,공과금,120208.0,전북,40대,성공
2024-06-16 14:17:00,U002030,체크카드,문화/여가,39210.0,경기,40대,성공
2024-11-08 21:46:00,U003833,신용카드,쇼핑,82025.0,경북,30대,성공
2024-03-19 21:18:00,U000914,신용카드,쇼핑,22616.0,서울,40대,성공
2024-12-30 21:00:00,U001536,계좌이체,교육,50456.0,,30대,성공
2024-05-23 19:35:00,U003345,포인트결제,교통,1119.0,경기,10대,성공
2024-02-15 11:21:00,U001311,신용카드,기타,21676.0,제주,20대,성공
2024-06-14 17:51:00,U001111,체크카드,쇼핑,36450.0,서울,40대,성공
2024-04-27 23:19:00,U002603,계좌이체,식음료,11514.0,서울,20대,취소
2024-01-05 19:29:00,U000650,체크카드,문화/여가,6995.0,대구,,성공
2024-03-31 14:51:00,U003005,계좌이체,쇼핑,121701.0,광주,,성공
2024/03/09 17:19,U003039,체크카드,식음료,7815.0,충남,30대,성공
2024-09-25 09:51:00,U001246,체크카드,식음료,3955.0,경기,30대,성공
2024-09-21 12:37:00,U000155,포인트결제,교통,3657.0,경기,,성공
2024-12-10 04:32:00,U001907,체크카드,문화/여가,40285.0,부산,60대 이상,성공
2024-03-04 11:57:00,U001339,체크카드,쇼핑,13473.0,대구,30대,성공
2024-08-09 18:50:00,U003628,계좌이체,식음료,10198.0,제주,50대,실패
2024/11/20 03:30,U001207, 신용카드 ,문화/여가,31185.0,경북,10대,성공
2024/01/16 13:39,U002364,신용카드,문화/여가,35787.0,인천,20대,성공
2024-05-09 19:50:00,U003896,신용카드,쇼핑,79629.0,경기,20대,성공
2024-08-11 10:02:00,U000947,신용카드,식음료,22051.0,서울,30대,성공
2024-11-20 08:13:00,U003573,신용카드,쇼핑,8724.0,인천,20대,성공
2024-12-07 22:55:00,U003856,포인트결제,기타,57017.0,서울,50대,성공
2024-03-17 16:58:00,U002245,계좌이체,공과금,7466.0,경남,20대,성공
2024/03/27 15:36,U003555,신용카드,쇼핑,31953.0,전북,20대,성공
2024-06-18 16:27:00,U001287,포인트결제,교통,2910.0,,30대,성공
2024-02-28 17:17:00,U002215,휴대폰결제,교통,2570.0,울산,50대,성공
2024-04-25 14:41:00,U002646,신용카드,교통,4257.0,경북,60대 이상,성공
2024-07-23 10:29:00,U000735,체크카드,교통,2524.0,서울,30대,성공
2024-09-13 07:54:00,U001288,신용카드,기타,27970.0,경기,10대,성공
2024/05/15 21:22,U002778, 신용카드 ,문화/여가,45826.0,인천,,성공
2024-02-01 12:15:00,U001875,계좌이체,교통,2904.0,경기,60대 이상,실패
2024-10-07 12:58:00,U002467,체크카드,식음료,4621.0,서울,50대,성공
2024-08-31 10:31:00,U000345,신용카드,식음료,21791.0,경기,,성공
2024-09-27 11:37:00,U001124,계좌이체,쇼핑,44638.0,경기,30대,성공
2024-11-01 11:28:00,U000551,체크카드,공과금,53095.0,충남,30대,성공
2024-05-08 14:32:00,U001954,포인트결제,공과금,174249.0,서울,20대,성공
2024-06-03 04:32:00,U000725,신용카드,쇼핑,19013.0,경남,,성공
2024-06-16 12:24:00,U001134,,쇼핑,120149.0,인천,20대,성공
2024-01-31 23:40:00,U001723,휴대폰결제,식음료,29610.0,경기,60대 이상,성공
2024-06-14 15:17:00,U002170,신용카드,기타,5661.0,서울,10대,성공
2024-09-07 17:21:00,U003938,휴대폰결제,교육,88900.0,부산,20대,성공
2024-02-23 20:10:00,U001951,신용카드,교육,70125.0,대전,10대,성공
2024-07-28 16:44:00,U002589,체크카드,문화/여가,29507.0,대구,20대,성공
2024-12-25 19:15:00,U000398,신용카드,교통,2549.0,부산,20대,성공
2024-07-25 19:38:00,U002523,신용카드,교육,130132.0,서울,40대,성공
2024-12-26 12:42:00,U003062,체크카드,문화/여가,10231.0,인천,10대,성공
2024-09-21 12:00:00,U003532,신용카드,교통,10421.0,대구,30대,성공
2024-04-12 23:52:00,U003756,계좌이체,기타,,경기,30대,성공
2024/03/31 07:19,U000523,계좌이체,식음료,43117.0,경기,30대,성공
2024-07-30 16:33:00,U000577,계좌이체,쇼핑,17909.0,경기,20대,성공
2024-07-21 18:44:00,U000481,체크카드,교통,2084.0,대구,50대,성공
2024-07-19 19:37:00,U002158,신용카드,교통,1889.0,대전,40대,성공
2024-12-26 12:51:00,U003479,체크카드,식음료,17314.0,서울,20대,성공
2024-03-19 00:28:00,U003997,신용카드,식음료,4969.0,인천,20대,성공
2024-08-15 12:49:00,U002352,신용카드,의료,31169.0,대구,20대,취소
2024/08/01 18:50,U002193,신용카드,문화/여가,36018.0,서울,20대,성공
2024-09-24 00:03:00,U003542, 신용카드 ,문화/여가,27141.0,서울,20대,실패
2024-07-10 19:48:00,U002567,체크카드,의료,37911.0,경기,40대,성공
2024-09-28 19:24:00,U000395,체크카드,식음료,21859.0,강원,,성공
2024-09-26 11:05:00,U001948,신용카드,의료,36229.0,서울,30대,성공
2024-03-22 17:53:00,U000399,신용카드,식음료,12128.0,경남,40대,성공
2024-11-04 21:58:00,U003027,신용카드,여행,180324.0,인천,50대,취소
2024-07-28 00:48:00,U002305,,교통,3238.0,서울,40대,성공
2024/04/18 14:30,U001998,계좌이체,공과금,69129.0,서울,30대,성공
2024-02-20 19:54:00,U000717,휴대폰결제,문화/여가,16215.0,경기,30대,성공
2024-12-13 11:38:00,U003592,체크카드,여행,109525.0,부산,20대,성공
2024-08-06 01:15:00,U002144,신용카드,의료,16184.0,부산,20대,성공
2024-02-25 14:23:00,U002660,체크카드,쇼핑,99124.0,,60대 이상,성공
2024/04/29 18:13,U001698,신용카드,쇼핑,,경남,20대,성공
2024-03-09 08:04:00,U000248,체크카드,교통,2653.0,인천,60대 이상,성공
2024/06/11 08:00,U003933,신용카드,공과금,53157.0,충남,20대,성공
2024/10/23 18:46,U001579,신용카드,식음료,10678.0,경기,20대,성공
2024-06-11 19:05:00,U001796,포인트결제,교통,6581.0,경남,40대,성공
2024-12-22 19:59:00,U002586,계좌이체,교통,630.0,서울,30대,성공
2024-08-23 07:59:00,U003159,체크카드,식음료,22412.0,경기,50대,성공
2024-10-29 11:58:00,U003590,신용카드,공과금,88397.0,전남,30대,성공
2024/03/09 15:41,U001207,체크카드,쇼핑,95807.0,,40대,성공
2024-05-12 16:12:00,U001587,체크카드,교통,1677.0,광주,60대 이상,성공
2024-04-26 20:33:00,U003853,신용카드,쇼핑,48596.0,서울,10대,성공
2024/04/09 23:11,U000931,계좌이체,식음료,28501.0,충남,30대,성공
2024-03-19 08:32:00,U002181,신용카드,교통,988.0,,40대,성공
2024-07-21 11:15:00,U003518,신용카드,식음료,,전북,10대,성공
2024-06-04 07:53:00,U001373,신용카드,교통,500.0,서울,30대,성공
2024-04-29 18:49:00,U003606,체크카드,쇼핑,31267.0,부산,50대,성공
2024-09-05 21:27:00,U000853,체크카드,교통,8729.0,대전,50대,실패
2024-11-08 23:46:00,U001546,신용카드,기타,14485.0,충남,50대,성공
2024-05-13 19:17:00,U003266,신용카드,쇼핑,57920.0,서울,50대,성공
2024-04-18 05:07:00,U000813,계좌이체,식음료,8222.0,경기,50대,성공
2024-07-12 15:09:00,U003082,체크카드,공과금,124497.0,서울,,성공
2024-08-10 16:10:00,U003499,체크카드,교통,1356.0,경북,30대,성공
2024-09-09 18:12:00,U000059,휴대폰결제,문화/여가,46232.0,경기,60대 이상,성공
2024-02-08 21:00:00,U002191,신용카드,문화/여가,3894.0,대전,30대,성공
2024-03-05 16:10:00,U002556,포인트결제,여행,144346.0,서울,40대,성공
2024-10-15 21:23:00,U001520,신용카드,교육,72385.0,대구,30대,성공
2024-05-12 06:48:00,U000570,체크카드,문화/여가,55232.0,서울,40대,성공
2024-11-08 23:08:00,U001347,신용카드,기타,26284.0,제주,40대,성공
2024-07-03 16:48:00,U003504,신용카드,교육,200613.0,경남,,성공
2024-10-03 09:36:00,U001973, 신용카드 ,쇼핑,9309.0,경기,20대,성공
2024-09-25 13:35:00,U002325,신용카드,식음료,12153.0,부산,40대,성공
2024-10-11 13:07:00,U002043,신용카드,식음료,3561.0,충북,30대,성공
2024/06/10 17:13,U001348,체크카드,기타,41373.0,경남,30대,성공
2024-07-25 20:20:00,U000139,신용카드,쇼핑,56553.0,경기,30대,성공
2024-07-05 02:56:00,U002603,체크카드,식음료,-8322.0,경기,30대,성공
2024/04/10 22:58,U003970,신용카드,의료,16104.0,제주,20대,성공
2024-09-13 20:15:00,U002927,포인트결제,교통,500.0,대구,20대,성공
2024-03-09 19:25:00,U002963, 신용카드 ,교통,1224.0,부산,30대,성공
2024-11-23 10:29:00,U000187,신용카드,의료,500.0,대구,30대,성공
2024-02-24 10:14:00,U003318, 신용카드 ,의료,15509.0,서울,50대,성공
2024-11-24 14:08:00,U001384,체크카드,쇼핑,2607.0,전남,30대,성공
2024/05/31 08:32,U003170,신용카드,여행,139495.0,경기,40대,성공
2024/03/01 12:52,U002686,신용카드,교통,1054.0,경기,50대,성공
2024-10-29 03:54:00,U001564,신용카드,쇼핑,51557.0,부산,30대,실패
2024-06-30 10:39:00,U000528,신용카드,식음료,12851.0,인천,50대,성공
2024-07-08 18:10:00,U001262,체크카드,쇼핑,56503.0,부산,30대,성공
2024-12-13 20:41:00,U001617,포인트결제,기타,41611.0,서울,20대,성공
2024-09-25 10:51:00,U000265, 신용카드 ,식음료,25589.0,서울,30대,취소
2024-03-18 10:31:00,U000085,계좌이체,기타,10588.0,서울,20대,실패
2024-11-10 11:17:00,U003479,포인트결제,식음료,17876.0,경남,30대,성공
2024-12-07 21:33:00,U001467,신용카드,쇼핑,16203.0,충남,50대,성공
2024-04-15 15:34:00,U003820,신용카드,식음료,42770.0,대전,40대,성공
2024-11-25 18:52:00,U003597,계좌이체,교통,1705.0,서울,,실패
2024/05/03 19:03,U003327,신용카드,문화/여가,5789.0,서울,40대,성공
2024-06-27 00:35:00,U001805,체크카드,쇼핑,22367.0,경기,30대,성공
2024-08-16 07:34:00,U000236,휴대폰결제,쇼핑,30460.0,경기,30대,성공
2024-07-23 13:04:00,U002728,신용카드,쇼핑,121786.0,서울,60대 이상,성공
2024-04-28 12:56:00,U001609,계좌이체,식음료,12965.0,인천,50대,취소
2024-03-19 19:42:00,U000328,신용카드,식음료,3166.0,부산,20대,성공
2024-05-11 07:03:00,U001145,휴대폰결제,식음료,9446.0,충남,30대,성공
2024-09-03 03:50:00,U000760,신용카드,교통,2767.0,경기,30대,성공
2024-08-16 20:42:00,U000423, 신용카드 ,공과금,97097.0,대전,,성공
2024-01-06 02:04:00,U000557,체크카드,교통,1705.0,서울,30대,성공
2024-09-07 19:47:00,U001457,신용카드,의료,55004.0,인천,30대,성공
2024-12-21 22:22:00,U003135,신용카드,교육,104166.0,서울,40대,성공
2024-10-04 11:33:00,U001155,신용카드,의료,17139.0,서울,30대,성공
2024-03-28 17:19:00,U001849,신용카드,식음료,5244.0,경북,20대,성공
2024/10/27 13:27,U002226,계좌이체,문화/여가,7465.0,경기,30대,성공
2024-11-10 22:27:00,U001612,계좌이체,교통,3545.0,대구,30대,성공
2024-06-13 22:19:00,U003100,신용카드,교통,4340.0,서울,40대,성공
2024-05-24 10:31:00,U003031,신용카드,기타,10627.0,서울,40대,성공
2024-11-26 09:44:00,U002730,체크카드,쇼핑,60567.0,광주,20대,성공
2024-05-05 14:36:00,U000788,포인트결제,교육,241200.0,부산,30대,성공
2024-07-27 16:55:00,U000067,휴대폰결제,교통,618.0,인천,40대,성공
2024-06-25 16:57:00,U003427,신용카드,교육,64482.0,서울,40대,성공
2024/01/13 14:42,U001973,체크카드,의료,51966.0,서울,20대,성공
2024-10-24 13:03:00,U002070,신용카드,식음료,7794.0,충북,20대,성공
2024-08-18 18:46:00,U002703,체크카드,식음료,4706.0,울산,40대,취소
2024/10/29 18:45,U001780,신용카드,쇼핑,35908.0,경북,,성공
2024-12-03 11:36:00,U002776,신용카드,여행,98164.0,광주,40대,성공
2024/06/10 14:19,U002749,포인트결제,공과금,156009.0,,30대,성공
2024-07-07 13:03:00,U002474,체크카드,기타,29490.0,경남,30대,성공
2024/12/05 19:15,U002443,체크카드,교통,9993.0,경기,30대,성공
2024/07/06 16:12,U003290,신용카드,기타,27091.0,인천,20대,성공
2024-09-25 19:34:00,U003336,체크카드,기타,18702.0,서울,20대,성공
2024-07-24 19:17:00,U003437,,식음료,16535.0,서울,40대,성공
2024-06-07 17:07:00,U001636,신용카드,쇼핑,69615.0,부산,50대,성공
2024/01/11 05:59,U002289,계좌이체,식음료,18696.0,대전,20대,성공
2024-07-26 18:39:00,U002888,체크카드,공과금,28375.0,부산,30대,성공
2024-06-20 02:55:00,U003504,계좌이체,문화/여가,30516.0,서울,40대,성공
2024-11-06 18:23:00,U000014,체크카드,공과금,40675.0,,40대,성공
2024-02-24 04:15:00,U001165,포인트결제,공과금,54715.0,부산,50대,성공
2024-08-18 20:04:00,U003975,체크카드,문화/여가,15293.0,경기,30대,성공
2024-01-24 22:07:00,U000356,신용카드,기타,3390.0,대구,30대,성공
2024-12-27 18:46:00,U002820,휴대폰결제,의료,,서울,50대,성공
2024-01-10 12:18:00,U000864,신용카드,쇼핑,64238.0,광주,40대,성공
2024-01-28 10:23:00,U001573,휴대폰결제,쇼핑,11685.0,경남,30대,성공
2024-03-31 08:00:00,U001054,체크카드,문화/여가,46022.0,경기,40대,성공
2024-08-18 00:01:00,U001698,체크카드,문화/여가,5792.0,경북,40대,성공
2024/08/27 18:47,U002363,신용카드,교통,7669.0,경기,20대,성공
2024-05-18 18:46:00,U002687,체크카드,쇼핑,155605.0,인천,40대,성공
2024-09-15 16:08:00,U003250,신용카드,식음료,21319.0,대전,,성공
2024-04-16 13:39:00,U000443,포인트결제,쇼핑,26941.0,충남,50대,성공
2024-05-10 05:40:00,U001633,신용카드,의료,122324.0,경북,20대,성공
2024-04-15 10:38:00,U003309,신용카드,공과금,83304.0,,20대,성공
2024-10-16 11:02:00,U003250,휴대폰결제,교통,4774.0,전남,40대,성공
2024-03-12 20:28:00,U002848,신용카드,식음료,11944.0,인천,20대,성공
2024/01/12 19:10,U003163,계좌이체,쇼핑,31284.0,서울,,성공
2024-09-08 13:38:00,U001410,신용카드,문화/여가,28564.0,경기,40대,성공
2024-05-01 13:39:00,U001049,,공과금,113248.0,서울,20대,성공
2024-02-07 13:30:00,U003122,신용카드,문화/여가,58110.0,서울,20대,성공
2024/12/11 23:37,U000153,신용카드,쇼핑,57506.0,충북,,성공
2024-01-26 15:56:00,U002295,휴대폰결제,여행,1123947.0,서울,50대,성공
2024-09-06 18:56:00,U001011,신용카드,쇼핑,46118.0,경남,40대,성공
2024-10-30 16:27:00,U000534,신용카드,의료,20468.0,서울,30대,성공
2024-07-16 15:06:00,U000423,체크카드,식음료,8774.0,서울,50대,성공
2024-09-25 07:02:00,U002304,체크카드,교통,6098.0,경기,20대,성공
2024/06/09 10:35,U001416, 신용카드 ,공과금,114815.0,대구,30대,성공
2024-05-30 06:16:00,U003501,신용카드,의료,12778.0,경기,50대,성공
2024-03-18 11:59:00,U002679,체크카드,기타,18256.0,광주,20대,성공
2024-11-28 11:11:00,U000661, 신용카드 ,교육,142879.0,경기,30대,성공
2024-01-17 18:15:00,U000451,계좌이체,의료,44643.0,강원,30대,실패
2024-03-22 20:53:00,U003618,체크카드,문화/여가,70366.0,경기,40대,성공
2024-07-30 17:45:00,U001396,신용카드,식음료,7965.0,서울,30대,성공
2024-08-02 10:12:00,U003974,,쇼핑,121465.0,,50대,성공
2024-05-28 17:28:00,U000310,신용카드,교통,1242.0,경기,30대,성공
2024-05-20 15:27:00,U000804, 신용카드 ,식음료,8505.0,서울,50대,성공
2024-06-18 11:39:00,U000937,신용카드,식음료,19417.0,인천,,성공
2024-04-13 09:21:00,U003648,신용카드,교통,9445.0,,40대,성공
2024-07-12 11:29:00,U001921,신용카드,기타,17177.0,서울,40대,성공
2024-05-10 20:01:00,U001135,신용카드,식음료,2136.0,대구,20대,성공
2024-02-26 12:13:00,U003551,신용카드,식음료,9973.0,대구,,성공
2024-01-14 22:49:00,U003686,체크카드,문화/여가,38438.0,서울,20대,성공
2024-12-11 20:01:00,U000620,포인트결제,교통,2658.0,경기,20대,성공
2024-02-05 20:12:00,U002050,체크카드,교통,4512.0,전북,40대,성공
2024/03/21 12:21,U003844,계좌이체,여행,123140.0,경기,40대,성공
2024-12-14 17:18:00,U001231,신용카드,의료,44998.0,전남,40대,성공
2024-02-18 19:41:00,U000883,계좌이체,교육,81267.0,서울,30대,성공
2024-08-28 12:34:00,U003734,휴대폰결제,교육,58632.0,광주,60대 이상,성공
2024-05-18 08:17:00,U002526,체크카드,식음료,26771.0,경남,30대,성공
2024-03-27 21:38:00,U000993,신용카드,기타,6357.0,서울,60대 이상,취소
2024-11-13 12:29:00,U000289,계좌이체,쇼핑,147716.0,서울,30대,성공
2024/06/19 17:46,U000339,계좌이체,문화/여가,43555.0,강원,20대,성공
2024-11-04 17:59:00,U002016,신용카드,교통,4610.0,경기,,성공
2024-06-04 16:14:00,U002118,체크카드,교육,59430.0,경기,20대,성공
2024-03-15 21:23:00,U000008,체크카드,교통,1260.0,경기,40대,성공
2024/07/18 19:33,U003543,휴대폰결제,쇼핑,85530.0,경기,60대 이상,성공
2024-12-25 10:24:00,U002867,체크카드,문화/여가,69197.0,광주,30대,성공
2024-05-19 15:25:00,U003323,계좌이체,공과금,53004.0,대전,40대,성공
2024/11/05 16:50,U001056,계좌이체,교통,1159.0,,,성공
2024-10-20 15:32:00,U002960,신용카드,쇼핑,13480.0,대전,30대,성공
2024-08-13 18:13:00,U002185,신용카드,교통,2240.0,서울,20대,성공
2024-09-24 11:29:00,U000281,포인트결제,교통,4594.0,경기,20대,성공
2024-05-06 17:16:00,U003639,신용카드,쇼핑,78482.0,경기,30대,성공
2024-07-06 21:13:00,U002123,계좌이체,교육,215943.0,대구,50대,성공
2024-11-11 15:59:00,U002467,신용카드,쇼핑,3401.0,부산,,성공
2024/12/03 22:15,U001883,신용카드,쇼핑,76626.0,제주,20대,성공
2024-02-23 09:52:00,U001736,휴대폰결제,쇼핑,51851.0,서울,30대,성공
2024-08-27 08:00:00,U003523,계좌이체,기타,26255.0,제주,40대,성공
2024-04-17 16:40:00,U000539,신용카드,식음료,13453.0,서울,40대,성공
2024-11-03 23:26:00,U001417,신용카드,쇼핑,20657.0,대구,30대,성공
2024-10-30 22:21:00,U000158, 신용카드 ,교육,98645.0,서울,20대,성공
2024/08/13 10:18,U003333,신용카드,교통,6241.0,광주,30대,성공
2024-01-18 02:34:00,U000156,신용카드,식음료,4030.0,인천,10대,성공
2024-07-29 12:47:00,U003762,체크카드,기타,,경기,30대,성공
2024/10/30 10:12,U003979,신용카드,쇼핑,8596.0,서울,30대,성공
2024-02-28 00:54:00,U002599,계좌이체,여행,209054.0,경기,,성공
2024-03-21 20:23:00,U001847,체크카드,교통,1394.0,서울,20대,성공
2024/01/31 13:34,U002480,계좌이체,여행,215086.0,경기,40대,성공
2024-04-12 13:58:00,U001493,포인트결제,식음료,5357.0,경남,20대,성공
2024-08-27 22:04:00,U003100,신용카드,기타,16848.0,서울,60대 이상,성공
2024-05-27 19:56:00,U002880, 신용카드 ,교육,53869.0,광주,30대,성공
2024-03-17 21:04:00,U003726,신용카드,여행,368686.0,경기,50대,성공
2024-09-17 06:10:00,U003753,신용카드,식음료,2806.0,전북,,성공
2024-07-03 15:11:00,U002673, 신용카드 ,기타,61270.0,서울,50대,성공
2024-09-09 18:11:00,U001055,체크카드,식음료,30203.0,경기,30대,성공
2024-06-12 10:52:00,U000616,신용카드,공과금,61415.0,경기,20대,성공
2024-04-27 03:37:00,U002621,체크카드,쇼핑,71179.0,경기,50대,성공
2024-02-04 23:33:00,U000713,계좌이체,쇼핑,65464.0,경기,10대,성공
2024-03-13 18:02:00,U002984,,교육,92199.0,부산,20대,성공
2024-05-14 16:03:00,U003585,신용카드,문화/여가,22924.0,대전,30대,성공
2024-02-02 19:43:00,U003375,계좌이체,쇼핑,14921.0,인천,50대,성공
2024-05-11 11:40:00,U000811,휴대폰결제,문화/여가,60372.0,부산,30대,성공
2024-08-29 00:16:00,U003979,체크카드,쇼핑,38382.0,대구,30대,성공
2024-09-23 18:13:00,U000954,신용카드,문화/여가,36130.0,서울,30대,성공
2024-07-24 18:51:00,U003762,계좌이체,식음료,-18171.0,서울,30대,성공
2024-03-28 02:39:00,U003712,신용카드,교통,1787.0,부산,60대 이상,성공
2024/08/23 20:56,U001303,,식음료,23359.0,경기,30대,성공
2024/05/09 18:09,U001491,포인트결제,의료,35857.0,서울,50대,성공
2024/12/09 07:43,U000077,체크카드,의료,73046.0,경기,40대,성공
2024/01/20 18:49,U001848,포인트결제,교통,631.0,부산,30대,성공
2024-04-06 13:44:00,U001587,계좌이체,식음료,7542.0,전남,30대,성공
2024-03-22 13:28:00,U000502,계좌이체,의료,21769.0,서울,40대,성공
2024-11-02 22:19:00,U003390,신용카드,식음료,,충북,20대,성공
2024-09-07 14:30:00,U002420,체크카드,여행,200400.0,경기,20대,성공
2024-07-10 07:17:00,U000255,체크카드,교통,10511.0,대구,30대,성공
2024-01-23 13:03:00,U000405,신용카드,문화/여가,23405.0,경북,40대,성공
2024-09-07 07:05:00,U002968,체크카드,쇼핑,20183.0,경기,60대 이상,성공
2024-11-12 20:23:00,U000672,신용카드,의료,51385.0,대구,40대,성공
2024-08-28 07:17:00,U003712,계좌이체,기타,12615.0,충남,20대,성공
2024-01-11 20:11:00,U003289, 신용카드 ,교육,114129.0,인천,30대,성공
2024-01-27 09:18:00,U003770,계좌이체,교육,75181.0,경기,50대,성공
2024-10-24 12:25:00,U003485,,의료,78324.0,경남,20대,성공
2024-02-23 11:54:00,U002902,포인트결제,식음료,24558.0,전남,60대 이상,성공
2024/08/31 06:22,U002623,신용카드,기타,35721.0,대전,30대,성공
2024-12-18 05:53:00,U002002,신용카드,공과금,105281.0,서울,50대,성공
2024-01-27 15:48:00,U000359,계좌이체,식음료,31563.0,전남,30대,성공
2024-10-12 18:03:00,U003110,체크카드,식음료,7967.0,경기,20대,성공
2024-02-27 06:32:00,U003006,계좌이체,공과금,108243.0,서울,20대,성공
2024-01-29 01:19:00,U001936,신용카드,쇼핑,12418.0,광주,30대,성공
2024-07-02 14:13:00,U001459,계좌이체,공과금,16366.0,경기,,실패
2024-08-04 21:57:00,U002010,신용카드,쇼핑,49660.0,경기,50대,성공
2024/04/19 05:42,U000354,신용카드,의료,136684.0,대전,20대,성공
2024-02-24 11:24:00,U000306,신용카드,쇼핑,72242.0,인천,30대,성공
2024-07-18 10:10:00,U002954,계좌이체,쇼핑,137902.0,충남,20대,성공
2024-01-03 11:58:00,U000156,신용카드,쇼핑,19360.0,서울,30대,성공
2024/06/03 19:52,U001713,포인트결제,문화/여가,39764.0,전북,30대,성공
2024-11-09 18:45:00,U001644,신용카드,교육,223319.0,경북,30대,성공
2024/07/16 14:57,U001318,체크카드,쇼핑,15630.0,서울,20대,성공
2024-01-17 11:27:00,U002128,계좌이체,교통,3548.0,광주,40대,성공
2024/03/29 15:09,U002636,신용카드,식음료,7495.0,경기,40대,성공
2024-07-22 21:40:00,U003953,신용카드,쇼핑,20381.0,경기,60대 이상,성공
2024-09-12 20:17:00,U003598,휴대폰결제,식음료,6449.0,경기,30대,성공
2024-07-29 19:58:00,U002987,,식음료,33660.0,경기,10대,성공
2024-04-20 19:13:00,U001358,신용카드,교통,2191.0,경기,10대,성공
2024-10-23 14:39:00,U002806,포인트결제,문화/여가,31504.0,서울,40대,성공
2024-05-11 12:59:00,U002984,휴대폰결제,의료,19220.0,전북,40대,성공
2024/10/13 22:54,U001637,체크카드,쇼핑,21758.0,경기,20대,성공
2024-10-02 16:47:00,U000736,체크카드,문화/여가,27013.0,경기,40대,성공
2024-12-14 22:55:00,U002192,포인트결제,교통,4248.0,울산,30대,성공
2024-02-03 19:02:00,U002460,신용카드,쇼핑,42231.0,전남,30대,성공
2024-01-27 11:29:00,U002069,포인트결제,식음료,12319.0,,20대,성공
2024-08-15 18:57:00,U001639,체크카드,의료,33997.0,서울,20대,성공
2024-05-27 20:09:00,U003666,포인트결제,쇼핑,51177.0,부산,40대,성공
2024/06/22 21:01,U003437,체크카드,쇼핑,13167.0,인천,30대,취소
2024/05/18 12:03,U000044,휴대폰결제,문화/여가,32066.0,서울,20대,성공
2024-01-10 19:41:00,U003175,신용카드,기타,31446.0,경북,50대,성공
2024-10-04 17:48:00,U003756,신용카드,공과금,68727.0,울산,60대 이상,성공
2024/09/24 15:56,U000417,휴대폰결제,기타,43058.0,경기,20대,성공
2024-10-08 02:25:00,U000257,체크카드,의료,25275.0,인천,40대,성공
2024-12-30 14:02:00,U003287,체크카드,문화/여가,47113.0,서울,10대,성공
2024-05-21 22:59:00,U001068,포인트결제,쇼핑,22989.0,경기,30대,성공
2024-06-24 20:50:00,U001175,신용카드,기타,23875.0,인천,30대,성공
2024-01-20 16:52:00,U003526,휴대폰결제,식음료,7052.0,서울,20대,성공
2024-05-15 21:36:00,U001288,신용카드,교육,179088.0,경기,40대,성공
2024-06-26 14:15:00,U000608,포인트결제,식음료,26777.0,서울,40대,성공
2024-03-06 10:47:00,U001464,신용카드,교육,49624.0,경북,40대,성공
2024-08-19 09:00:00,U002110, 신용카드 ,식음료,8711.0,서울,50대,성공
2024-01-08 18:45:00,U001351,신용카드,문화/여가,10572.0,광주,20대,성공
2024-11-26 19:27:00,U003726,체크카드,공과금,79149.0,부산,30대,성공
2024-07-28 14:32:00,U002252,신용카드,쇼핑,50708.0,경기,50대,성공
2024-11-15 15:51:00,U001070,계좌이체,교통,2793.0,경기,40대,성공
2024-04-06 07:52:00,U003818,신용카드,식음료,25968.0,대전,20대,성공
2024-04-09 20:39:00,U002973,체크카드,식음료,13855.0,서울,40대,성공
2024-10-11 16:50:00,U000077,신용카드,식음료,3506.0,대구,60대 이상,성공
2024-12-13 19:39:00,U001750,체크카드,식음료,9643.0,서울,60대 이상,성공
2024-08-10 11:11:00,U000617,휴대폰결제,문화/여가,13320.0,부산,50대,성공
2024-01-11 20:33:00,U002685,포인트결제,식음료,38936.0,서울,20대,실패
2024-07-27 17:26:00,U002528,체크카드,기타,33938.0,대구,20대,성공
2024-11-29 14:33:00,U002833,신용카드,공과금,27855.0,서울,,성공
2024-04-04 11:46:00,U000631,신용카드,식음료,1648.0,충북,40대,성공
2024-11-27 06:53:00,U002788,체크카드,쇼핑,43617.0,서울,40대,성공
2024-12-29 21:17:00,U001243,신용카드,쇼핑,81886.0,광주,30대,실패
2024/07/08 09:59,U002513,신용카드,여행,404545.0,,20대,성공
2024-05-20 18:11:00,U003383,체크카드,문화/여가,92801.0,대구,40대,성공
2024-10-04 08:53:00,U000664,체크카드,교통,4912.0,서울,40대,성공
2024-02-05 12:09:00,U001680,체크카드,식음료,35708.0,서울,60대 이상,성공
2024-11-06 10:57:00,U000969,체크카드,여행,239179.0,서울,30대,성공
2024/01/04 14:48,U003987,신용카드,공과금,64677.0,대구,50대,성공
2024-11-11 21:12:00,U002323,계좌이체,여행,193202.0,충북,60대 이상,성공
2024-07-09 15:15:00,U002052, 신용카드 ,쇼핑,,서울,30대,성공
2024-04-11 20:39:00,U002320,계좌이체,식음료,12642.0,경기,30대,성공
2024-10-01 17:06:00,U002436,휴대폰결제,공과금,99214.0,서울,30대,성공
2024-06-29 15:35:00,U003950,체크카드,식음료,9123.0,경기,30대,성공
2024-08-31 21:48:00,U000825,계좌이체,교통,1636.0,제주,40대,성공
2024-07-19 18:20:00,U003296,신용카드,문화/여가,,전남,20대,성공
2024-03-11 19:12:00,U002053,신용카드,공과금,75948.0,경기,20대,성공
2024-12-21 11:12:00,U002439,체크카드,여행,106187.0,전남,30대,성공
2024-11-09 19:21:00,U003446,체크카드,식음료,2854.0,서울,20대,성공
2024-01-30 08:06:00,U001786,계좌이체,쇼핑,96694.0,서울,50대,취소
2024-09-30 00:23:00,U002058,신용카드,교육,17369.0,부산,30대,성공
2024-02-01 19:09:00,U001667,체크카드,교통,4324.0,경기,20대,성공
2024-07-20 14:56:00,U003331,체크카드,교통,2408.0,,30대,성공
2024-03-21 10:06:00,U003452,계좌이체,식음료,15167.0,,30대,실패
2024-02-26 03:38:00,U003682,신용카드,교통,2808.0,충북,50대,성공
2024-03-22 19:06:00,U000809,,교육,56902.0,울산,20대,성공
2024-11-11 22:37:00,U001959,휴대폰결제,쇼핑,92293.0,충북,20대,성공
2024-11-11 20:08:00,U001409,체크카드,식음료,17754.0,경기,40대,성공
2024-12-20 09:46:00,U002226,신용카드,식음료,34435.0,경북,10대,성공
2024-07-11 22:31:00,U002947,신용카드,교통,1574.0,서울,,성공
2024-02-13 20:26:00,U001037,,식음료,35704.0,서울,30대,성공
2024-03-29 17:32:00,U001553,신용카드,공과금,106131.0,경기,30대,취소
2024-04-03 21:05:00,U003626,계좌이체,교통,6897.0,전북,60대 이상,성공
2024-10-27 15:59:00,U002210,포인트결제,교육,101471.0,경기,30대,성공
2024-12-09 19:37:00,U003058,신용카드,교통,3788.0,경기,20대,성공
2024-11-05 20:44:00,U001828, 신용카드 ,식음료,10602.0,경기,30대,성공
2024-04-12 11:41:00,U002077,신용카드,문화/여가,37040.0,경기,20대,성공
2024-01-10 16:24:00,U001285,신용카드,식음료,1493.0,서울,40대,성공
2024-03-09 02:51:00,U002839,신용카드,식음료,23490.0,경북,40대,성공
2024-07-30 19:36:00,U003518,신용카드,교통,3219.0,서울,20대,성공
2024-10-03 13:26:00,U003498,신용카드,공과금,108988.0,,20대,성공
2024-09-10 11:19:00,U001513,계좌이체,문화/여가,20847.0,경기,30대,성공
2024-02-12 18:50:00,U001733,포인트결제,의료,11063.0,서울,50대,성공
2024-03-29 20:58:00,U000981,체크카드,식음료,15699.0,부산,40대,성공
2024-02-17 10:05:00,U002851,체크카드,의료,31907.0,충북,30대,성공
2024-12-22 07:19:00,U003329,휴대폰결제,쇼핑,39116.0,서울,50대,성공
2024/01/16 18:58,U001814, 신용카드 ,교통,3628.0,서울,30대,성공
2024/05/25 22:09,U001578,신용카드,기타,,,20대,성공
2024-06-29 09:39:00,U001736,,교육,57680.0,서울,30대,성공
2024/09/25 15:35,U003600,체크카드,기타,22106.0,경기,50대,성공
2024-07-10 19:03:00,U001152,계좌이체,식음료,2833.0,인천,40대,성공
2024-09-23 11:24:00,U002897,체크카드,기타,42384.0,서울,50대,성공
2024-11-07 00:57:00,U002737,체크카드,여행,505496.0,울산,50대,성공
2024-04-02 18:59:00,U001665,체크카드,교육,145722.0,경기,10대,성공
2024-11-16 22:48:00,U003651,계좌이체,의료,45477.0,광주,30대,성공
2024-03-23 21:36:00,U003869,신용카드,교통,1115.0,서울,40대,성공
2024-08-27 17:09:00,U001604,계좌이체,교통,809.0,서울,20대,취소
2024-02-20 18:53:00,U002960,포인트결제,식음료,11895.0,서울,60대 이상,성공
2024-11-07 14:09:00,U001570,계좌이체,기타,1372.0,서울,20대,성공
2024-09-23 09:10:00,U003711,계좌이체,식음료,21612.0,전남,60대 이상,성공
2024-08-13 07:00:00,U002160,신용카드,기타,6448.0,경기,40대,실패
2024-11-05 15:28:00,U001943,신용카드,문화/여가,12967.0,충남,30대,취소
2024-10-29 01:48:00,U001590,휴대폰결제,교육,18402.0,인천,60대 이상,성공
2024-05-13 08:19:00,U000760,계좌이체,의료,15689.0,부산,30대,성공
2024-11-22 10:58:00,U003351,계좌이체,기타,12258.0,강원,30대,성공
2024-07-30 20:36:00,U001111,신용카드,의료,40248.0,서울,30대,성공
2024-06-09 10:30:00,U001669,체크카드,의료,76827.0,서울,60대 이상,성공
2024-03-30 21:46:00,U001221,신용카드,교통,2960.0,서울,20대,성공
2024-05-17 00:32:00,U003648,신용카드,식음료,8454.0,경기,20대,성공
2024-08-12 18:21:00,U000245,계좌이체,식음료,53125.0,광주,30대,실패
2024-05-23 14:41:00,U001085,체크카드,교통,830.0,충남,,성공
2024-02-18 11:16:00,U002078,휴대폰결제,문화/여가,16761.0,경기,50대,성공
2024/03/19 14:45,U000259,포인트결제,쇼핑,51258.0,대구,,성공
2024-01-02 12:40:00,U000919,체크카드,문화/여가,24991.0,서울,30대,성공
2024/04/19 21:12,U001884,포인트결제,의료,59619.0,경기,60대 이상,성공
2024-04-12 03:41:00,U001652,신용카드,식음료,25807.0,인천,50대,실패
2024/11/10 10:57,U002666,계좌이체,식음료,24009.0,경기,40대,성공
2024-03-21 08:06:00,U001560,체크카드,여행,516109.0,경북,30대,성공
2024-07-21 00:16:00,U001643,체크카드,쇼핑,31760.0,경기,50대,성공
2024-12-21 20:29:00,U002844,신용카드,쇼핑,67346.0,충남,30대,성공
2024-07-24 10:01:00,U002929,신용카드,문화/여가,24327.0,인천,40대,성공
2024-10-19 09:39:00,U002949,체크카드,쇼핑,36425.0,서울,30대,성공
2024-03-31 19:58:00,U001373,신용카드,기타,14493.0,경남,30대,성공
2024-01-31 15:28:00,U002102,,쇼핑,52308.0,서울,30대,성공
2024-04-07 19:05:00,U002854,신용카드,쇼핑,20489.0,경기,20대,성공
2024-09-15 06:38:00,U000447,신용카드,쇼핑,106243.0,충남,40대,성공
2024-06-03 11:31:00,U002237,신용카드,문화/여가,71350.0,충북,20대,성공
2024-04-27 17:30:00,U001106,체크카드,의료,51264.0,대전,60대 이상,성공
2024-10-26 19:49:00,U000715,신용카드,기타,28653.0,대구,20대,성공
2024-03-10 16:58:00,U003354,신용카드,공과금,98725.0,경북,40대,성공
2024-09-18 23:32:00,U003406,체크카드,쇼핑,23784.0,대전,50대,성공
2024-07-21 21:21:00,U001020,신용카드,쇼핑,112964.0,서울,40대,성공
2024-01-03 16:04:00,U002513,휴대폰결제,식음료,19747.0,경기,10대,성공
2024-02-25 09:48:00,U001566,신용카드,의료,98581.0,경북,40대,성공
2024-04-09 12:11:00,U001875,신용카드,식음료,32430.0,서울,40대,성공
2024-01-28 12:48:00,U001479,포인트결제,식음료,12170.0,경기,50대,실패
2024-03-03 09:01:00,U003016,계좌이체,쇼핑,77145.0,인천,20대,성공
2024/07/12 18:43,U003199,신용카드,문화/여가,20460.0,부산,50대,성공
2024-12-05 21:44:00,U000290,체크카드,쇼핑,82320.0,경기,20대,성공
2024-01-28 12:30:00,U003777,체크카드,교통,807.0,대구,40대,성공
2024-11-18 09:26:00,U003907,신용카드,여행,521711.0,경남,20대,성공
2024-03-29 13:29:00,U000095,휴대폰결제,공과금,97695.0,서울,50대,성공
2024-12-16 16:48:00,U002130,체크카드,기타,18004.0,경남,40대,성공
2024-04-06 14:26:00,U001590,포인트결제,기타,27171.0,서울,30대,성공
2024-10-09 14:43:00,U002420,포인트결제,문화/여가,6855.0,경기,20대,성공
2024/07/29 18:56,U003112,신용카드,교육,39166.0,충남,20대,성공
2024-07-06 17:35:00,U001259,신용카드,교육,99142.0,경기,30대,성공
2024-10-02 08:18:00,U000532,신용카드,쇼핑,4516.0,경북,60대 이상,성공
2024-02-23 19:07:00,U000941,신용카드,식음료,8213.0,경기,30대,성공
2024/04/23 16:59,U001345,신용카드,쇼핑,45831.0,서울,30대,성공
2024/08/01 15:50,U003052,포인트결제,문화/여가,18532.0,경남,30대,성공
2024-03-01 09:20:00,U001201,계좌이체,식음료,,경북,30대,성공
2024-05-05 12:46:00,U001678,신용카드,의료,22353.0,경기,40대,성공
2024-05-16 22:11:00,U001320,신용카드,쇼핑,24429.0,서울,50대,성공
2024-07-27 12:35:00,U003463,계좌이체,교통,1188.0,서울,40대,성공
2024/09/20 19:35,U001480,체크카드,쇼핑,42896.0,서울,20대,성공
2024-11-01 21:28:00,U003982,체크카드,공과금,123093.0,경기,30대,성공
2024-02-10 13:16:00,U003355,계좌이체,식음료,6933.0,충북,10대,성공
2024/02/16 18:18,U002273,체크카드,쇼핑,63689.0,서울,30대,성공
2024-06-02 07:57:00,U000824,포인트결제,의료,56594.0,서울,30대,성공
2024-09-15 09:47:00,U000775,신용카드,문화/여가,11437.0,서울,40대,성공
2024-07-11 21:40:00,U001249,신용카드,쇼핑,9339.0,경기,40대,성공
2024/08/13 08:43,U001657,신용카드,교통,3294.0,경기,30대,취소
2024-04-13 22:15:00,U002257, 신용카드 ,쇼핑,104092.0,경기,20대,실패
2024-09-26 09:21:00,U002659,체크카드,쇼핑,12956.0,,30대,성공
2024-10-05 08:41:00,U003801,신용카드,교통,2085.0,부산,40대,성공
2024-04-24 14:13:00,U001393,계좌이체,쇼핑,61895.0,서울,,성공
2024-09-15 15:04:00,U000690,,식음료,29572.0,서울,30대,성공
2024-12-04 12:38:00,U000703,체크카드,쇼핑,16961.0,대전,30대,성공
2024-12-07 08:08:00,U001638,신용카드,교통,5566.0,대전,40대,실패
2024-04-28 20:09:00,U003837,포인트결제,의료,26051.0,인천,20대,성공
2024-09-13 06:07:00,U002599, 신용카드 ,문화/여가,18393.0,서울,30대,성공
2024-10-01 17:04:00,U001354,계좌이체,의료,70411.0,서울,30대,성공
2024-03-26 18:42:00,U000984,신용카드,쇼핑,21500.0,광주,20대,성공
2024-07-28 19:10:00,U000895, 신용카드 ,교통,1563.0,서울,30대,성공
2024-03-12 07:00:00,U002470,신용카드,의료,74840.0,제주,,성공
2024-09-12 19:50:00,U003724,신용카드,쇼핑,79153.0,충남,40대,실패
2024-08-22 21:39:00,U002405,체크카드,식음료,11356.0,경기,50대,성공
2024-05-28 13:40:00,U003895,신용카드,쇼핑,30026.0,경기,20대,성공
2024-02-03 21:52:00,U002659,신용카드,공과금,134365.0,대구,30대,성공
2024-01-19 07:55:00,U000322,포인트결제,식음료,9116.0,경기,50대,성공
2024/09/18 19:32,U000783,휴대폰결제,의료,43593.0,경북,,성공
2024-07-05 10:35:00,U003128,체크카드,식음료,17355.0,서울,40대,성공
2024-10-26 10:51:00,U003547,계좌이체,식음료,34531.0,경북,20대,성공
2024-12-28 21:56:00,U000372,체크카드,의료,3303.0,인천,40대,성공
2024/07/04 07:50,U001315,체크카드,식음료,3359.0,전북,50대,성공
2024-04-09 22:07:00,U003689,체크카드,식음료,7284.0,경북,30대,성공
2024-08-27 23:53:00,U002507,신용카드,식음료,9236.0,전남,50대,성공
2024-02-11 20:20:00,U003767,신용카드,식음료,,대구,30대,성공
2024-02-05 01:33:00,U001162,포인트결제,식음료,52319.0,서울,50대,성공
2024-07-01 13:04:00,U002664,계좌이체,문화/여가,46654.0,경기,20대,성공
2024-02-14 18:13:00,U003781,신용카드,기타,36527.0,서울,10대,성공
2024-01-25 11:51:00,U001626,체크카드,쇼핑,36264.0,서울,40대,성공
2024-07-23 21:27:00,U000931,신용카드,쇼핑,180507.0,부산,50대,성공
2024-05-29 18:55:00,U003748,신용카드,식음료,27860.0,대구,30대,성공
2024-05-01 08:13:00,U002700,계좌이체,기타,38321.0,,30대,성공
2024/09/15 09:55,U001179,신용카드,공과금,149310.0,전북,20대,성공
2024/08/02 07:10,U001316,계좌이체,식음료,40759.0,울산,40대,성공
2024-11-17 20:35:00,U001828,휴대폰결제,쇼핑,11433.0,광주,30대,성공
2024-12-18 09:59:00,U000582,신용카드,교통,3487.0,서울,40대,성공
2024-06-02 09:01:00,U001356,신용카드,공과금,96390.0,부산,60대 이상,성공
2024-06-10 18:08:00,U002835,신용카드,공과금,44143.0,경기,20대,성공
2024-03-20 15:17:00,U003514,계좌이체,식음료,6043.0,제주,20대,성공
2024-07-06 04:45:00,U000554,,쇼핑,28593.0,경기,30대,성공
2024-01-09 10:09:00,U000681,포인트결제,여행,719256.0,서울,20대,성공
2024-04-02 18:34:00,U001214,신용카드,문화/여가,36587.0,부산,30대,성공
2024-07-06 10:07:00,U001578,신용카드,기타,12898.0,,40대,성공
2024-12-09 19:01:00,U002625,체크카드,식음료,15670.0,,30대,성공
2024-08-17 21:13:00,U000410,신용카드,쇼핑,81699.0,세종,50대,성공
2024/05/24 14:37,U001567,신용카드,식음료,15376.0,전남,50대,성공
2024-08-12 12:32:00,U001727,계좌이체,문화/여가,47186.0,전북,30대,성공
2024-03-09 11:14:00,U002476,체크카드,문화/여가,25511.0,서울,30대,성공
2024-12-23 07:57:00,U001323,신용카드,쇼핑,140994.0,서울,30대,성공
2024-12-30 11:38:00,U003246,포인트결제,의료,22496.0,서울,20대,성공
2024-01-03 18:40:00,U002949,포인트결제,공과금,,부산,,성공
2024/05/29 10:35,U000067,포인트결제,교통,1228.0,서울,50대,성공
2024-02-05 21:33:00,U002228,신용카드,식음료,6394.0,충북,30대,성공
2024-10-23 16:15:00,U000018,계좌이체,식음료,20173.0,경기,40대,취소
2024-11-23 10:25:00,U003963,신용카드,식음료,43235.0,서울,30대,성공
2024/04/11 17:54,U001372,체크카드,기타,30270.0,서울,40대,성공
2024-07-01 06:37:00,U000686,계좌이체,의료,20367.0,서울,30대,실패
2024-04-30 21:46:00,U003820,휴대폰결제,식음료,30934.0,경기,40대,성공
2024-06-13 16:21:00,U001156,체크카드,쇼핑,36165.0,대전,30대,성공
2024-08-12 19:52:00,U000065,계좌이체,공과금,,경기,40대,성공
2024-03-15 16:15:00,U001471,포인트결제,공과금,29929.0,서울,40대,성공
2024-12-05 19:11:00,U003486,,식음료,9483.0,경기,30대,성공
2024-01-27 15:42:00,U001605,체크카드,식음료,14746.0,서울,50대,성공
2024-04-17 10:51:00,U003299,,의료,28461.0,대전,10대,성공
2024-10-12 18:23:00,U002271,포인트결제,교육,89490.0,경남,30대,성공
2024-04-25 20:52:00,U003022,포인트결제,식음료,22568.0,서울,20대,성공
2024-12-06 18:50:00,U003432,신용카드,교통,4805.0,부산,20대,성공
2024-11-16 16:43:00,U001905, 신용카드 ,문화/여가,27519.0,전북,,성공
2024-06-27 01:19:00,U002202,신용카드,문화/여가,47379.0,대전,20대,실패
2024-05-17 11:58:00,U002583,휴대폰결제,교육,193607.0,경기,10대,성공
2024-11-27 19:45:00,U000538,계좌이체,쇼핑,4562.0,대구,50대,성공
2024-05-04 02:14:00,U002157,계좌이체,공과금,57800.0,인천,60대 이상,성공
2024-05-20 07:04:00,U002090,계좌이체,의료,1853.0,경기,30대,성공
2024-06-09 21:03:00,U003136,신용카드,식음료,8350.0,부산,30대,성공
2024-08-02 05:10:00,U003501,계좌이체,공과금,185274.0,서울,30대,성공
2024/11/17 09:42,U000118,계좌이체,쇼핑,34483.0,인천,50대,성공
2024-12-21 10:12:00,U001551, 신용카드 ,의료,18343.0,제주,40대,실패
2024/04/18 13:45,U000649,체크카드,교통,5120.0,강원,20대,성공
2024-05-03 13:48:00,U002935,계좌이체,교통,500.0,충북,30대,성공
2024-02-05 21:28:00,U000834,체크카드,식음료,25777.0,울산,60대 이상,성공
2024-08-06 19:18:00,U000990,계좌이체,문화/여가,45348.0,제주,30대,성공
2024-02-01 12:20:00,U002271,신용카드,공과금,146051.0,부산,20대,성공
2024/08/21 12:05,U001455, 신용카드 ,교통,7982.0,강원,50대,실패
2024-05-21 19:39:00,U002602,체크카드,식음료,59604.0,제주,40대,성공
2024-11-24 07:09:00,U003617,체크카드,교통,5280.0,경기,20대,성공
2024-03-18 00:18:00,U001865,체크카드,식음료,29184.0,경기,30대,성공
2024-06-12 20:49:00,U003814,신용카드,식음료,3802.0,충북,30대,성공
2024-05-15 09:47:00,U001719,체크카드,의료,18587.0,,20대,취소
2024/03/02 07:20,U003582,신용카드,쇼핑,174587.0,대구,20대,성공
2024/04/11 08:16,U000257,포인트결제,식음료,31496.0,경기,40대,성공
2024-12-24 14:41:00,U000346,체크카드,문화/여가,53034.0,부산,10대,성공
2024-02-13 15:09:00,U001341,신용카드,식음료,7288.0,서울,,성공
2024/02/21 10:54,U000247,신용카드,기타,29384.0,경남,40대,성공
2024-06-07 12:44:00,U000066,계좌이체,공과금,10886.0,경기,40대,성공
2024-12-12 13:50:00,U002823,계좌이체,식음료,32949.0,경기,50대,성공
2024-02-07 19:59:00,U003694,,쇼핑,36097.0,서울,50대,성공
2024-06-21 20:39:00,U003462,신용카드,식음료,13559.0,,30대,성공
2024-01-14 06:26:00,U001233,신용카드,식음료,27496.0,인천,20대,성공
2024/04/05 19:04,U003481,신용카드,문화/여가,23560.0,경기,10대,성공
2024-01-26 19:49:00,U001209,포인트결제,교통,6539.0,서울,30대,성공
2024-07-21 21:55:00,U000689,신용카드,공과금,56448.0,서울,30대,성공
2024/11/21 09:36,U002928,신용카드,교통,3150.0,경기,30대,성공
2024-12-23 19:36:00,U000084,휴대폰결제,교육,29982.0,대구,30대,성공
2024-10-27 15:38:00,U002370,계좌이체,식음료,22783.0,부산,30대,성공
2024-01-30 20:47:00,U001584,신용카드,공과금,83311.0,경기,30대,성공
2024-03-02 11:09:00,U003115,계좌이체,교통,717.0,부산,20대,성공
2024-10-08 15:16:00,U001810,휴대폰결제,문화/여가,,경기,20대,성공
2024/10/07 13:06,U003894,체크카드,교통,3114.0,경기,30대,성공
2024-04-10 15:23:00,U001510,체크카드,기타,30345.0,서울,30대,성공
2024-04-20 21:17:00,U000014,휴대폰결제,교육,77940.0,서울,40대,성공
2024-03-25 18:18:00,U003581,휴대폰결제,교통,4308.0,서울,40대,성공
2024-06-24 17:24:00,U001155,신용카드,문화/여가,28467.0,전북,20대,성공
2024-04-20 10:18:00,U000178,체크카드,의료,17690.0,부산,20대,성공
2024-08-20 06:21:00,U002379,신용카드,여행,73761.0,경기,40대,성공
2024-07-16 18:18:00,U002935,계좌이체,의료,37115.0,인천,10대,성공
2024-09-30 17:38:00,U002116,포인트결제,기타,35186.0,인천,60대 이상,성공
2024-01-17 18:32:00,U002869, 신용카드 ,교육,34503.0,서울,20대,성공
2024-12-12 21:20:00,U001743,체크카드,쇼핑,22064.0,서울,40대,성공
2024-10-30 19:40:00,U001135,계좌이체,문화/여가,27238.0,서울,40대,성공
2024-07-27 21:33:00,U001964,신용카드,문화/여가,18230.0,경기,30대,성공
2024-12-27 09:47:00,U000578,포인트결제,여행,176168.0,서울,50대,취소
2024-03-16 05:53:00,U001464,신용카드,여행,208298.0,광주,30대,성공
2024-12-26 08:07:00,U003661,,쇼핑,42980.0,대구,50대,성공
2024-07-26 21:28:00,U002916,신용카드,기타,15188.0,대구,30대,성공
2024-08-01 09:11:00,U001999,포인트결제,문화/여가,9601.0,대구,50대,성공
2024-12-10 00:02:00,U003494,휴대폰결제,식음료,3469.0,전북,50대,성공
2024-02-10 19:08:00,U000408,휴대폰결제,의료,18187.0,서울,50대,성공
2024/05/10 18:21,U003724,포인트결제,식음료,,광주,40대,성공
2024-04-25 09:52:00,U002847,포인트결제,여행,141904.0,광주,30대,성공
2024-04-23 15:47:00,U003494,체크카드,식음료,28030.0,제주,30대,성공
2024/04/14 23:27,U001827,신용카드,식음료,14278.0,전남,60대 이상,성공
2024-02-11 13:28:00,U001790,체크카드,쇼핑,55833.0,대전,,성공
2024-04-16 19:53:00,U000271,휴대폰결제,교육,25254.0,경기,40대,성공
2024/08/04 11:47,U001335,신용카드,교육,92030.0,,20대,성공
2024-10-20 15:09:00,U002086,계좌이체,여행,170290.0,경기,,성공
2024-11-26 08:55:00,U000742,신용카드,교통,1267.0,서울,20대,성공
2024/01/01 13:33,U000807,신용카드,교육,138293.0,서울,30대,취소
2024-08-08 08:01:00,U000846,신용카드,식음료,10731.0,경남,30대,성공
2024/05/24 10:12,U003112,포인트결제,식음료,9910.0,경기,40대,성공
2024-12-16 01:40:00,U003958,,식음료,9713.0,,20대,실패
2024-03-04 20:25:00,U001405,신용카드,공과금,39177.0,경기,20대,성공
2024-06-13 17:09:00,U003700, 신용카드 ,쇼핑,50830.0,서울,50대,성공
2024-04-25 19:16:00,U000868, 신용카드 ,식음료,21330.0,부산,20대,성공
2024/07/25 17:35,U000032,신용카드,문화/여가,,경기,60대 이상,성공
2024-09-23 19:00:00,U000320,포인트결제,식음료,20200.0,경기,20대,성공
2024-12-03 06:41:00,U003259,계좌이체,문화/여가,20717.0,전남,30대,실패
2024-07-02 18:05:00,U000063,신용카드,식음료,11021.0,서울,20대,성공
2024-03-13 14:07:00,U001633,계좌이체,문화/여가,41748.0,대구,40대,성공
2024-09-21 20:27:00,U002860,계좌이체,식음료,9475.0,충남,60대 이상,성공
2024-11-23 03:42:00,U002531,,식음료,14692.0,서울,50대,성공
2024-05-20 12:12:00,U003614,포인트결제,쇼핑,40662.0,경기,30대,성공
2024-09-19 21:38:00,U001717,신용카드,쇼핑,71231.0,서울,40대,성공
2024-05-06 12:06:00,U000170,휴대폰결제,교통,500.0,서울,30대,성공
2024-01-16 20:08:00,U000280,신용카드,교육,59394.0,서울,40대,성공
2024-05-29 10:52:00,U002343,체크카드,식음료,8746.0,충북,30대,성공
2024-01-22 18:01:00,U003285,포인트결제,의료,54249.0,서울,20대,성공
2024-04-10 06:24:00,U001785,휴대폰결제,공과금,64208.0,경기,20대,성공
2024-06-24 23:32:00,U000717,,교통,1735.0,서울,20대,성공
2024-11-01 18:19:00,U001056,체크카드,여행,319169.0,서울,20대,성공
2024-05-10 08:03:00,U001931,체크카드,문화/여가,20371.0,충북,10대,성공
2024-04-09 23:37:00,U001050,신용카드,식음료,35030.0,서울,30대,성공
2024-12-01 11:24:00,U001861,포인트결제,공과금,34907.0,경기,20대,성공
2024-09-30 20:49:00,U002408,휴대폰결제,교통,,인천,60대 이상,성공
2024-05-20 17:01:00,U000506,포인트결제,식음료,1052.0,경기,50대,성공
2024-05-13 19:47:00,U001532,신용카드,기타,38694.0,경기,60대 이상,성공
2024-03-23 21:11:00,U001612,,식음료,48772.0,광주,30대,성공
2024-12-14 06:51:00,U002001,신용카드,공과금,121995.0,경기,20대,성공
2024-12-25 18:31:00,U003275,신용카드,교육,117976.0,대구,40대,성공
2024-02-14 14:43:00,U001011,신용카드,교통,544.0,경기,,취소
2024-09-18 16:12:00,U001168, 신용카드 ,쇼핑,26218.0,충남,20대,취소
2024-09-20 10:04:00,U003828,신용카드,공과금,106781.0,경기,20대,성공
2024/02/01 14:46,U001338,신용카드,문화/여가,12268.0,서울,20대,성공
2024-02-01 08:51:00,U002190,체크카드,공과금,26310.0,경기,40대,성공
2024/05/12 08:42,U002576,신용카드,문화/여가,37693.0,,40대,성공
2024-08-22 18:13:00,U003538,신용카드,식음료,27424.0,서울,40대,성공
2024-03-18 09:11:00,U000060,신용카드,식음료,15999.0,서울,40대,성공
2024-07-14 23:57:00,U001607,신용카드,의료,37155.0,경북,30대,성공
2024-09-18 16:19:00,U002000,체크카드,식음료,7376.0,경기,30대,취소
2024-09-06 21:56:00,U000878,체크카드,식음료,15530.0,부산,30대,성공
2024/11/24 16:07,U002313,계좌이체,기타,15249.0,경기,20대,성공
2024-12-18 17:20:00,U002835,신용카드,쇼핑,36530.0,서울,30대,성공
2024-05-19 19:44:00,U002845,포인트결제,의료,35846.0,경기,40대,실패
2024-12-16 12:44:00,U002654,휴대폰결제,교통,8947.0,부산,50대,성공
2024-06-03 22:52:00,U001365,포인트결제,쇼핑,55805.0,서울,40대,성공
2024-02-06 18:34:00,U001403,신용카드,기타,21466.0,경기,,성공
2024-09-16 13:23:00,U001770, 신용카드 ,식음료,5382.0,경남,30대,성공
2024-03-19 07:14:00,U000748, 신용카드 ,의료,32545.0,,20대,성공
2024-10-09 01:17:00,U000717,체크카드,쇼핑,60905.0,경기,20대,성공
2024-02-13 09:01:00,U003342,,쇼핑,18487.0,경북,30대,성공
2024-05-28 11:22:00,U003806,신용카드,쇼핑,91022.0,경기,30대,성공
2024-08-23 12:51:00,U003689,신용카드,문화/여가,30632.0,경남,20대,성공
2024-12-13 08:56:00,U001594,신용카드,교통,1648.0,,,성공
2024-07-10 07:33:00,U002224,휴대폰결제,문화/여가,14175.0,인천,40대,성공
2024-11-18 11:58:00,U001555,계좌이체,여행,42510.0,서울,20대,성공
2024-02-15 19:17:00,U002436,신용카드,기타,36288.0,서울,,성공
2024/10/01 20:54,U001325,계좌이체,쇼핑,22158.0,경기,20대,실패
2024-06-14 13:56:00,U002366,체크카드,의료,17589.0,,20대,성공
2024-02-28 15:49:00,U000612,,쇼핑,10172.0,서울,10대,성공
2024-01-19 12:13:00,U000607,체크카드,기타,33709.0,경기,20대,성공
2024-08-29 00:53:00,U000840,신용카드,쇼핑,18127.0,서울,30대,성공
2024/11/11 12:39,U002595,포인트결제,식음료,27452.0,경기,10대,성공
2024/07/23 07:49,U003963,체크카드,교통,2288.0,서울,30대,실패
2024-03-18 16:36:00,U002686,계좌이체,쇼핑,77267.0,경북,30대,성공
2024-06-25 03:56:00,U003392, 신용카드 ,문화/여가,36412.0,경기,20대,성공
2024-03-24 11:43:00,U001090,휴대폰결제,식음료,14142.0,서울,40대,취소
2024-01-16 20:53:00,U000893,신용카드,여행,138493.0,경기,20대,성공
2024-10-01 20:05:00,U002518, 신용카드 ,교통,1414.0,울산,20대,성공
2024-02-24 17:35:00,U003691,계좌이체,문화/여가,58687.0,경기,20대,성공
2024-04-25 12:55:00,U003636,계좌이체,식음료,,서울,50대,성공
2024-11-03 07:25:00,U003438,신용카드,식음료,43377.0,인천,30대,성공
2024-05-23 06:29:00,U001922,체크카드,식음료,36516.0,경남,30대,성공
2024/05/04 21:37,U001342,계좌이체,여행,335449.0,울산,10대,취소
2024-08-01 20:33:00,U002949,신용카드,쇼핑,18433.0,대구,30대,성공
2024/08/17 18:28,U000355,신용카드,여행,-347320.0,전남,30대,성공
2024-07-25 18:10:00,U002850,신용카드,기타,72390.0,서울,20대,성공
2024-04-03 10:46:00,U003322,체크카드,공과금,63893.0,서울,30대,성공
2024-07-02 09:00:00,U002899,신용카드,교육,179152.0,충남,30대,성공
2024-12-23 20:36:00,U002568,신용카드,교통,868.0,부산,50대,성공
2024-09-16 12:09:00,U002206,계좌이체,의료,16824.0,서울,50대,성공
2024-04-03 21:20:00,U002973,포인트결제,의료,50417.0,경북,20대,성공
2024-02-01 18:18:00,U001328,휴대폰결제,의료,28370.0,경남,,성공
2024-04-07 19:15:00,U002502, 신용카드 ,기타,18526.0,충북,20대,성공
2024/04/27 22:22,U001439, 신용카드 ,쇼핑,26712.0,부산,30대,성공
2024-05-02 13:11:00,U002123,체크카드,기타,49693.0,부산,30대,성공
2024-02-05 16:09:00,U003724,신용카드,교통,5677.0,,60대 이상,성공
2024-05-07 07:05:00,U001672,신용카드,의료,20376.0,경기,30대,성공
2024-01-29 08:59:00,U001364,신용카드,식음료,12712.0,경기,50대,성공
2024-05-09 19:21:00,U000506,신용카드,교육,57868.0,제주,20대,성공
2024-03-07 15:00:00,U002157,체크카드,식음료,5366.0,대구,50대,취소
2024/04/04 07:41,U000104,신용카드,기타,40559.0,부산,20대,성공
2024-01-07 04:23:00,U000980,체크카드,교통,3412.0,인천,40대,성공
2024-01-25 14:10:00,U001499,신용카드,문화/여가,27104.0,,40대,성공
2024-07-14 07:59:00,U000922, 신용카드 ,문화/여가,28277.0,제주,50대,성공
2024/10/08 09:38,U002736,계좌이체,문화/여가,38415.0,,20대,취소
2024/04/16 19:54,U003843,신용카드,쇼핑,89709.0,충북,50대,성공
2024-07-08 15:08:00,U003185,체크카드,공과금,58216.0,경남,30대,성공
2024-05-07 13:34:00,U001823, 신용카드 ,공과금,60694.0,경기,20대,성공
2024-07-25 23:30:00,U001389,신용카드,의료,26971.0,서울,30대,성공
2024-07-06 18:52:00,U003154,체크카드,문화/여가,22509.0,전북,50대,성공
2024-07-28 15:28:00,U001411,체크카드,문화/여가,27386.0,경북,20대,성공
2024-03-23 19:49:00,U003987,계좌이체,문화/여가,111825.0,충북,40대,성공
2024-08-12 09:21:00,U003483,신용카드,쇼핑,68486.0,경기,40대,성공
2024-10-03 09:22:00,U003433,신용카드,쇼핑,33680.0,제주,40대,성공
2024-05-08 20:41:00,U003687,신용카드,식음료,18372.0,대전,40대,성공
2024-12-22 07:28:00,U002125,계좌이체,문화/여가,58935.0,대구,60대 이상,성공
2024-02-21 19:13:00,U000821,신용카드,식음료,11313.0,서울,20대,성공
2024-06-11 19:28:00,U001177, 신용카드 ,식음료,7173.0,서울,20대,성공
2024/08/13 02:59,U003527,포인트결제,쇼핑,100780.0,서울,30대,성공
2024/08/13 11:06,U002299,휴대폰결제,문화/여가,28135.0,서울,20대,성공
2024-02-20 18:11:00,U000632,신용카드,여행,82818.0,인천,30대,성공
2024-12-15 17:31:00,U002366,신용카드,쇼핑,32378.0,광주,30대,성공
2024-07-04 19:58:00,U001925,체크카드,식음료,24732.0,서울,40대,성공
2024-03-29 10:44:00,U003957,신용카드,의료,9132.0,경기,40대,성공
2024-04-08 16:07:00,U001942,포인트결제,식음료,30334.0,경남,20대,성공
2024-01-27 10:52:00,U001668,포인트결제,식음료,18477.0,부산,20대,성공
2024-06-08 13:19:00,U003806,신용카드,여행,208192.0,경기,10대,성공
2024-03-29 08:14:00,U000762,체크카드,쇼핑,76343.0,인천,50대,성공
2024-11-04 10:50:00,U001521,계좌이체,문화/여가,38541.0,경북,,성공
2024-10-26 12:47:00,U001715,체크카드,기타,12620.0,인천,30대,성공
2024-08-29 09:21:00,U002166,포인트결제,식음료,15143.0,경기,40대,성공
2024-08-11 22:42:00,U000724,신용카드,의료,39706.0,경기,20대,실패
2024-11-09 08:09:00,U002334,계좌이체,식음료,34317.0,서울,40대,성공
2024-03-27 10:42:00,U003841,휴대폰결제,교통,3405.0,경기,30대,성공
2024-12-05 09:28:00,U002693,신용카드,식음료,13314.0,대전,40대,성공
2024-11-23 10:15:00,U001344,계좌이체,여행,92346.0,경기,60대 이상,성공
2024-07-18 09:46:00,U001837,체크카드,문화/여가,142574.0,서울,40대,성공
2024-05-04 07:23:00,U001290,신용카드,공과금,49259.0,부산,20대,성공
2024-08-18 20:35:00,U001986,신용카드,기타,13633.0,서울,40대,실패
2024-05-18 22:32:00,U001112, 신용카드 ,식음료,10373.0,경남,10대,성공
2024-04-11 20:30:00,U003451,신용카드,교통,1979.0,서울,60대 이상,성공
2024-01-02 06:51:00,U003780, 신용카드 ,쇼핑,7217.0,세종,40대,성공
2024-07-20 20:59:00,U000783,신용카드,교육,51426.0,전남,30대,실패
2024-11-15 19:17:00,U002941,계좌이체,식음료,14388.0,인천,30대,성공
2024-11-16 11:38:00,U002350,신용카드,쇼핑,24026.0,서울,30대,성공
2024-07-09 10:44:00,U000389,포인트결제,식음료,7578.0,,20대,성공
2024-12-10 10:15:00,U002447,신용카드,쇼핑,56732.0,강원,20대,성공
2024-12-30 20:37:00,U003307,체크카드,교육,86739.0,전북,,성공
2024-04-24 06:19:00,U001668,신용카드,여행,476739.0,,20대,실패
2024/09/06 01:03,U003671,체크카드,식음료,7799.0,경기,30대,성공
2024-01-28 13:59:00,U001235,신용카드,식음료,4898.0,서울,30대,성공
2024-02-12 19:07:00,U000263,신용카드,공과금,70564.0,부산,20대,성공
2024-01-13 20:45:00,U000768,계좌이체,의료,21703.0,서울,20대,성공
2024/12/18 19:07,U001089,신용카드,쇼핑,55295.0,부산,40대,성공
2024-07-29 16:54:00,U002793,신용카드,교통,2287.0,대전,,성공
2024-10-19 11:52:00,U002563,신용카드,쇼핑,85052.0,경북,,성공
2024-05-17 10:20:00,U003913,체크카드,교통,777.0,경남,60대 이상,성공
2024-08-13 12:30:00,U000812,계좌이체,쇼핑,71254.0,울산,20대,성공
2024-12-13 21:06:00,U001951,체크카드,교통,13290.0,경기,30대,실패
2024-05-18 12:41:00,U000598,신용카드,교통,2591.0,서울,60대 이상,성공
2024/09/12 00:08,U002198,신용카드,쇼핑,46942.0,충북,20대,성공
2024/10/07 20:57,U001407,계좌이체,교통,591.0,제주,30대,성공
2024-05-25 17:21:00,U000208,체크카드,쇼핑,8449.0,서울,20대,성공
2024-04-15 15:09:00,U002348,신용카드,교통,826.0,부산,40대,취소
2024-01-01 23:16:00,U003535,,교육,59925.0,강원,20대,성공
2024/12/08 18:54,U003431,신용카드,쇼핑,84040.0,서울,20대,성공
2024-06-25 12:17:00,U002193,계좌이체,쇼핑,49025.0,광주,20대,성공
2024-08-13 11:25:00,U001941,신용카드,식음료,12195.0,충북,20대,성공
2024-11-10 19:48:00,U000532,신용카드,쇼핑,25357.0,경기,40대,성공
2024-10-07 21:25:00,U003188,체크카드,교통,3728.0,서울,10대,성공
2024-12-05 15:25:00,U001710, 신용카드 ,기타,17193.0,서울,50대,성공
2024-06-03 18:57:00,U001664,계좌이체,식음료,19041.0,경기,40대,성공
2024-12-09 11:35:00,U003881,체크카드,쇼핑,55382.0,서울,30대,성공
2024-08-07 16:20:00,U001423,포인트결제,의료,34094.0,서울,20대,성공
2024-03-15 12:43:00,U000302,포인트결제,문화/여가,55680.0,경기,40대,성공
2024-11-22 19:14:00,U001434,계좌이체,기타,15004.0,서울,30대,성공
2024-03-15 14:28:00,U002181,신용카드,문화/여가,18925.0,서울,30대,성공
2024-11-25 18:54:00,U003858,신용카드,교통,5278.0,전북,60대 이상,성공
2024-03-13 00:10:00,U001383,체크카드,여행,58221.0,경기,30대,성공
2024-04-13 04:03:00,U000658,체크카드,공과금,140783.0,서울,50대,성공
2024-07-11 12:46:00,U001903,계좌이체,식음료,8310.0,경기,50대,성공
2024-09-04 14:18:00,U001231,신용카드,의료,38687.0,경기,30대,성공
2024-05-25 14:09:00,U001119, 신용카드 ,교육,54970.0,제주,50대,성공
2024-03-14 17:53:00,U000213,체크카드,식음료,15218.0,경기,50대,성공
2024-10-23 16:40:00,U003874,포인트결제,식음료,14095.0,서울,,성공
2024-06-28 21:06:00,U003317, 신용카드 ,문화/여가,4613.0,서울,40대,성공
2024-12-03 18:04:00,U003043,신용카드,문화/여가,10352.0,대구,40대,성공
2024-05-12 09:25:00,U001180,포인트결제,식음료,27139.0,울산,60대 이상,성공
2024-05-14 08:26:00,U002295,신용카드,교통,2851.0,부산,20대,성공
2024-01-24 19:06:00,U003336,포인트결제,교통,945.0,강원,60대 이상,실패
2024-07-28 12:22:00,U001321,신용카드,의료,4812.0,인천,40대,성공
2024-02-25 18:52:00,U003249,휴대폰결제,교통,3628.0,인천,50대,성공
2024-01-04 09:34:00,U002782,신용카드,쇼핑,92762.0,충남,40대,성공
2024/01/04 19:12,U000876,체크카드,교통,6810.0,대전,30대,성공
2024-08-26 20:40:00,U001192,체크카드,쇼핑,67410.0,경기,30대,성공
2024-11-16 20:23:00,U001361,신용카드,여행,60451.0,부산,40대,성공
2024-04-14 12:01:00,U000202,신용카드,의료,39829.0,서울,40대,성공
2024-11-27 06:39:00,U001005,휴대폰결제,교육,45510.0,인천,50대,성공
2024/02/11 14:35,U003300,신용카드,식음료,8081.0,,20대,성공
2024-05-07 19:27:00,U003371,체크카드,교통,,서울,40대,성공
2024-12-03 21:53:00,U001592,포인트결제,쇼핑,22460.0,서울,20대,성공
2024-08-11 16:34:00,U003276,체크카드,공과금,46108.0,대구,,성공
2024-02-25 00:15:00,U003893,신용카드,여행,479696.0,,50대,성공
2024-08-11 11:34:00,U003198,휴대폰결제,문화/여가,7956.0,경기,40대,성공
2024-10-02 17:03:00,U003831,계좌이체,의료,24758.0,부산,30대,성공
2024-05-15 15:48:00,U000423,계좌이체,교육,55009.0,전남,20대,성공
2024-05-13 01:18:00,U002206,체크카드,식음료,2210.0,충북,30대,성공
2024-11-01 15:34:00,U000884,신용카드,교육,22699.0,서울,20대,성공
2024-10-25 07:36:00,U000783,휴대폰결제,쇼핑,102808.0,광주,10대,성공
2024-04-14 10:37:00,U001581,신용카드,교통,745.0,서울,20대,실패
2024-12-05 19:44:00,U002210,휴대폰결제,기타,2959.0,세종,30대,성공
2024-10-23 11:53:00,U001335,포인트결제,쇼핑,11189.0,제주,,성공
2024-09-24 11:05:00,U001685,포인트결제,공과금,14841.0,대전,50대,실패
2024-05-17 21:53:00,U001168,신용카드,쇼핑,179756.0,경기,30대,실패
2024/02/28 15:22,U003132,계좌이체,식음료,8232.0,,20대,성공
2024/06/20 16:23,U001712,계좌이체,식음료,30113.0,서울,10대,성공
2024-05-18 14:35:00,U003680,신용카드,공과금,52909.0,경북,40대,성공
2024-12-07 19:37:00,U002762,포인트결제,기타,52391.0,서울,50대,성공
2024-03-08 20:22:00,U001316,계좌이체,여행,626476.0,경기,30대,실패
2024-07-03 10:49:00,U002098,신용카드,식음료,14406.0,서울,50대,성공
2024-04-16 18:49:00,U001010,포인트결제,문화/여가,27698.0,경기,30대,성공
2024-08-01 19:10:00,U001960,휴대폰결제,교통,2886.0,서울,60대 이상,성공
2024-06-09 12:48:00,U000434,계좌이체,문화/여가,24581.0,서울,20대,성공
2024-06-18 19:50:00,U003688,계좌이체,의료,93658.0,부산,30대,성공
2024-02-27 07:30:00,U003430,계좌이체,문화/여가,16169.0,광주,40대,성공
2024-12-08 15:20:00,U001450,신용카드,여행,181211.0,경남,50대,성공
2024-09-16 01:40:00,U003970,신용카드,교통,3285.0,서울,40대,성공
2024/06/16 00:52,U002522,계좌이체,교통,7042.0,서울,50대,성공
2024-10-28 23:04:00,U001193,계좌이체,식음료,8295.0,서울,50대,성공
2024-03-21 19:42:00,U002951,계좌이체,여행,72711.0,서울,40대,성공
2024/07/22 21:36,U000914,계좌이체,교통,2136.0,대구,40대,성공
2024-02-26 09:53:00,U003200,신용카드,교통,3072.0,서울,30대,성공
2024-09-13 21:05:00,U001220,신용카드,의료,35336.0,충남,30대,성공
2024-12-06 22:21:00,U000860,체크카드,교육,72071.0,강원,30대,성공
2024-01-02 13:17:00,U000558,체크카드,공과금,32367.0,경북,50대,성공
2024-04-10 10:18:00,U000606,체크카드,공과금,56628.0,충남,,성공
2024-10-05 08:13:00,U003468,휴대폰결제,교육,146707.0,경기,60대 이상,성공
2024-03-31 21:12:00,U000190,계좌이체,교육,120894.0,경북,50대,성공
2024/12/23 18:27,U001444,계좌이체,식음료,22013.0,대구,30대,성공
2024-08-04 19:23:00,U001011,포인트결제,교육,71925.0,경기,10대,성공
2024-05-07 15:49:00,U000215,포인트결제,문화/여가,8740.0,서울,,성공
2024-03-02 10:19:00,U002181,휴대폰결제,식음료,39437.0,,40대,성공
2024-05-20 15:45:00,U000825,신용카드,교육,83441.0,인천,40대,성공
2024-05-26 13:44:00,U003433,신용카드,식음료,11357.0,경기,40대,성공
2024-01-04 02:38:00,U002588,신용카드,식음료,19303.0,울산,30대,성공
2024-11-18 22:49:00,U002222,계좌이체,쇼핑,64499.0,충북,30대,성공
2024-07-07 20:08:00,U001224,계좌이체,교육,68881.0,경기,60대 이상,성공
2024-03-19 19:40:00,U002340,신용카드,교통,3131.0,제주,20대,성공
2024-10-21 11:51:00,U003342,신용카드,쇼핑,58013.0,서울,30대,성공
2024-09-20 13:53:00,U002561,신용카드,기타,10713.0,대전,30대,성공
2024-03-07 14:48:00,U000135,신용카드,식음료,11531.0,부산,20대,성공
2024-02-21 19:47:00,U001836,계좌이체,문화/여가,,경기,20대,성공
2024-05-21 19:46:00,U000638,,여행,156418.0,서울,30대,성공
2024-08-18 15:36:00,U003247,신용카드,공과금,29487.0,경기,30대,성공
2024-08-23 20:51:00,U002059,포인트결제,쇼핑,60095.0,경기,50대,실패
2024-01-19 09:59:00,U001136,계좌이체,교통,2439.0,대구,30대,성공
2024-07-21 10:35:00,U003831,계좌이체,기타,10079.0,강원,20대,성공
2024-01-05 15:15:00,U000186,계좌이체,쇼핑,21700.0,서울,20대,성공
2024-11-24 10:12:00,U001390,계좌이체,여행,323321.0,경기,20대,성공
2024/05/16 16:28,U000249,포인트결제,공과금,108657.0,서울,40대,성공
2024-10-13 10:52:00,U001323,,교육,157513.0,서울,20대,성공
2024-11-25 14:11:00,U003252,신용카드,교육,108183.0,서울,30대,성공
2024-03-08 19:18:00,U000356,체크카드,교통,4263.0,경남,60대 이상,성공
2024/07/02 09:08,U002230,신용카드,기타,25933.0,충북,40대,취소
2024/03/30 18:03,U001719,신용카드,문화/여가,64107.0,서울,40대,성공
2024-05-09 21:17:00,U002318,계좌이체,교육,55844.0,서울,20대,성공
2024-10-17 18:08:00,U003619,신용카드,쇼핑,27693.0,인천,10대,성공
2024-02-29 18:12:00,U001297,신용카드,기타,24973.0,울산,60대 이상,성공
2024/05/18 11:31,U001515,체크카드,식음료,35186.0,서울,20대,성공
2024-09-24 23:30:00,U000150,계좌이체,쇼핑,125568.0,전남,,성공
2024-04-24 17:43:00,U003369,체크카드,문화/여가,20981.0,,20대,성공
2024/01/01 12:02,U001495,체크카드,기타,31165.0,경기,30대,성공
2024-05-18 14:22:00,U003691, 신용카드 ,의료,19589.0,경기,40대,취소
2024-12-26 19:20:00,U003261,계좌이체,공과금,83587.0,경기,20대,성공
2024-04-10 17:03:00,U001994,신용카드,교육,146516.0,인천,20대,성공
2024-08-27 08:40:00,U000142,포인트결제,식음료,15690.0,서울,30대,성공
2024-02-05 12:09:00,U001680,체크카드,식음료,35708.0,서울,60대 이상,성공
2024-12-11 04:50:00,U003320, 신용카드 ,공과금,184910.0,서울,30대,성공
2024-12-14 14:25:00,U002007, 신용카드 ,쇼핑,32590.0,충북,40대,성공
2024-04-26 09:25:00,U000746,계좌이체,교육,62818.0,충북,20대,성공
2024/05/11 10:20,U002356,계좌이체,문화/여가,45052.0,경기,20대,성공
2024-03-07 06:02:00,U002730,체크카드,문화/여가,20480.0,서울,,성공
2024-03-04 03:43:00,U000084,체크카드,의료,96081.0,,,실패
2024-11-16 22:55:00,U002730,체크카드,쇼핑,62345.0,경기,30대,성공
2024-04-13 18:45:00,U001909,체크카드,교통,10451.0,전북,20대,성공
2024-04-13 17:05:00,U002045,신용카드,식음료,21486.0,경기,30대,성공
2024-06-23 21:54:00,U001218,계좌이체,공과금,139570.0,서울,20대,성공
2024-09-04 11:33:00,U003432,휴대폰결제,공과금,100597.0,서울,30대,성공
2024-05-14 02:31:00,U001012,체크카드,쇼핑,114615.0,서울,40대,취소
2024-06-20 02:21:00,U002598,체크카드,의료,107448.0,경기,30대,성공
2024-06-15 21:58:00,U002209,신용카드,기타,26649.0,광주,20대,성공
2024-05-14 13:12:00,U001984,신용카드,교통,500.0,광주,20대,성공
2024-03-22 21:38:00,U002184,체크카드,쇼핑,58639.0,경북,20대,성공
2024-01-29 19:32:00,U000910,신용카드,쇼핑,40979.0,경기,60대 이상,성공
2024-11-30 11:42:00,U000092,신용카드,공과금,85405.0,경남,,성공
2024-08-24 18:52:00,U000094,신용카드,공과금,25481.0,경기,20대,성공
2024-11-24 06:51:00,U001452,신용카드,문화/여가,5015.0,인천,20대,성공
2024-05-19 17:36:00,U003464,신용카드,쇼핑,86609.0,울산,30대,성공
2024-11-28 04:31:00,U000563,체크카드,교통,8262.0,경기,20대,성공
2024-02-20 07:39:00,U000619,계좌이체,공과금,52023.0,경기,10대,성공
2024/09/07 20:09,U002120,신용카드,공과금,66377.0,서울,30대,실패
2024-06-09 16:10:00,U002092,체크카드,식음료,11246.0,부산,50대,실패
2024-12-17 23:19:00,U002983,계좌이체,여행,30944.0,충남,30대,성공
2024-10-28 23:06:00,U001951,신용카드,쇼핑,110800.0,경기,30대,성공
2024/06/30 14:52,U002979,체크카드,여행,403651.0,경남,20대,성공
2024/09/29 18:39,U003337,신용카드,교육,86965.0,서울,40대,성공
2024-11-22 22:19:00,U000543,신용카드,문화/여가,33930.0,부산,20대,성공
2024-03-22 18:35:00,U002301,체크카드,교육,230975.0,세종,60대 이상,성공
2024-11-19 15:06:00,U002046,포인트결제,식음료,15562.0,경북,40대,성공
2024-01-22 18:39:00,U002727,포인트결제,공과금,78368.0,경기,30대,성공
2024/02/08 23:08,U001290,포인트결제,식음료,16261.0,경기,30대,성공
2024-01-20 09:24:00,U001601,체크카드,식음료,16625.0,서울,30대,성공
2024/04/01 08:43,U002810,포인트결제,식음료,12990.0,서울,20대,성공
2024-09-24 09:32:00,U003439,계좌이체,교통,8562.0,충북,20대,성공
2024-03-09 12:43:00,U003841, 신용카드 ,여행,115852.0,경기,40대,성공
2024-04-05 12:55:00,U002572,신용카드,식음료,64893.0,서울,,성공
2024-02-14 11:35:00,U003774,포인트결제,여행,137015.0,대전,20대,실패
2024-07-24 17:08:00,U001328,포인트결제,기타,17176.0,경기,20대,성공
2024-04-11 16:41:00,U002274,체크카드,식음료,28726.0,,20대,성공
2024-09-07 07:57:00,U000967,신용카드,문화/여가,2821.0,서울,30대,성공
2024-11-25 11:18:00,U003042,포인트결제,쇼핑,15506.0,부산,30대,성공
2024-05-05 12:05:00,U002028,체크카드,교통,1263.0,,50대,성공
2024-10-17 18:52:00,U003791,신용카드,쇼핑,26539.0,서울,30대,성공
2024-11-07 08:08:00,U002011,포인트결제,의료,,서울,20대,성공
2024-12-01 12:00:00,U002106,신용카드,교육,51767.0,서울,40대,실패
2024-02-25 23:07:00,U000105,신용카드,교통,1709.0,충남,30대,성공
2024-10-05 15:54:00,U003733,포인트결제,공과금,106209.0,서울,,성공
2024-01-04 23:53:00,U001058,계좌이체,식음료,13606.0,서울,40대,성공
2024-10-26 20:54:00,U003613, 신용카드 ,공과금,41462.0,인천,30대,성공
2024-05-24 20:21:00,U001690, 신용카드 ,여행,97956.0,서울,,실패
2024-04-09 17:06:00,U000997,휴대폰결제,의료,,서울,50대,취소
2024/11/25 15:11,U001411,신용카드,식음료,12317.0,서울,20대,성공
2024-12-27 20:45:00,U001965,계좌이체,쇼핑,133553.0,서울,30대,성공
2024/07/03 10:46,U002031,신용카드,쇼핑,63777.0,경기,50대,성공
2024-05-05 16:12:00,U002615,휴대폰결제,교통,4484.0,서울,30대,성공
2024-12-07 19:40:00,U003028, 신용카드 ,식음료,14296.0,경기,20대,성공
2024-05-07 21:37:00,U000582,계좌이체,공과금,92837.0,울산,40대,성공
2024-08-30 11:10:00,U002051,포인트결제,기타,23633.0,서울,10대,취소
2024-08-29 22:51:00,U001730,계좌이체,문화/여가,40417.0,제주,60대 이상,실패
2024/02/08 11:26,U002573,신용카드,쇼핑,26886.0,경남,30대,성공
2024-01-03 18:36:00,U000047,신용카드,쇼핑,25531.0,인천,30대,성공
2024-10-11 19:57:00,U000979,신용카드,문화/여가,26110.0,서울,30대,성공
2024-12-05 23:11:00,U000350, 신용카드 ,식음료,14997.0,서울,20대,성공
2024-01-14 12:58:00,U001001,휴대폰결제,공과금,32945.0,서울,50대,성공
2024-06-28 15:43:00,U001071,체크카드,쇼핑,80050.0,서울,50대,취소
2024-09-01 14:59:00,U003241,신용카드,문화/여가,26992.0,서울,40대,성공
2024-06-22 15:11:00,U000151,신용카드,문화/여가,8964.0,충남,30대,성공
2024-02-21 19:56:00,U002452,신용카드,문화/여가,29119.0,대전,30대,성공
2024-02-29 15:56:00,U002498,신용카드,쇼핑,148483.0,,30대,성공
2024-11-05 10:04:00,U001764,신용카드,교통,2663.0,부산,40대,성공
2024-11-09 17:17:00,U000317,포인트결제,식음료,40473.0,경기,20대,성공
2024-10-14 11:06:00,U003129,신용카드,교통,3383.0,인천,20대,성공
2024-02-20 11:23:00,U002738,포인트결제,기타,49046.0,서울,40대,성공
2024/05/19 15:29,U001694,체크카드,교통,3824.0,울산,,성공
2024-10-17 19:34:00,U001255,신용카드,문화/여가,25633.0,광주,30대,성공
2024-09-20 12:26:00,U001393,신용카드,교육,122855.0,경기,30대,성공
2024-06-06 11:38:00,U002947,체크카드,쇼핑,44420.0,부산,40대,성공
2024-07-30 10:03:00,U000979,휴대폰결제,식음료,20491.0,경기,,취소
2024-07-02 02:36:00,U001916,신용카드,식음료,25801.0,서울,50대,성공
2024-03-05 17:06:00,U001164,신용카드,공과금,38832.0,인천,30대,성공
2024-06-15 15:48:00,U000787,계좌이체,식음료,46246.0,경기,20대,취소
2024-01-06 14:00:00,U001657,체크카드,문화/여가,74925.0,인천,40대,성공
2024-04-21 17:31:00,U000224,체크카드,교통,3116.0,경기,30대,성공
2024-07-29 17:51:00,U003209,계좌이체,공과금,38720.0,경기,30대,성공
2024-10-06 08:33:00,U000428,포인트결제,쇼핑,58194.0,경기,40대,성공
2024-04-04 10:23:00,U001963,신용카드,교통,4477.0,서울,20대,성공
2024-11-15 19:46:00,U000745,신용카드,쇼핑,71900.0,경기,20대,취소
2024-07-24 20:18:00,U002231,휴대폰결제,공과금,68808.0,서울,60대 이상,성공
2024-08-18 13:45:00,U002790,계좌이체,쇼핑,113728.0,서울,30대,성공
2024-06-22 11:54:00,U000385,신용카드,쇼핑,19790.0,경기,20대,성공
2024-05-11 08:48:00,U003181,계좌이체,의료,16604.0,제주,20대,취소
2024/01/09 15:18,U002942,신용카드,교통,1369.0,제주,30대,성공
2024-03-18 13:48:00,U001087,체크카드,기타,47656.0,경기,50대,성공
2024-08-24 18:00:00,U002030,신용카드,식음료,31935.0,울산,20대,성공
2024-01-17 16:44:00,U003342,포인트결제,기타,48877.0,경기,20대,성공
2024-10-26 12:07:00,U000193,신용카드,쇼핑,,광주,20대,성공
2024-06-13 12:35:00,U000318,신용카드,기타,25056.0,서울,60대 이상,성공
2024-03-25 19:34:00,U000148,체크카드,여행,157800.0,충남,60대 이상,성공
2024-12-20 15:48:00,U001495,신용카드,여행,77663.0,서울,20대,성공
2024-07-17 08:24:00,U002003,신용카드,공과금,71217.0,전남,60대 이상,성공
2024/08/25 09:52,U002962,체크카드,의료,78712.0,부산,60대 이상,성공
2024/08/01 10:14,U003527, 신용카드 ,의료,36856.0,서울,,성공
2024-03-13 15:27:00,U003360,체크카드,식음료,10340.0,대전,30대,취소
2024-10-23 21:42:00,U000687,체크카드,식음료,8705.0,경기,30대,실패
2024-07-23 08:38:00,U000263,신용카드,식음료,-13678.0,충북,20대,성공
2024/09/09 14:38,U001855,신용카드,교육,77222.0,울산,30대,성공
2024-06-11 18:09:00,U002500,신용카드,기타,49634.0,경기,20대,취소
2024-09-05 18:46:00,U003127,신용카드,교통,2285.0,경기,40대,성공
2024-12-16 18:41:00,U002383,체크카드,의료,54213.0,서울,20대,성공
2024-04-28 20:27:00,U000369,신용카드,식음료,5314.0,경기,30대,취소
2024-06-02 07:18:00,U003213,포인트결제,의료,92480.0,전남,40대,성공
2024-03-24 20:34:00,U002686,신용카드,식음료,35119.0,경기,,성공
2024-12-11 18:32:00,U002463,계좌이체,쇼핑,74884.0,경북,20대,성공
2024/06/05 10:35,U001746,체크카드,문화/여가,38850.0,대구,30대,성공
2024-07-23 19:41:00,U001992,신용카드,교육,80343.0,서울,,성공
2024-10-07 17:28:00,U002991,신용카드,교통,4505.0,서울,10대,성공
2024-10-10 13:18:00,U002240,계좌이체,의료,11159.0,광주,20대,성공
2024/08/19 21:25,U002206,포인트결제,의료,46135.0,인천,40대,성공
2024/01/23 12:59,U003002,포인트결제,문화/여가,64354.0,경기,60대 이상,성공
2024-11-11 19:24:00,U003896,신용카드,의료,96911.0,서울,30대,취소
2024-02-18 11:32:00,U003519,포인트결제,교통,2756.0,경기,50대,성공
2024-12-29 23:34:00,U002495,체크카드,쇼핑,48227.0,경남,50대,성공
2024-09-05 05:29:00,U003286,체크카드,교육,119038.0,서울,20대,성공
2024-08-11 12:09:00,U000117,계좌이체,식음료,35040.0,,20대,성공
2024-10-18 15:41:00,U000408,신용카드,교통,2037.0,서울,40대,성공
2024-08-22 11:49:00,U003196,계좌이체,식음료,11366.0,울산,30대,성공
2024/06/10 17:28,U001955,휴대폰결제,식음료,12895.0,서울,20대,성공
2024-03-09 19:57:00,U003299,신용카드,의료,32153.0,부산,10대,성공
2024/02/06 21:16,U000893, 신용카드 ,식음료,8017.0,강원,40대,성공
2024-11-08 17:12:00,U000353,계좌이체,식음료,17391.0,대구,20대,성공
2024-04-16 22:01:00,U002547, 신용카드 ,기타,14748.0,대전,30대,성공
2024-10-27 12:25:00,U002845,신용카드,식음료,9235.0,서울,40대,성공
2024-09-17 11:33:00,U002527,계좌이체,의료,102521.0,경기,30대,성공
2024-07-29 15:48:00,U000964,체크카드,공과금,10263.0,경기,30대,성공
2024-07-05 22:00:00,U000711,체크카드,쇼핑,14167.0,부산,30대,성공
2024-11-29 14:03:00,U000542,신용카드,쇼핑,57009.0,경기,40대,성공
2024-03-05 19:32:00,U000814,체크카드,의료,13636.0,서울,20대,성공
2024-10-28 03:25:00,U000416,체크카드,문화/여가,21066.0,제주,20대,성공
2024/05/12 01:23,U003937,계좌이체,문화/여가,25995.0,부산,20대,성공
2024-04-18 22:57:00,U003293,신용카드,기타,24620.0,울산,20대,성공
2024-01-15 19:58:00,U001910, 신용카드 ,문화/여가,31818.0,,30대,성공
2024/11/27 13:46,U000888,계좌이체,문화/여가,10856.0,경남,20대,성공
2024/12/30 07:22,U003153,체크카드,교통,1704.0,서울,20대,성공
2024-06-17 09:00:00,U003948,신용카드,교육,243932.0,경기,20대,성공
2024-03-01 14:26:00,U003336,계좌이체,식음료,11354.0,부산,40대,실패
2024-02-28 13:53:00,U001106,체크카드,기타,27342.0,강원,50대,성공
2024-12-23 21:35:00,U001552,신용카드,교육,89928.0,경기,30대,실패
2024-08-13 19:55:00,U002221,신용카드,의료,28151.0,부산,30대,성공
2024-08-03 12:26:00,U000852,신용카드,교통,1675.0,,,성공
2024-12-02 20:54:00,U000633,계좌이체,문화/여가,17218.0,경기,10대,성공
2024/09/08 12:15,U003370,신용카드,여행,406998.0,서울,10대,성공
2024-05-28 00:47:00,U001397,포인트결제,여행,51285.0,경기,40대,성공
2024-05-31 11:47:00,U002207,체크카드,여행,212900.0,대구,20대,성공
2024-09-09 21:55:00,U000974,,쇼핑,117087.0,인천,60대 이상,성공
2024-12-09 22:40:00,U003906,신용카드,식음료,14642.0,경기,20대,성공
2024-03-05 19:21:00,U001577,휴대폰결제,식음료,4585.0,경기,20대,취소
2024-11-29 07:59:00,U002562,신용카드,기타,18948.0,전북,30대,성공
2024-12-14 14:53:00,U001961,계좌이체,식음료,50022.0,경기,30대,성공
2024-04-11 13:28:00,U002088,신용카드,공과금,76459.0,서울,,취소
2024-09-23 11:50:00,U001188,신용카드,쇼핑,66620.0,충남,40대,실패
2024-02-07 03:04:00,U003031,체크카드,쇼핑,56970.0,경북,10대,성공
2024/02/12 09:26,U001359,신용카드,교통,1923.0,경남,20대,성공
2024/12/11 19:20,U000025,체크카드,식음료,19420.0,,30대,성공
2024-08-25 19:23:00,U000947,포인트결제,공과금,63844.0,경북,40대,성공
2024-08-05 21:38:00,U001099,포인트결제,쇼핑,35222.0,경기,40대,성공
2024/03/11 21:03,U003316,계좌이체,의료,21226.0,부산,60대 이상,성공
2024/04/28 08:21,U002982,계좌이체,문화/여가,60561.0,,40대,성공
2024-09-15 16:52:00,U003772,신용카드,교육,163315.0,,20대,성공
2024-04-06 19:48:00,U002695,신용카드,공과금,85415.0,울산,60대 이상,취소
2024-09-06 10:52:00,U002130,체크카드,쇼핑,105579.0,경기,30대,취소
2024-11-23 17:31:00,U000938,신용카드,교통,6918.0,대전,50대,성공
2024/07/16 21:51,U002208,체크카드,교육,156505.0,부산,30대,성공
2024-11-01 11:09:00,U001393,포인트결제,기타,29936.0,부산,40대,성공
2024-05-03 18:07:00,U002113,체크카드,식음료,33475.0,부산,20대,성공
2024-12-09 13:15:00,U003911,체크카드,식음료,33609.0,전북,50대,성공
2024-04-14 22:42:00,U003132,신용카드,기타,18441.0,서울,40대,성공
2024-12-08 17:18:00,U003386,신용카드,쇼핑,40832.0,서울,50대,성공
2024-07-07 17:13:00,U003978,신용카드,식음료,66674.0,서울,10대,성공
2024-07-04 19:58:00,U001882,계좌이체,기타,79519.0,서울,40대,성공
2024-01-19 07:32:00,U001304,신용카드,식음료,34115.0,충남,40대,성공
2024-12-04 19:25:00,U002951,계좌이체,쇼핑,60431.0,부산,20대,성공
2024-12-28 17:14:00,U002243,신용카드,문화/여가,3808.0,경기,30대,성공
2024-10-07 11:29:00,U000371,신용카드,교통,5311.0,서울,30대,성공
2024-06-28 11:02:00,U001750,신용카드,쇼핑,103581.0,대구,30대,성공
2024/10/18 13:34,U001518,신용카드,교통,3957.0,경기,60대 이상,취소
2024/09/04 21:13,U003546,포인트결제,교통,5606.0,서울,40대,성공
2024-06-08 20:03:00,U003784,체크카드,여행,288469.0,경남,20대,성공
2024-08-03 12:17:00,U000972,신용카드,문화/여가,14483.0,전남,50대,성공
2024-10-09 16:57:00,U000365,체크카드,교통,1433.0,경기,30대,성공
2024-02-28 12:55:00,U001864,체크카드,문화/여가,7515.0,대전,20대,취소
2024-07-07 20:59:00,U000293,신용카드,식음료,28449.0,경기,40대,성공
2024-10-22 20:08:00,U001453, 신용카드 ,식음료,17212.0,충남,60대 이상,성공
2024/01/07 09:36,U002805,신용카드,의료,21235.0,인천,20대,성공
2024-07-15 13:08:00,U003769,신용카드,식음료,2235.0,부산,20대,성공
2024-12-26 01:22:00,U001826,계좌이체,문화/여가,2309.0,경기,,성공
2024-07-28 00:34:00,U002331,신용카드,기타,4171.0,경기,60대 이상,성공
2024-03-10 10:54:00,U001403,체크카드,식음료,5330.0,서울,20대,성공
2024-02-04 15:48:00,U001857,계좌이체,기타,29540.0,경기,20대,실패
2024-05-21 15:46:00,U001936,체크카드,교육,41001.0,서울,30대,성공
2024-05-02 09:28:00,U001440,포인트결제,교통,7112.0,부산,40대,성공
2024-09-04 21:45:00,U003936,신용카드,문화/여가,57370.0,울산,10대,성공
2024-08-01 00:43:00,U003519,신용카드,교통,3953.0,경기,40대,성공
2024-09-12 08:34:00,U003841, 신용카드 ,문화/여가,22091.0,강원,,성공
2024-11-15 18:38:00,U003116,계좌이체,쇼핑,45614.0,경기,40대,성공
2024-05-15 12:32:00,U000074,계좌이체,쇼핑,117392.0,서울,60대 이상,성공
2024-03-22 08:05:00,U003677,신용카드,문화/여가,44765.0,서울,30대,실패
2024-03-13 08:29:00,U001087,계좌이체,교통,6371.0,충남,20대,성공
2024-04-22 08:21:00,U002880,계좌이체,공과금,161337.0,경기,60대 이상,성공
2024-08-03 16:38:00,U001169, 신용카드 ,여행,189602.0,,30대,성공
2024-08-08 18:57:00,U001604,포인트결제,식음료,23123.0,서울,40대,성공
2024-01-10 10:12:00,U002471,포인트결제,교통,2043.0,경북,50대,성공
2024-08-09 19:35:00,U002941,신용카드,교통,5088.0,강원,30대,성공
2024-07-09 18:04:00,U002971,체크카드,식음료,33423.0,경기,20대,성공
2024-01-24 20:24:00,U001268,체크카드,의료,19190.0,경기,60대 이상,성공
2024-08-15 10:11:00,U003642,신용카드,식음료,11166.0,광주,40대,성공
2024-06-29 18:01:00,U000228,계좌이체,식음료,36619.0,울산,50대,성공
2024-05-14 21:29:00,U001051,체크카드,쇼핑,35481.0,,20대,성공
2024-10-31 11:47:00,U003573,신용카드,식음료,4391.0,경기,30대,성공
2024-03-11 08:14:00,U003623,계좌이체,식음료,17917.0,경기,,성공
2024-04-14 10:04:00,U000086,신용카드,문화/여가,,울산,30대,성공
2024-10-19 15:48:00,U003253,계좌이체,교통,1622.0,충남,30대,성공
2024-05-01 15:38:00,U003294,체크카드,여행,289629.0,서울,30대,성공
2024-08-10 10:30:00,U002742,체크카드,쇼핑,62786.0,충남,60대 이상,성공
2024-06-06 12:36:00,U001769,포인트결제,식음료,16251.0,경기,30대,성공
2024-04-24 18:46:00,U003182,신용카드,교통,589.0,서울,20대,성공
2024-11-14 19:37:00,U002038,신용카드,식음료,21654.0,서울,,성공
2024-04-18 19:20:00,U002763,신용카드,식음료,10728.0,경기,20대,성공
2024-02-06 13:58:00,U003542,신용카드,교통,1867.0,경기,30대,성공
2024-06-21 16:39:00,U002988,신용카드,공과금,60870.0,,20대,성공
2024-06-26 21:39:00,U003301, 신용카드 ,교육,152601.0,대전,20대,성공
2024-01-28 08:39:00,U001752, 신용카드 ,교통,5994.0,경기,10대,성공
2024/12/21 12:49,U002452,휴대폰결제,의료,38247.0,경기,40대,성공
2024/04/08 18:23,U003213,신용카드,쇼핑,20027.0,전북,50대,성공
2024-09-22 11:34:00,U000344,신용카드,의료,21365.0,광주,20대,성공
2024-02-23 17:30:00,U001797,신용카드,공과금,34717.0,경기,30대,성공
2024-11-10 11:51:00,U000676,신용카드,문화/여가,36478.0,전북,,성공
2024-02-04 09:24:00,U001349,신용카드,기타,51460.0,인천,20대,성공
2024-10-15 04:49:00,U003065,포인트결제,식음료,9457.0,서울,30대,성공
2024-01-22 09:39:00,U001051,신용카드,문화/여가,7585.0,,50대,성공
2024-05-19 08:30:00,U002502,신용카드,교통,2784.0,인천,60대 이상,성공
2024/03/24 10:38,U003838, 신용카드 ,여행,151936.0,경남,,성공
2024/10/23 09:45,U003558, 신용카드 ,쇼핑,80406.0,서울,20대,성공
2024-12-19 22:21:00,U003622,계좌이체,쇼핑,20847.0,대구,50대,성공
2024-02-29 18:05:00,U000314,체크카드,쇼핑,28470.0,광주,30대,성공
2024-02-03 17:10:00,U001580,포인트결제,식음료,19084.0,인천,30대,성공
2024-06-14 18:20:00,U003935,신용카드,문화/여가,43418.0,서울,30대,성공
2024/08/31 13:21,U000730,신용카드,의료,15947.0,서울,,성공
2024-03-02 12:24:00,U001608, 신용카드 ,식음료,16554.0,,40대,취소
2024-03-18 21:53:00,U000700,신용카드,쇼핑,65610.0,서울,40대,성공
2024-06-15 07:11:00,U000263,신용카드,교통,2146.0,전북,30대,성공
2024-07-18 01:30:00,U000229,신용카드,교통,4225.0,경기,40대,성공
2024-10-23 11:02:00,U001400,신용카드,의료,18932.0,서울,30대,성공
2024/11/23 20:55,U001440,신용카드,식음료,41228.0,경기,40대,성공
2024-05-05 16:32:00,U000749,계좌이체,문화/여가,67177.0,서울,,성공
2024/08/30 08:57,U000867, 신용카드 ,문화/여가,16515.0,부산,30대,성공
2024/10/14 04:24,U001860,체크카드,문화/여가,25202.0,서울,,성공
2024-12-23 13:59:00,U001796,체크카드,의료,43381.0,대전,60대 이상,성공
2024-07-03 13:35:00,U003341,체크카드,교통,9682.0,,20대,성공
2024/08/09 16:47,U000530,신용카드,교통,2852.0,인천,20대,성공
2024-08-06 12:19:00,U003805,체크카드,식음료,18502.0,서울,50대,성공
2024-10-03 11:09:00,U000167,포인트결제,교통,2118.0,제주,30대,성공
2024-08-23 19:04:00,U003954,계좌이체,여행,111029.0,서울,30대,성공
2024-07-19 21:41:00,U000679,체크카드,공과금,130667.0,서울,20대,성공
2024-09-30 22:25:00,U003381,휴대폰결제,문화/여가,34610.0,부산,20대,성공
2024-12-24 19:06:00,U000710,계좌이체,기타,33357.0,서울,20대,성공
2024-09-11 11:08:00,U000662,신용카드,식음료,22669.0,제주,20대,성공
2024-03-02 18:46:00,U000650,체크카드,쇼핑,46480.0,서울,20대,성공
2024-03-26 06:34:00,U002975,체크카드,쇼핑,65698.0,경기,40대,성공
2024-12-11 09:28:00,U002220,신용카드,의료,50800.0,경기,40대,성공
2024-01-25 10:21:00,U002141,계좌이체,식음료,32072.0,경기,40대,성공
2024/10/20 10:27,U001220,포인트결제,쇼핑,31805.0,경기,30대,성공
2024-07-27 18:10:00,U002804,체크카드,식음료,15470.0,부산,10대,실패
2024-07-25 00:03:00,U002236,신용카드,식음료,6645.0,경기,10대,성공
2024-01-01 05:32:00,U001658,신용카드,기타,9168.0,서울,20대,성공
2024/11/27 18:57,U001767,체크카드,교통,956.0,서울,40대,성공
2024-02-08 20:51:00,U002785,체크카드,의료,59740.0,경북,30대,성공
2024-03-25 17:35:00,U000580,포인트결제,여행,95667.0,인천,60대 이상,성공
2024-09-04 10:38:00,U000980,체크카드,교통,2961.0,인천,40대,성공
2024-01-22 11:05:00,U000512,체크카드,여행,125615.0,서울,20대,성공
2024-04-23 21:05:00,U002929,체크카드,쇼핑,72129.0,경기,20대,성공
2024-06-04 07:10:00,U003225,체크카드,식음료,44426.0,경기,40대,성공
2024-02-06 10:20:00,U002164,신용카드,식음료,7437.0,서울,30대,성공
2024-10-30 23:34:00,U001270,체크카드,식음료,31196.0,충북,40대,실패
2024-02-03 14:21:00,U000252,신용카드,식음료,17304.0,서울,50대,성공
2024/02/23 00:54,U000764,신용카드,교육,67439.0,충북,20대,성공
2024-10-29 18:42:00,U001945,신용카드,쇼핑,74623.0,대구,40대,성공
2024-05-27 12:30:00,U002952,신용카드,식음료,1651.0,서울,40대,성공
2024-12-16 17:58:00,U002544,신용카드,쇼핑,10155.0,인천,20대,성공
2024-03-08 18:58:00,U002709,신용카드,쇼핑,86647.0,충북,30대,성공
2024-09-30 18:46:00,U003119,계좌이체,의료,34016.0,경기,30대,성공
2024/08/30 09:27,U000409,신용카드,식음료,4306.0,서울,50대,성공
2024-07-20 08:29:00,U001835,계좌이체,교통,787.0,서울,40대,성공
2024/01/28 22:19,U001150,포인트결제,식음료,7216.0,서울,40대,성공
2024-12-23 20:57:00,U003634,신용카드,식음료,17878.0,전북,30대,성공
2024-03-31 12:35:00,U002918,체크카드,공과금,57196.0,서울,20대,취소
2024-01-02 15:22:00,U002268,신용카드,교통,2144.0,경남,20대,실패
2024/02/23 12:18,U002534,신용카드,교통,,강원,30대,성공
2024-03-10 16:32:00,U000826,체크카드,식음료,20795.0,경기,40대,성공
2024-02-01 04:43:00,U000014,계좌이체,여행,,부산,30대,성공
2024/11/21 10:32,U002772,신용카드,문화/여가,32759.0,세종,20대,성공
2024-02-19 20:14:00,U003541,체크카드,식음료,14821.0,서울,20대,성공
2024-08-05 13:23:00,U003199,신용카드,교통,,경남,,성공
2024-07-05 20:42:00,U000509,휴대폰결제,공과금,103079.0,대전,40대,성공
2024-04-25 17:54:00,U002684,신용카드,여행,174788.0,경기,30대,성공
2024-02-10 16:03:00,U003150,신용카드,쇼핑,22814.0,울산,20대,성공
2024-09-15 11:22:00,U001566,포인트결제,교육,145338.0,경기,40대,성공
2024-04-08 12:45:00,U000853,체크카드,쇼핑,3121.0,경북,20대,성공
2024-12-25 10:55:00,U001449,휴대폰결제,교통,1164.0,대전,50대,성공
2024-06-15 20:13:00,U003041,체크카드,기타,27093.0,서울,50대,성공
2024-07-27 04:50:00,U001227,신용카드,교통,3272.0,서울,40대,성공
2024-01-27 11:32:00,U002111,계좌이체,여행,324041.0,서울,40대,성공
2024-10-28 21:53:00,U001398,휴대폰결제,의료,64689.0,서울,20대,성공
2024/12/12 19:09,U003426, 신용카드 ,여행,89507.0,경기,40대,성공
2024-06-18 07:02:00,U003821,신용카드,쇼핑,14124.0,제주,50대,성공
2024-09-19 21:06:00,U003399, 신용카드 ,식음료,19370.0,인천,30대,성공
2024-12-23 14:16:00,U000921,체크카드,교육,318879.0,경기,20대,성공
2024-06-08 14:06:00,U003961,계좌이체,여행,267775.0,충남,40대,실패
2024/10/09 16:30,U000245,신용카드,식음료,9449.0,부산,,성공
2024-11-03 12:37:00,U003377,신용카드,식음료,6739.0,경기,20대,성공
2024/05/26 19:42,U000127,신용카드,의료,32894.0,,20대,성공
2024-08-16 20:19:00,U000055, 신용카드 ,공과금,79457.0,대전,30대,성공
2024-02-03 19:52:00,U003894,체크카드,기타,27959.0,부산,20대,성공
2024-01-27 10:53:00,U002177,신용카드,교통,3666.0,경남,20대,성공
2024-08-26 07:45:00,U002397,체크카드,식음료,34419.0,인천,,성공
2024-01-07 17:30:00,U001327,휴대폰결제,교육,93715.0,인천,40대,실패
2024-11-28 11:59:00,U002280,신용카드,식음료,25484.0,전북,30대,성공
2024-02-04 09:57:00,U003599,계좌이체,교통,8716.0,경기,30대,성공
2024-10-08 21:00:00,U003338,체크카드,식음료,4594.0,서울,30대,성공
2024-11-06 01:30:00,U000232,포인트결제,교통,5691.0,서울,50대,성공
2024-07-28 18:48:00,U002913,체크카드,교통,,광주,50대,성공
2024-01-28 18:41:00,U001399,신용카드,쇼핑,32326.0,서울,30대,성공
2024-05-08 09:41:00,U000257,체크카드,교통,684.0,경기,30대,성공
2024-10-06 07:50:00,U003117,체크카드,교통,4597.0,경기,30대,성공
2024-11-08 12:39:00,U002118,신용카드,식음료,9663.0,부산,40대,성공
2024-06-11 12:35:00,U002601, 신용카드 ,기타,37858.0,경기,40대,실패
2024/09/18 13:46,U001821, 신용카드 ,문화/여가,9790.0,서울,50대,성공
2024-09-08 10:01:00,U000994,체크카드,교통,5402.0,,20대,성공
2024-10-31 23:50:00,U000660,신용카드,여행,413595.0,서울,60대 이상,취소
2024-09-14 19:18:00,U002812,체크카드,의료,30660.0,경남,40대,성공
2024-02-12 15:06:00,U003288,신용카드,의료,34633.0,광주,40대,성공
2024-06-28 15:17:00,U003856,신용카드,쇼핑,75070.0,서울,30대,성공
2024-03-19 07:04:00,U002751,휴대폰결제,문화/여가,82424.0,서울,50대,성공
2024/03/05 12:16,U000813,포인트결제,식음료,13474.0,경기,40대,성공
2024-10-10 11:36:00,U001987,신용카드,교육,160975.0,경기,30대,성공
2024-06-18 12:14:00,U000964,신용카드,식음료,18513.0,서울,20대,성공
2024-09-27 10:44:00,U003483,신용카드,의료,183728.0,충남,50대,성공
2024/03/29 21:56,U002483, 신용카드 ,교통,2581.0,광주,20대,성공
2024-07-11 07:47:00,U001845,체크카드,교육,60824.0,서울,30대,성공
2024/11/24 19:19,U000311, 신용카드 ,식음료,24976.0,부산,30대,실패
2024-05-18 11:35:00,U001637,계좌이체,식음료,25004.0,대전,10대,성공
2024-01-30 19:24:00,U001184,포인트결제,의료,85114.0,대구,10대,성공
2024-05-17 08:28:00,U000928,신용카드,문화/여가,9663.0,서울,40대,성공
2024-08-26 11:03:00,U000457,신용카드,교통,2433.0,,40대,성공
2024-12-27 12:01:00,U001760,신용카드,쇼핑,128705.0,경기,20대,성공
2024-11-25 23:27:00,U002926,포인트결제,식음료,23898.0,광주,20대,성공
2024-06-09 19:42:00,U002358,신용카드,쇼핑,29802.0,인천,40대,성공
2024-03-04 20:48:00,U001358,체크카드,식음료,11304.0,서울,30대,성공
2024-07-04 10:45:00,U001990,체크카드,문화/여가,27698.0,경기,20대,성공
2024-06-13 12:19:00,U000388,신용카드,의료,34639.0,경기,40대,성공
2024-10-08 10:01:00,U000579,신용카드,여행,161428.0,경기,60대 이상,성공
2024-08-10 11:27:00,U000693,계좌이체,교통,2058.0,전북,10대,성공
2024-11-25 17:38:00,U000795,체크카드,공과금,78679.0,인천,20대,성공
2024-04-12 02:17:00,U001592,신용카드,식음료,11101.0,부산,30대,성공
2024-02-13 18:01:00,U001583,신용카드,쇼핑,30333.0,경기,40대,성공
2024-07-05 15:54:00,U003212,포인트결제,공과금,11620.0,울산,30대,성공
2024-02-16 14:53:00,U000825,체크카드,교통,1365.0,인천,60대 이상,성공
2024-01-23 10:33:00,U001417,신용카드,식음료,6425.0,부산,40대,성공
2024-08-06 14:59:00,U003577,신용카드,기타,12639.0,경기,30대,성공
2024-06-18 16:30:00,U002645,신용카드,기타,61245.0,경기,30대,성공
2024/04/28 18:09,U002070,신용카드,여행,194413.0,경기,,성공
2024-09-20 19:24:00,U000091,신용카드,쇼핑,12729.0,경기,40대,성공
2024-02-10 11:24:00,U001468,계좌이체,교통,2190.0,서울,20대,실패
2024-07-14 15:16:00,U002252,신용카드,공과금,21294.0,경기,50대,성공
2024-09-10 21:26:00,U003399,계좌이체,식음료,19269.0,서울,20대,성공
2024-11-04 19:16:00,U000903,신용카드,교통,6271.0,대구,40대,성공
2024/04/06 20:27,U002155,,쇼핑,28238.0,부산,40대,성공
2024-11-23 03:25:00,U003546,,문화/여가,8740.0,서울,20대,성공
2024-05-02 14:23:00,U001693,체크카드,식음료,17321.0,서울,20대,성공
2024-08-19 19:11:00,U002061,포인트결제,교통,2173.0,서울,50대,성공
2024-03-11 09:11:00,U003653,신용카드,쇼핑,111463.0,부산,50대,성공
2024-05-02 16:41:00,U003118,신용카드,여행,,부산,10대,취소
2024-02-21 05:21:00,U000780,체크카드,교육,63877.0,대구,40대,성공
2024-03-01 19:24:00,U003092,신용카드,식음료,39402.0,서울,50대,성공
2024-10-24 19:28:00,U000101,체크카드,식음료,21092.0,서울,50대,성공
2024-05-01 16:59:00,U003134,포인트결제,식음료,,충남,20대,성공
2024-10-03 14:15:00,U000957,신용카드,문화/여가,41649.0,경기,50대,성공
2024-02-05 18:28:00,U001886,계좌이체,쇼핑,27748.0,서울,50대,성공
2024-11-01 11:35:00,U002407,계좌이체,식음료,22990.0,인천,50대,성공
2024-01-01 16:20:00,U003523,체크카드,쇼핑,70253.0,경기,40대,성공
2024-02-09 22:10:00,U002505,휴대폰결제,교육,107913.0,경남,30대,실패
2024-06-04 17:02:00,U002416,신용카드,문화/여가,9693.0,대구,40대,성공
2024-05-12 22:44:00,U002426,,식음료,5557.0,경남,40대,성공
2024-12-17 05:29:00,U002986,,식음료,4585.0,서울,40대,성공
2024-01-30 09:11:00,U002149,휴대폰결제,식음료,21593.0,경기,30대,성공
2024-11-23 19:43:00,U000620,체크카드,쇼핑,36727.0,서울,20대,성공
2024/04/02 12:46,U000746,신용카드,교통,8864.0,충북,30대,성공
2024-08-16 09:45:00,U000978,신용카드,교통,1909.0,전남,30대,성공
2024-12-12 14:24:00,U003501,체크카드,쇼핑,120416.0,대구,20대,성공
2024-09-21 12:29:00,U002075,신용카드,여행,276750.0,제주,20대,성공
2024/09/11 13:31,U001692,계좌이체,교통,2671.0,서울,40대,성공
2024-02-04 11:48:00,U000695,신용카드,교통,4673.0,서울,30대,실패
2024-08-23 12:45:00,U001055,체크카드,쇼핑,92690.0,서울,30대,성공
2024-06-22 09:40:00,U002607,체크카드,의료,34001.0,대구,40대,성공
2024-02-24 13:10:00,U001624,휴대폰결제,기타,20059.0,서울,40대,성공
2024-11-30 12:44:00,U001907,신용카드,문화/여가,11803.0,경남,20대,성공
2024-10-10 14:32:00,U000708,신용카드,식음료,18660.0,전남,60대 이상,성공
2024-11-29 20:02:00,U002139,신용카드,의료,26610.0,경기,40대,성공
2024-03-06 20:03:00,U001897,포인트결제,교통,,서울,10대,성공
2024-03-17 18:20:00,U003895,계좌이체,의료,93326.0,충북,,성공
2024-10-22 23:11:00,U000187, 신용카드 ,식음료,13919.0,서울,30대,성공
2024-02-19 13:44:00,U000593,체크카드,문화/여가,,전남,20대,성공
2024-11-08 10:09:00,U002959,계좌이체,문화/여가,41045.0,서울,40대,성공
2024-12-12 13:08:00,U000500,,문화/여가,6033.0,대전,40대,성공
2024-07-16 22:50:00,U002661,신용카드,교육,44797.0,광주,60대 이상,성공
2024-04-28 16:21:00,U003704,신용카드,쇼핑,59732.0,경남,20대,성공
2024-03-09 07:34:00,U002787,포인트결제,교통,7340.0,광주,60대 이상,성공
2024-10-11 22:22:00,U001825,체크카드,교통,1498.0,서울,50대,성공
2024-09-12 05:51:00,U001642,신용카드,의료,83162.0,대구,40대,성공
2024-11-20 23:20:00,U000877,신용카드,쇼핑,28704.0,,30대,성공
2024-09-18 12:40:00,U000124,신용카드,공과금,19098.0,서울,30대,성공
2024-05-27 21:45:00,U000294,체크카드,교통,747.0,부산,30대,성공
2024-01-14 15:37:00,U002048,신용카드,쇼핑,24932.0,광주,,성공
2024-03-21 17:32:00,U003444,신용카드,의료,116044.0,인천,60대 이상,성공
2024-03-24 10:47:00,U001921,체크카드,기타,24106.0,경기,,성공
2024-07-16 15:48:00,U002800,신용카드,기타,19159.0,대전,,성공
2024-12-07 15:53:00,U003653,신용카드,공과금,87258.0,인천,50대,성공
2024-04-25 12:43:00,U003087,체크카드,쇼핑,41110.0,경기,40대,성공
2024/11/28 17:13,U001065,계좌이체,쇼핑,42740.0,경남,30대,성공
2024-06-09 11:56:00,U003792,포인트결제,쇼핑,38639.0,대구,30대,성공
2024-04-06 20:00:00,U000201,체크카드,의료,54916.0,서울,20대,성공
2024/04/07 22:18,U001851,체크카드,쇼핑,47425.0,서울,20대,성공
2024/07/01 16:09,U003232,계좌이체,교통,3011.0,경기,30대,성공
2024-11-02 09:07:00,U000312,체크카드,쇼핑,34071.0,서울,20대,성공
2024-07-11 17:50:00,U003881,신용카드,교통,5198.0,경기,40대,성공
2024-04-11 16:16:00,U002718,포인트결제,쇼핑,9852.0,충남,10대,성공
2024-12-21 22:11:00,U001455, 신용카드 ,문화/여가,13458.0,서울,30대,성공
2024-09-14 16:58:00,U000962,체크카드,식음료,14657.0,부산,30대,성공
2024-01-07 17:39:00,U000807,신용카드,교통,3999.0,인천,20대,성공
2024-07-01 11:09:00,U001513,신용카드,공과금,76993.0,서울,30대,성공
2024-04-05 17:28:00,U002593,체크카드,문화/여가,2376.0,경기,50대,취소
2024-01-16 23:40:00,U002822,신용카드,식음료,7005.0,제주,20대,성공
2024-10-30 22:45:00,U001776,신용카드,교통,508.0,서울,30대,성공
2024-07-09 10:11:00,U000006,체크카드,문화/여가,85569.0,경기,30대,성공
2024-01-24 18:46:00,U001765,신용카드,식음료,26781.0,경기,40대,취소
2024-06-24 05:07:00,U000417,신용카드,의료,17773.0,경기,20대,취소
2024-01-17 10:37:00,U001980,체크카드,교통,2163.0,서울,30대,성공
2024-09-14 10:41:00,U002721,포인트결제,문화/여가,19506.0,부산,40대,실패
2024-11-24 18:42:00,U001229,계좌이체,교통,741.0,광주,60대 이상,성공
2024-02-22 20:40:00,U000618,신용카드,문화/여가,4657.0,경기,20대,성공
2024-12-27 12:28:00,U000666,체크카드,교통,2984.0,경북,30대,성공
2024-03-11 18:45:00,U003838,계좌이체,의료,22610.0,서울,40대,성공
2024/02/18 19:39,U003841,포인트결제,문화/여가,32460.0,인천,50대,성공
2024-07-18 18:08:00,U000877,신용카드,쇼핑,92151.0,경기,30대,성공
2024-07-29 11:41:00,U000927,신용카드,교통,6784.0,경기,40대,성공
2024/05/18 07:47,U002307,휴대폰결제,쇼핑,,경기,30대,성공
2024-04-27 23:53:00,U003265,신용카드,식음료,4639.0,서울,40대,성공
2024/11/23 20:02,U001180,계좌이체,기타,19313.0,서울,20대,성공
2024-05-09 11:11:00,U000194,휴대폰결제,교육,171173.0,경기,20대,실패
2024-10-30 17:22:00,U003789,휴대폰결제,쇼핑,72029.0,광주,40대,성공
2024-04-13 19:34:00,U002865,신용카드,쇼핑,9343.0,서울,60대 이상,성공
2024-12-13 17:25:00,U001047,계좌이체,쇼핑,29747.0,대구,40대,성공
2024-11-25 10:35:00,U003783,체크카드,식음료,31413.0,서울,10대,성공
2024/09/01 18:13,U003255,신용카드,식음료,17598.0,서울,20대,성공
2024/06/08 09:19,U001213,휴대폰결제,교통,1779.0,서울,40대,성공
2024-02-04 18:49:00,U003272,신용카드,교통,2101.0,부산,40대,성공
2024-11-12 11:53:00,U003051, 신용카드 ,교통,7792.0,경기,50대,성공
2024-12-19 12:37:00,U003995,신용카드,의료,43523.0,경기,40대,성공
2024-09-29 22:28:00,U000298,신용카드,문화/여가,39013.0,경기,30대,성공
2024-04-12 22:56:00,U000380,신용카드,공과금,31722.0,충남,30대,성공
2024-05-02 11:26:00,U003977,체크카드,식음료,24424.0,대전,40대,성공
2024-03-14 15:39:00,U003840,포인트결제,쇼핑,47267.0,경기,30대,성공
2024-08-05 13:53:00,U002686,신용카드,식음료,21754.0,경기,40대,실패
2024-04-23 08:23:00,U000232,신용카드,공과금,34444.0,경기,50대,취소
2024-09-13 14:42:00,U003534,신용카드,쇼핑,24385.0,서울,40대,성공
2024-04-09 22:34:00,U003337,신용카드,여행,218223.0,대전,40대,실패
2024-04-23 11:21:00,U000013,계좌이체,공과금,32201.0,충남,60대 이상,성공
2024/07/18 11:30,U002133, 신용카드 ,쇼핑,94599.0,부산,30대,성공
2024-04-11 19:52:00,U000914,신용카드,의료,69511.0,경기,30대,성공
2024-06-06 17:24:00,U000385,신용카드,문화/여가,28703.0,경기,20대,성공
2024-08-10 13:50:00,U003065,체크카드,식음료,16175.0,부산,40대,성공
2024-11-24 15:07:00,U000239,신용카드,쇼핑,66130.0,부산,30대,성공
2024/06/10 18:20,U000518,신용카드,식음료,14253.0,경기,50대,성공
2024-01-09 18:06:00,U001685,휴대폰결제,쇼핑,72489.0,서울,30대,실패
2024-11-06 11:04:00,U001261,체크카드,여행,238859.0,경기,50대,성공
2024-06-03 12:21:00,U000097,계좌이체,공과금,88806.0,경기,40대,성공
2024-04-18 22:27:00,U002838,계좌이체,문화/여가,4984.0,서울,50대,성공
2024-06-30 19:39:00,U001247,체크카드,문화/여가,43107.0,대전,,성공
2024-01-16 16:47:00,U003241,포인트결제,교통,2870.0,서울,40대,성공
2024-11-19 18:58:00,U000393,포인트결제,쇼핑,48905.0,서울,30대,성공
2024-05-29 09:18:00,U000646,신용카드,공과금,278646.0,충남,40대,성공
2024-03-08 18:25:00,U003599,계좌이체,쇼핑,134450.0,경남,50대,성공
2024-09-01 17:51:00,U002889,신용카드,문화/여가,102230.0,부산,40대,성공
2024-07-30 10:47:00,U003843,체크카드,식음료,1214.0,서울,20대,성공
2024-07-22 13:38:00,U000240,포인트결제,기타,62078.0,서울,60대 이상,성공
2024-01-18 21:24:00,U003330,신용카드,식음료,10947.0,서울,30대,성공
2024-08-24 20:35:00,U003987,체크카드,쇼핑,53601.0,대구,20대,취소
2024-07-07 07:46:00,U003424,체크카드,교육,114376.0,경기,30대,성공
2024-04-27 11:19:00,U002099,휴대폰결제,교통,2235.0,서울,20대,성공
2024-10-26 17:30:00,U000377,신용카드,교통,2074.0,서울,50대,성공
2024/08/03 05:51,U001961,체크카드,식음료,13284.0,부산,20대,성공
2024/07/16 21:05,U001662,신용카드,교통,1437.0,서울,20대,실패
2024-03-03 19:34:00,U001953,체크카드,쇼핑,43688.0,서울,20대,성공
2024-09-15 18:33:00,U000293,계좌이체,쇼핑,29599.0,인천,30대,성공
2024-07-05 20:37:00,U000747,신용카드,교통,4656.0,서울,30대,성공
2024-10-08 20:18:00,U000736,계좌이체,식음료,14400.0,경기,40대,성공
2024/12/05 17:47,U001674, 신용카드 ,쇼핑,3001.0,부산,30대,성공
2024-03-21 14:06:00,U000780,계좌이체,식음료,13539.0,경북,20대,성공
2024-10-30 09:04:00,U002764,포인트결제,쇼핑,58929.0,서울,30대,성공
2024-06-30 09:34:00,U001765, 신용카드 ,의료,53957.0,서울,20대,성공
2024/12/01 05:01,U001523,포인트결제,식음료,4902.0,서울,40대,성공
2024-09-13 21:44:00,U002063,신용카드,의료,6450.0,경기,10대,성공
2024-04-07 08:17:00,U001611,신용카드,식음료,13417.0,강원,10대,성공
2024-12-17 05:43:00,U003686,체크카드,의료,895.0,서울,30대,성공
2024-05-03 12:06:00,U002803,신용카드,쇼핑,25779.0,경기,50대,성공
2024-01-23 21:05:00,U002183,포인트결제,교통,500.0,부산,50대,성공
2024-09-16 22:07:00,U003527,신용카드,쇼핑,42205.0,대구,30대,성공
2024-10-17 08:28:00,U003507,체크카드,식음료,31893.0,경기,20대,성공
2024-04-02 02:58:00,U003379,신용카드,교육,213918.0,경기,30대,성공
2024-05-29 13:01:00,U000306,계좌이체,교통,500.0,경북,40대,성공
2024-12-23 19:45:00,U002805,신용카드,교통,2132.0,서울,30대,성공
2024-03-10 13:20:00,U003088,신용카드,쇼핑,35349.0,경남,20대,성공
2024-03-19 15:55:00,U000409,신용카드,여행,38312.0,서울,20대,성공
2024-05-16 07:51:00,U003458,휴대폰결제,기타,46820.0,서울,20대,성공
2024-02-08 13:54:00,U002236,휴대폰결제,공과금,39842.0,경기,,성공
2024-07-03 16:11:00,U002618,체크카드,교통,10214.0,인천,60대 이상,성공
2024-12-28 18:52:00,U001099,신용카드,교육,167476.0,인천,40대,성공
2024-10-25 13:55:00,U000702,신용카드,교통,7788.0,서울,20대,성공
2024-11-08 22:27:00,U003753,신용카드,교통,1881.0,인천,40대,성공
2024-09-11 12:11:00,U002925,계좌이체,식음료,11841.0,,40대,실패
2024-01-07 20:44:00,U003058, 신용카드 ,교통,3283.0,서울,20대,성공
2024-07-20 00:12:00,U001706,계좌이체,쇼핑,47331.0,인천,20대,성공
2024-09-29 01:44:00,U000182,포인트결제,교통,1606.0,서울,60대 이상,성공
2024-01-03 18:31:00,U003221,신용카드,쇼핑,10949.0,경남,40대,성공
2024-05-31 19:03:00,U001230,체크카드,의료,44470.0,충남,30대,성공
2024/10/11 11:10,U001711,신용카드,문화/여가,15876.0,경기,50대,성공
2024-08-18 21:59:00,U003795,휴대폰결제,문화/여가,37759.0,경기,30대,성공
2024-06-27 08:52:00,U003756,신용카드,쇼핑,47815.0,서울,30대,성공
2024-01-28 21:07:00,U002966, 신용카드 ,쇼핑,11326.0,대전,60대 이상,성공
2024-12-02 17:53:00,U001921,신용카드,교통,2851.0,인천,30대,성공
2024-02-21 17:02:00,U002541,신용카드,식음료,28282.0,서울,30대,성공
2024-08-26 18:56:00,U002655,체크카드,교통,2193.0,서울,50대,성공
2024-12-29 17:11:00,U000889,포인트결제,기타,26161.0,경기,30대,성공
2024/11/02 18:18,U001413,신용카드,여행,248675.0,부산,50대,성공
2024-02-20 18:39:00,U002265,포인트결제,교통,661.0,울산,40대,성공
2024/12/03 21:46,U003443,포인트결제,교육,38805.0,울산,20대,성공
2024-04-26 23:31:00,U002422,신용카드,문화/여가,83236.0,경기,30대,성공
2024-12-01 16:23:00,U002671,계좌이체,교통,4987.0,서울,20대,성공
2024-01-21 11:27:00,U000858,체크카드,쇼핑,117462.0,경북,20대,성공
2024/11/30 21:17,U001956,신용카드,식음료,18733.0,서울,30대,성공
2024-07-18 13:51:00,U000766,휴대폰결제,식음료,41799.0,대전,20대,실패
2024-12-28 14:30:00,U000769,신용카드,기타,58200.0,경기,30대,성공
2024-01-30 11:36:00,U002892,신용카드,공과금,10449.0,제주,30대,성공
2024-03-26 08:06:00,U000709,신용카드,식음료,18220.0,세종,30대,성공
2024-02-02 13:02:00,U001036,신용카드,식음료,12739.0,경기,30대,성공
2024-02-26 18:07:00,U002102,신용카드,교육,205874.0,인천,60대 이상,성공
2024-02-21 18:31:00,U002856,신용카드,쇼핑,57339.0,,40대,성공
2024-12-16 08:39:00,U002443,신용카드,의료,43650.0,서울,30대,성공
2024/07/28 14:42,U000532,체크카드,쇼핑,18997.0,울산,30대,성공
2024-06-08 19:28:00,U003102,신용카드,기타,16843.0,경기,30대,성공
2024-08-12 11:12:00,U000029,계좌이체,교통,1161.0,경기,20대,성공
2024-10-16 20:22:00,U000297,신용카드,쇼핑,23881.0,부산,30대,성공
2024-02-09 02:01:00,U001195,신용카드,식음료,32443.0,광주,20대,성공
2024/04/22 17:40,U002655,체크카드,쇼핑,10225.0,,40대,성공
2024-03-02 08:18:00,U000262,체크카드,교육,139924.0,인천,30대,성공
2024-08-22 18:05:00,U002771,계좌이체,공과금,140309.0,대구,30대,성공
2024-03-01 17:05:00,U000488,신용카드,문화/여가,25146.0,인천,30대,성공
2024-11-14 10:53:00,U000935,체크카드,쇼핑,31764.0,울산,60대 이상,취소
2024-06-08 10:44:00,U002128,신용카드,식음료,5694.0,서울,40대,성공
2024-04-21 17:38:00,U002466,신용카드,교육,224295.0,인천,30대,성공
2024-07-04 10:15:00,U000846,포인트결제,쇼핑,,경기,30대,성공
2024/03/25 14:18,U003724,체크카드,교통,9899.0,서울,20대,성공
2024-05-30 21:32:00,U003303,계좌이체,문화/여가,64087.0,인천,20대,성공
2024-04-22 13:35:00,U003585,체크카드,식음료,40394.0,서울,60대 이상,성공
2024-12-09 13:37:00,U001274,신용카드,쇼핑,156691.0,대구,50대,성공
2024-10-13 10:43:00,U003813,계좌이체,식음료,17874.0,서울,50대,성공
2024-11-04 10:31:00,U001597,체크카드,교육,170593.0,경기,30대,성공
2024-04-13 13:03:00,U001043, 신용카드 ,쇼핑,21153.0,경기,10대,성공
2024-09-07 06:08:00,U000978,계좌이체,문화/여가,8703.0,경기,20대,성공
2024-06-23 18:22:00,U001953,신용카드,식음료,7186.0,경기,40대,성공
2024-07-17 11:55:00,U002253,휴대폰결제,쇼핑,18689.0,전북,50대,성공
2024-08-21 18:34:00,U003291,신용카드,문화/여가,,서울,20대,성공
2024-04-16 12:12:00,U001060,신용카드,식음료,7174.0,부산,40대,성공
2024-08-16 00:53:00,U003808,포인트결제,교통,5434.0,경기,20대,성공
2024-10-10 14:58:00,U000428,신용카드,쇼핑,21336.0,강원,30대,성공
2024-10-15 19:49:00,U002906,신용카드,문화/여가,24475.0,대구,40대,성공
2024-01-23 19:20:00,U003044,체크카드,쇼핑,62410.0,부산,30대,성공
2024-10-01 18:21:00,U000640, 신용카드 ,공과금,13404.0,경기,40대,성공
2024/05/24 16:39,U000653,신용카드,의료,27380.0,서울,40대,성공
2024-08-25 11:44:00,U001084,체크카드,교육,35473.0,경기,40대,실패
2024-06-17 14:57:00,U002769,체크카드,문화/여가,64585.0,경기,40대,성공
2024/08/03 18:21,U002535,신용카드,공과금,23991.0,경북,20대,성공
2024/06/13 21:18,U000031,휴대폰결제,여행,411494.0,제주,30대,성공
2024-08-28 21:58:00,U001094,계좌이체,교육,92452.0,대구,20대,성공
2024-07-06 16:02:00,U003843,신용카드,쇼핑,59714.0,경기,40대,성공
2024-01-11 20:05:00,U003374,신용카드,여행,275331.0,경기,20대,성공
2024-05-10 22:10:00,U000101,계좌이체,의료,34219.0,부산,50대,성공
2024/03/10 08:56,U002288,체크카드,공과금,9330.0,,60대 이상,성공
2024-10-08 20:47:00,U001310,휴대폰결제,교통,10341.0,경기,30대,성공
2024-10-12 04:20:00,U003922,포인트결제,교통,862.0,부산,30대,성공
2024-03-21 15:18:00,U002207,휴대폰결제,식음료,10584.0,서울,40대,성공
2024-03-12 01:20:00,U000111,계좌이체,문화/여가,31013.0,서울,20대,성공
2024-12-16 17:11:00,U002658,신용카드,식음료,9668.0,인천,20대,실패
2024-11-17 10:14:00,U003115,신용카드,식음료,5923.0,서울,40대,성공
2024-11-25 23:55:00,U002147,포인트결제,의료,11370.0,제주,30대,성공
2024/03/27 19:11,U001981,,식음료,39325.0,광주,30대,성공
2024-07-17 19:25:00,U000239,신용카드,교육,38968.0,경남,20대,성공
2024-04-03 17:54:00,U002988,포인트결제,의료,17656.0,인천,50대,성공
2024/06/01 19:01,U002648,신용카드,쇼핑,66656.0,서울,20대,성공
2024-03-07 12:49:00,U003352,계좌이체,식음료,29147.0,서울,40대,성공
2024-11-12 21:21:00,U002243,체크카드,여행,174146.0,전북,40대,성공
2024-07-02 11:22:00,U003751,신용카드,공과금,124627.0,전북,30대,성공
2024-10-08 15:54:00,U000077,계좌이체,식음료,13871.0,충북,20대,성공
2024-06-26 13:18:00,U002557,체크카드,기타,29505.0,경기,30대,성공
2024-06-20 19:51:00,U000647,신용카드,교통,,대전,20대,성공
2024/01/22 15:09,U002731,신용카드,식음료,25243.0,경북,20대,성공
2024-06-21 09:50:00,U003302,포인트결제,쇼핑,53466.0,경기,10대,성공
2024-03-05 21:13:00,U000495,신용카드,공과금,13937.0,서울,30대,성공
2024-12-15 17:16:00,U003458,신용카드,쇼핑,12658.0,대구,20대,취소
2024-05-12 17:06:00,U001213,계좌이체,교육,99000.0,충남,20대,성공
2024/10/26 10:22,U000550,체크카드,쇼핑,34104.0,강원,60대 이상,성공
2024-12-26 20:46:00,U003261,신용카드,식음료,16270.0,경남,60대 이상,성공
2024/11/05 14:59,U002857,계좌이체,식음료,23554.0,대구,40대,성공
2024-09-21 12:52:00,U003524,신용카드,식음료,21438.0,부산,30대,성공
2024/08/14 13:13,U003648,포인트결제,문화/여가,53643.0,경북,50대,성공
2024-09-25 15:07:00,U001976,신용카드,공과금,170762.0,경기,30대,성공
2024-02-27 11:16:00,U003784,체크카드,기타,38749.0,경기,30대,성공
2024-06-15 01:14:00,U003818,계좌이체,의료,29256.0,경기,30대,성공
2024-04-21 08:51:00,U002959,체크카드,쇼핑,48887.0,경기,,성공
2024-03-30 18:13:00,U002850,체크카드,식음료,10173.0,,20대,성공
2024/08/13 19:40,U003682, 신용카드 ,여행,96463.0,서울,30대,성공
2024-02-01 18:19:00,U003131,포인트결제,쇼핑,32928.0,경기,50대,성공
2024-03-18 18:37:00,U003448, 신용카드 ,교통,2619.0,서울,50대,성공
2024-01-02 13:53:00,U001054,계좌이체,식음료,11361.0,경기,40대,성공
2024-07-31 19:38:00,U001536,신용카드,의료,33178.0,경기,60대 이상,성공
2024-09-01 21:28:00,U002856,포인트결제,쇼핑,50684.0,경기,30대,성공
2024-05-27 17:33:00,U003651,계좌이체,식음료,7823.0,부산,30대,성공
2024-05-13 13:11:00,U003789,체크카드,여행,187035.0,대구,,성공
2024-04-12 12:17:00,U000293,신용카드,문화/여가,82257.0,서울,30대,성공
2024-07-10 20:53:00,U000181,신용카드,의료,99007.0,제주,30대,성공
2024-05-29 20:39:00,U003490,신용카드,교육,64667.0,,,실패
2024-04-11 07:22:00,U000759,포인트결제,식음료,26373.0,전북,50대,성공
2024-03-02 19:02:00,U000684,신용카드,쇼핑,58326.0,경기,20대,성공
2024-11-22 13:07:00,U001334,신용카드,교육,71348.0,,20대,성공
2024-04-14 23:12:00,U002569,휴대폰결제,쇼핑,55182.0,대구,40대,성공
2024-10-13 10:08:00,U003979,신용카드,쇼핑,35436.0,경기,20대,실패
2024-11-12 09:19:00,U002432,신용카드,쇼핑,44398.0,전남,40대,성공
2024-10-04 09:30:00,U001219,신용카드,교육,23572.0,경북,50대,성공
2024-12-18 21:43:00,U001804,체크카드,공과금,40163.0,서울,50대,성공
2024-08-09 08:01:00,U002044,포인트결제,교육,112899.0,경기,,성공
2024-12-14 18:25:00,U003473,휴대폰결제,교통,2647.0,인천,,성공
2024-04-09 20:04:00,U001049,신용카드,교육,80663.0,서울,50대,성공
2024-11-12 19:40:00,U002189,체크카드,기타,26832.0,경기,30대,성공
2024-02-03 11:53:00,U003401,체크카드,교통,3782.0,부산,30대,성공
2024/03/31 20:36,U002569,계좌이체,문화/여가,10020.0,경기,40대,성공
2024/09/30 20:22,U001840,체크카드,의료,25538.0,인천,40대,성공
2024/10/31 18:33,U002461,신용카드,쇼핑,43470.0,경기,50대,성공
2024/09/14 12:04,U001166,체크카드,교통,3601.0,인천,40대,취소
2024-07-21 12:57:00,U002834,체크카드,교통,5110.0,충남,20대,성공
2024-08-05 19:33:00,U000193,계좌이체,기타,21314.0,충남,40대,성공
2024-05-01 15:49:00,U001450,,문화/여가,72969.0,부산,60대 이상,성공
2024-07-07 07:32:00,U001101,포인트결제,식음료,5083.0,인천,20대,성공
2024-08-03 21:37:00,U000051,휴대폰결제,쇼핑,84489.0,서울,,성공
2024-10-31 17:56:00,U001486,신용카드,공과금,25786.0,경기,40대,성공
2024-09-02 13:39:00,U001174,,기타,5033.0,서울,50대,성공
2024/02/08 19:21,U001884,체크카드,쇼핑,25989.0,서울,20대,성공
2024-07-03 13:35:00,U003341,체크카드,교통,9682.0,,20대,성공
2024-07-04 13:06:00,U001451,신용카드,여행,317236.0,인천,40대,성공
2024-06-30 14:58:00,U000480,포인트결제,공과금,49364.0,경북,20대,성공
2024-01-26 20:18:00,U001944, 신용카드 ,기타,24875.0,경북,30대,성공
2024-11-08 12:02:00,U003022,신용카드,교육,100090.0,경기,40대,성공
2024-09-05 20:43:00,U002542,포인트결제,쇼핑,35269.0,서울,40대,취소
2024-02-26 19:04:00,U003298,체크카드,교통,1440.0,서울,20대,성공
2024/02/09 13:15,U003097,계좌이체,공과금,2162.0,인천,,성공
2024-12-16 07:09:00,U000197,신용카드,식음료,20469.0,서울,40대,성공
2024-06-18 02:57:00,U001374,신용카드,의료,105985.0,서울,50대,취소
2024-01-06 19:34:00,U002063,계좌이체,교육,62106.0,부산,40대,취소
2024-11-16 14:25:00,U002083,계좌이체,식음료,15839.0,경남,20대,성공
2024/11/06 02:21,U000028,포인트결제,쇼핑,16061.0,전북,30대,성공
2024-01-13 09:24:00,U001447,신용카드,쇼핑,12812.0,전북,30대,성공
2024-03-21 22:55:00,U001175,계좌이체,교통,1499.0,충남,20대,성공
2024-10-18 12:08:00,U000234,계좌이체,여행,73133.0,서울,10대,성공
2024-05-18 19:12:00,U000122,체크카드,문화/여가,32890.0,,60대 이상,실패
2024-03-16 12:30:00,U000624,계좌이체,교육,45530.0,부산,40대,성공
2024-04-09 18:26:00,U002891,신용카드,공과금,130958.0,,40대,성공
2024/04/15 16:36,U001216,신용카드,문화/여가,18959.0,경기,30대,성공
2024/12/29 10:58,U002795,신용카드,쇼핑,66504.0,서울,30대,성공
2024-05-03 11:15:00,U000649,포인트결제,교통,,서울,20대,성공
2024/01/03 09:01,U002665,신용카드,쇼핑,36796.0,서울,30대,성공
2024/07/01 16:49,U000885,계좌이체,쇼핑,68628.0,대구,20대,성공
2024-03-25 22:27:00,U000952,체크카드,교육,69035.0,경남,40대,성공
2024-06-15 20:38:00,U001545,휴대폰결제,식음료,16767.0,서울,40대,성공
2024-07-24 05:47:00,U002178,계좌이체,공과금,9347.0,충북,30대,성공
2024-12-04 23:27:00,U001140,체크카드,여행,440855.0,충남,40대,성공
2024-11-05 09:48:00,U003660,신용카드,식음료,27421.0,광주,30대,성공
2024-08-04 21:36:00,U001073, 신용카드 ,쇼핑,25008.0,,30대,성공
2024-06-15 15:00:00,U003902,신용카드,교육,85320.0,서울,40대,성공
2024-08-30 20:16:00,U000213,신용카드,공과금,102747.0,서울,40대,성공
2024-02-14 19:37:00,U003810,체크카드,교육,182779.0,경북,40대,성공
2024-09-20 10:29:00,U001234,신용카드,교통,6297.0,,20대,성공
2024-02-18 20:04:00,U002268,계좌이체,공과금,48335.0,경기,20대,성공
2024-12-16 10:05:00,U002399, 신용카드 ,기타,11824.0,경기,20대,성공
2024-06-21 12:08:00,U001603,신용카드,교육,139764.0,경기,20대,성공
2024-02-09 16:31:00,U003014,신용카드,문화/여가,26205.0,경기,50대,성공
2024-07-25 13:26:00,U002370, 신용카드 ,식음료,10470.0,충남,50대,성공
2024-03-21 20:54:00,U001703,계좌이체,교육,88639.0,부산,60대 이상,성공
2024/12/12 20:08,U003783,계좌이체,식음료,25703.0,대전,20대,성공
2024-11-09 14:02:00,U002092,계좌이체,식음료,11993.0,서울,10대,성공
2024-10-27 19:53:00,U002360,체크카드,식음료,11954.0,서울,30대,성공
2024-01-16 09:15:00,U001908,신용카드,여행,177769.0,인천,20대,성공
2024-01-06 08:47:00,U002808, 신용카드 ,쇼핑,43540.0,경기,40대,실패
2024-11-17 18:45:00,U000391,,식음료,37518.0,,30대,성공
2024-02-24 23:18:00,U002064,체크카드,쇼핑,-17973.0,서울,20대,성공
2024/06/20 22:44,U000535,신용카드,식음료,44008.0,경기,60대 이상,성공
2024/06/22 10:41,U001106,신용카드,식음료,17506.0,서울,20대,성공
2024-03-22 12:53:00,U003757,계좌이체,쇼핑,21585.0,경북,,성공
2024-09-06 22:28:00,U002359,계좌이체,식음료,37808.0,경남,10대,실패
2024-05-07 15:36:00,U001392,계좌이체,기타,15384.0,경기,60대 이상,실패
2024/05/07 17:03,U002805,체크카드,식음료,19884.0,인천,20대,성공
2024-08-06 13:32:00,U001296,신용카드,기타,18740.0,경기,30대,성공
2024-04-13 13:34:00,U002205, 신용카드 ,기타,6058.0,부산,50대,성공
2024/03/23 19:33,U002530,계좌이체,쇼핑,35905.0,광주,20대,성공
2024/02/04 20:44,U000747,계좌이체,교통,4428.0,경기,20대,성공
2024-01-25 05:57:00,U001465, 신용카드 ,교통,7410.0,,30대,실패
2024-08-08 09:17:00,U000661,계좌이체,쇼핑,30697.0,대전,20대,성공
2024-03-31 17:10:00,U002727,계좌이체,쇼핑,39611.0,강원,20대,성공
2024-03-31 20:17:00,U002952,체크카드,식음료,28691.0,경기,40대,성공
2024-01-20 08:47:00,U000400,계좌이체,쇼핑,76977.0,인천,40대,성공
2024-08-21 19:13:00,U003124,신용카드,의료,20522.0,경기,20대,성공
2024-04-02 19:12:00,U000723, 신용카드 ,식음료,23158.0,대구,20대,성공
2024/07/30 17:39,U002890,신용카드,문화/여가,25263.0,경기,30대,성공
2024-06-18 17:39:00,U000889,신용카드,교통,3794.0,인천,40대,성공
2024-12-23 07:57:00,U000076,휴대폰결제,교통,3072.0,서울,40대,성공
2024-01-16 22:09:00,U001283,신용카드,문화/여가,20320.0,경기,20대,성공
2024-02-26 17:31:00,U001947,신용카드,공과금,49988.0,광주,20대,성공
2024-05-30 19:09:00,U003373,계좌이체,식음료,10554.0,경남,20대,성공
2024-05-05 14:43:00,U003389,체크카드,쇼핑,58942.0,경기,20대,실패
2024-12-07 03:19:00,U003793,신용카드,식음료,2072.0,서울,30대,성공
2024-07-23 14:54:00,U000903,신용카드,교통,2990.0,경기,40대,성공
2024-03-01 13:35:00,U001836,계좌이체,식음료,13470.0,부산,30대,성공
2024-09-21 17:43:00,U003566,체크카드,식음료,6053.0,경기,10대,성공
2024-03-07 21:13:00,U001757,신용카드,여행,114477.0,경기,20대,성공
2024-06-16 21:53:00,U000271,신용카드,의료,36959.0,경기,60대 이상,성공
2024-02-20 14:31:00,U002907,신용카드,여행,209624.0,울산,50대,성공
2024-06-13 14:57:00,U000998, 신용카드 ,쇼핑,35548.0,인천,30대,성공
2024-11-18 15:10:00,U000013,체크카드,쇼핑,16980.0,강원,40대,취소
2024/02/13 16:41,U001424,계좌이체,교육,45910.0,충남,60대 이상,성공
2024-04-16 21:21:00,U002217,신용카드,기타,22712.0,서울,40대,성공
2024-06-09 22:41:00,U000354,체크카드,식음료,8625.0,대구,20대,성공
2024-01-23 15:41:00,U002271,포인트결제,의료,50675.0,서울,50대,성공
2024-10-11 21:22:00,U001373,체크카드,식음료,3568.0,서울,20대,성공
2024-09-09 04:09:00,U000447,신용카드,식음료,43941.0,인천,10대,성공
2024-11-27 06:33:00,U003678,휴대폰결제,문화/여가,66111.0,전북,20대,성공
2024/07/13 12:48,U001023,계좌이체,의료,14275.0,,20대,성공
2024-02-17 06:06:00,U001304,휴대폰결제,쇼핑,20798.0,서울,30대,성공
2024-10-15 15:53:00,U003335,휴대폰결제,쇼핑,236792.0,광주,40대,성공
2024-12-26 11:41:00,U001727,신용카드,여행,74445.0,경기,20대,성공
2024-10-24 19:29:00,U000082,계좌이체,식음료,16185.0,부산,40대,성공
2024-09-19 08:04:00,U000986,계좌이체,식음료,29938.0,강원,20대,성공
2024-02-06 23:48:00,U003349,포인트결제,교육,60097.0,서울,50대,성공
2024/11/15 17:49,U001521,체크카드,쇼핑,189573.0,대구,40대,성공
2024-11-23 08:13:00,U002924,체크카드,공과금,51673.0,전남,30대,성공
2024-05-05 10:15:00,U000242,포인트결제,쇼핑,19034.0,인천,10대,성공
2024-09-04 05:40:00,U003084, 신용카드 ,교육,146725.0,인천,40대,성공
2024-05-24 23:10:00,U000576,신용카드,공과금,67650.0,대구,30대,성공
2024-09-12 09:42:00,U003501,신용카드,문화/여가,18131.0,경기,40대,성공
2024-12-18 19:08:00,U002623,신용카드,쇼핑,65154.0,인천,40대,성공
2024-12-01 14:18:00,U001377,신용카드,공과금,126907.0,경기,60대 이상,성공
2024/05/17 15:23,U001770,포인트결제,식음료,7960.0,경북,20대,성공
2024-06-01 09:28:00,U001204,포인트결제,교통,5889.0,서울,40대,성공
2024/09/23 15:39,U000956,신용카드,의료,48065.0,서울,20대,성공
2024-07-27 08:34:00,U001623,신용카드,교통,8910.0,부산,30대,성공
2024-09-15 10:59:00,U003394,포인트결제,쇼핑,28006.0,울산,40대,성공
2024-07-29 17:22:00,U001927,신용카드,문화/여가,33194.0,서울,40대,성공
2024-09-01 13:56:00,U001515,신용카드,쇼핑,48776.0,서울,40대,성공
2024-04-27 19:39:00,U000337,계좌이체,기타,79297.0,대구,50대,성공
2024/02/19 14:59,U000273,체크카드,기타,16373.0,충북,40대,성공
2024-11-27 09:29:00,U001295,신용카드,쇼핑,92641.0,대구,40대,성공
2024-04-04 12:34:00,U001580,체크카드,식음료,34867.0,대구,30대,성공
2024/11/16 16:51,U002821,신용카드,식음료,37905.0,광주,40대,성공
2024-11-02 15:03:00,U002736, 신용카드 ,쇼핑,111461.0,경기,30대,성공
2024/03/23 12:22,U000202, 신용카드 ,교통,6653.0,전북,40대,성공
2024-03-15 19:57:00,U002185,신용카드,쇼핑,,경기,50대,성공
2024-12-05 11:13:00,U003966,포인트결제,기타,13253.0,인천,40대,성공
2024-10-23 17:21:00,U003968,신용카드,기타,17078.0,경기,40대,성공
2024-07-06 13:36:00,U003729, 신용카드 ,식음료,23511.0,경기,20대,성공
2024-10-25 20:57:00,U001907,계좌이체,식음료,13973.0,전북,20대,성공
2024-06-03 15:20:00,U000178,계좌이체,교통,4969.0,충남,30대,성공
2024-07-29 09:03:00,U002026,체크카드,교통,1724.0,서울,,성공
2024/04/21 12:35,U002812,체크카드,쇼핑,31628.0,경기,20대,성공
2024-08-14 23:25:00,U001314,포인트결제,교통,1698.0,대전,30대,성공
2024/06/11 09:00,U003675,포인트결제,식음료,13650.0,부산,40대,성공
2024-01-20 07:54:00,U002224, 신용카드 ,여행,198287.0,부산,20대,성공
2024-05-04 16:30:00,U000871,신용카드,교통,1299.0,경기,20대,성공
2024-05-22 02:45:00,U001417,휴대폰결제,교육,142405.0,서울,60대 이상,성공
2024-06-20 14:55:00,U001323,포인트결제,기타,22830.0,경기,,성공
2024-10-21 12:55:00,U000722,신용카드,식음료,33603.0,서울,50대,취소
2024-11-01 16:57:00,U002534,신용카드,교통,1007.0,인천,40대,성공
2024-08-31 10:13:00,U000345,체크카드,식음료,19761.0,충북,60대 이상,성공
2024-04-10 12:17:00,U001510,체크카드,교육,151433.0,경기,20대,성공
2024-12-10 12:08:00,U003623,,식음료,31542.0,제주,20대,취소
2024-07-16 22:20:00,U003889,체크카드,의료,33471.0,경기,50대,성공
2024-05-30 23:41:00,U002910,체크카드,쇼핑,95017.0,서울,30대,성공
2024-11-12 16:20:00,U001332,신용카드,식음료,32951.0,경북,30대,성공
2024-11-19 12:11:00,U003474,신용카드,쇼핑,12790.0,강원,20대,성공
2024/10/08 11:20,U003079,신용카드,쇼핑,31591.0,서울,20대,성공
2024-07-18 14:21:00,U000255,신용카드,여행,715720.0,인천,10대,성공
2024-09-22 22:27:00,U002048,체크카드,교통,6587.0,충북,10대,성공
2024-11-10 17:37:00,U003683,체크카드,쇼핑,132376.0,인천,30대,성공
2024-06-26 19:18:00,U002979,신용카드,문화/여가,45175.0,경기,50대,성공
2024-05-20 15:21:00,U001461,계좌이체,쇼핑,21791.0,서울,30대,성공
2024-11-18 18:04:00,U002280,신용카드,문화/여가,48165.0,서울,50대,취소
2024-02-13 10:07:00,U001615,체크카드,식음료,40089.0,부산,30대,성공
2024-02-12 16:45:00,U001576,체크카드,쇼핑,,경기,40대,성공
2024-04-21 12:47:00,U002701,신용카드,기타,22902.0,경기,30대,성공
2024-08-01 12:27:00,U000602, 신용카드 ,식음료,6493.0,전북,30대,실패
2024-10-29 19:48:00,U003656,,쇼핑,68880.0,전북,,성공
2024-11-27 20:18:00,U003265,체크카드,교육,237922.0,서울,50대,성공
2024-12-05 07:36:00,U000136,신용카드,쇼핑,56870.0,,40대,성공
2024-08-25 07:06:00,U000682,신용카드,공과금,136683.0,경기,40대,성공
2024-01-09 15:41:00,U001479,계좌이체,쇼핑,17698.0,서울,30대,취소
2024-05-14 00:11:00,U000476,체크카드,교육,236172.0,경기,60대 이상,성공
2024-10-08 20:38:00,U001762,휴대폰결제,여행,352208.0,,30대,성공
2024-06-19 17:45:00,U002763,신용카드,식음료,11956.0,경기,40대,성공
2024-03-31 18:43:00,U001130,신용카드,문화/여가,65215.0,경기,30대,성공
2024-05-07 19:15:00,U000986,계좌이체,교통,6336.0,대구,,성공
2024-11-21 11:06:00,U003657,계좌이체,기타,3821.0,부산,10대,성공
2024-04-24 06:27:00,U001028, 신용카드 ,교통,1633.0,서울,20대,성공
2024/05/18 20:37,U003897,신용카드,쇼핑,,경기,30대,성공
2024-02-28 09:01:00,U002352,신용카드,공과금,32770.0,서울,20대,성공
2024/06/13 21:15,U000786,체크카드,식음료,18700.0,전북,50대,취소
2024-09-03 14:07:00,U003314,신용카드,식음료,7819.0,충북,50대,성공
2024-01-04 20:26:00,U002916,체크카드,여행,82399.0,서울,60대 이상,성공
2024-12-14 09:20:00,U003892,신용카드,교통,3231.0,서울,,성공
2024-01-07 15:50:00,U002182,신용카드,식음료,15502.0,경남,20대,성공
2024/10/09 10:53,U002248,체크카드,식음료,16737.0,경기,30대,성공
2024-10-25 17:02:00,U000503,신용카드,교육,35979.0,인천,40대,성공
2024/09/12 16:11,U000972,계좌이체,문화/여가,10478.0,광주,20대,성공
2024-06-05 22:20:00,U003212,휴대폰결제,기타,50516.0,경기,20대,성공
2024-12-06 08:50:00,U000427,신용카드,식음료,13623.0,서울,20대,성공
2024-08-27 18:16:00,U001044, 신용카드 ,교육,154770.0,경기,20대,성공
2024/06/19 17:36,U003495,신용카드,쇼핑,24928.0,서울,40대,성공
2024-06-12 17:04:00,U002661,체크카드,여행,46859.0,부산,20대,성공
2024/09/15 16:39,U000680,신용카드,식음료,4799.0,경남,20대,성공
2024/02/13 18:32,U000911,계좌이체,식음료,15591.0,서울,30대,성공
2024-07-16 22:37:00,U001267,계좌이체,교통,6600.0,부산,30대,성공
2024-02-25 14:37:00,U003969,계좌이체,공과금,132388.0,서울,30대,성공
2024-12-21 11:24:00,U003017,신용카드,교통,1877.0,경기,40대,실패
2024-12-03 10:53:00,U002227,신용카드,식음료,9950.0,인천,20대,성공
2024-06-09 09:30:00,U002634, 신용카드 ,기타,10373.0,부산,,성공
2024-09-06 06:15:00,U000791,휴대폰결제,교육,167879.0,인천,30대,성공
2024-09-05 12:16:00,U001329,신용카드,기타,7282.0,인천,50대,성공
2024-02-23 07:13:00,U003550,신용카드,식음료,50265.0,대전,20대,실패
2024-11-28 10:42:00,U002564,휴대폰결제,쇼핑,29103.0,경기,40대,실패
2024/09/18 21:49,U001686,신용카드,교통,1196.0,서울,30대,성공
2024-01-01 10:25:00,U001950,신용카드,식음료,8296.0,전남,20대,성공
2024/06/29 22:54,U002812,신용카드,쇼핑,57887.0,제주,20대,성공
2024-07-23 08:10:00,U001610,체크카드,쇼핑,,경기,20대,성공
2024/08/28 07:02,U002009,체크카드,의료,33218.0,대전,20대,성공
2024-10-07 21:28:00,U000405,계좌이체,식음료,17467.0,제주,20대,성공
2024-05-05 19:18:00,U000735,체크카드,식음료,20893.0,경기,40대,성공
2024-07-24 19:24:00,U002724, 신용카드 ,쇼핑,22957.0,경남,20대,성공
2024-01-10 19:58:00,U002664,휴대폰결제,쇼핑,47609.0,서울,50대,실패
2024-12-30 22:23:00,U003831,,식음료,,경기,60대 이상,성공
2024-11-07 01:24:00,U001194,계좌이체,쇼핑,28277.0,경기,50대,성공
2024-04-22 14:54:00,U001038,체크카드,식음료,15273.0,세종,30대,성공
2024-02-09 22:38:00,U003768, 신용카드 ,교육,26989.0,세종,,성공
2024-09-26 18:50:00,U000543,체크카드,교통,1133.0,서울,50대,성공
2024/05/29 12:22,U001056,체크카드,교육,58768.0,부산,60대 이상,성공
2024-07-20 13:33:00,U002705,체크카드,쇼핑,58468.0,부산,10대,성공
2024-05-10 10:10:00,U003840,신용카드,교통,5072.0,서울,40대,취소
2024-01-11 04:23:00,U002998,계좌이체,식음료,25389.0,전북,30대,성공
2024-05-29 16:35:00,U003595,계좌이체,식음료,12495.0,충북,30대,성공
2024/02/21 20:23,U000072,신용카드,쇼핑,,서울,,성공
2024-06-14 18:55:00,U002820,신용카드,식음료,6458.0,경기,20대,성공
2024-04-24 18:50:00,U002249,체크카드,식음료,7845.0,강원,30대,성공
2024-05-18 20:26:00,U003649,신용카드,교통,1645.0,경남,40대,성공
2024-03-05 19:44:00,U001283,신용카드,교통,7820.0,인천,40대,성공
2024-11-03 23:31:00,U003079,체크카드,쇼핑,39117.0,서울,30대,성공
2024-11-22 20:25:00,U003463,체크카드,교육,45724.0,부산,30대,성공
2024-08-31 13:05:00,U003718,신용카드,교통,3262.0,경남,20대,성공
2024-06-25 18:07:00,U003494,계좌이체,쇼핑,36350.0,부산,20대,실패
2024-06-22 13:58:00,U001809,계좌이체,문화/여가,93362.0,경북,20대,성공
2024-11-03 06:02:00,U002042,신용카드,문화/여가,3784.0,경기,40대,성공
2024-03-24 10:11:00,U001682,체크카드,여행,315820.0,서울,50대,성공
2024-01-10 19:25:00,U000029,신용카드,식음료,24030.0,서울,30대,성공
2024-11-07 18:32:00,U001879,신용카드,공과금,47493.0,경기,30대,성공
2024-10-25 13:18:00,U001184,휴대폰결제,쇼핑,24857.0,경북,,성공
2024-07-19 22:26:00,U003828,체크카드,문화/여가,17844.0,경기,20대,성공
2024-07-05 17:15:00,U000905,신용카드,의료,131083.0,서울,50대,성공
2024-04-24 20:42:00,U003026,,공과금,29576.0,경기,,실패
2024-10-10 18:54:00,U002421,체크카드,문화/여가,16702.0,광주,30대,성공
2024-02-14 07:24:00,U000207,신용카드,교육,113073.0,경기,30대,성공
2024-09-29 01:23:00,U001825,계좌이체,교통,4896.0,세종,20대,성공
2024/12/30 06:47,U001901,,식음료,1421.0,경기,40대,성공
2024-03-24 12:15:00,U000485,,식음료,,서울,40대,성공
2024-05-27 15:33:00,U001282,계좌이체,쇼핑,17922.0,강원,20대,성공
2024-11-05 18:33:00,U003942,신용카드,교통,2156.0,서울,40대,성공
2024-05-19 21:18:00,U000494,체크카드,식음료,9367.0,경기,,성공
2024-05-27 19:02:00,U003668,신용카드,문화/여가,63039.0,서울,20대,성공
2024/06/29 17:25,U002705,체크카드,의료,46071.0,경기,60대 이상,성공
2024-09-21 20:35:00,U000302,,공과금,17639.0,인천,40대,성공
2024/12/07 14:38,U002090,계좌이체,교통,9066.0,대전,10대,성공
2024-04-18 19:59:00,U003346,신용카드,쇼핑,60826.0,경기,30대,성공
2024-12-07 09:39:00,U003670,체크카드,문화/여가,51378.0,광주,30대,성공
2024-08-24 11:59:00,U002723,체크카드,여행,251023.0,광주,40대,성공
2024-01-07 22:49:00,U002589,신용카드,기타,3797.0,경기,,실패
2024-04-06 16:11:00,U000875, 신용카드 ,식음료,20917.0,경기,,성공
2024-05-24 09:14:00,U003244,포인트결제,교육,93234.0,부산,20대,성공
2024-01-15 18:08:00,U001179,포인트결제,교육,150416.0,서울,20대,성공
2024-11-09 12:22:00,U002158,체크카드,교통,2134.0,인천,10대,성공
2024-05-15 18:39:00,U003941,휴대폰결제,의료,,부산,30대,성공
2024-09-06 22:01:00,U001518,체크카드,쇼핑,28811.0,충남,40대,성공
2024-09-11 13:48:00,U002217,계좌이체,쇼핑,49137.0,서울,30대,성공
2024-08-09 13:37:00,U000776,신용카드,문화/여가,46842.0,부산,30대,성공
2024-11-19 18:38:00,U001238,신용카드,식음료,36290.0,부산,30대,성공
2024-04-05 13:25:00,U001202,체크카드,의료,34209.0,경기,10대,성공
2024-02-21 10:42:00,U001145,,문화/여가,42629.0,서울,30대,성공
2024-07-03 06:23:00,U001753, 신용카드 ,식음료,9641.0,인천,30대,성공
2024-11-16 15:42:00,U001454,체크카드,의료,63377.0,서울,20대,실패
2024-08-17 07:05:00,U000109,신용카드,쇼핑,77015.0,서울,30대,성공
2024-01-14 15:29:00,U002141,신용카드,쇼핑,17418.0,대구,20대,실패
2024-01-15 13:58:00,U002498,체크카드,의료,70733.0,인천,20대,성공
2024-09-11 17:12:00,U003102,체크카드,문화/여가,6035.0,경남,20대,성공
2024-11-06 19:58:00,U000656,신용카드,의료,71153.0,서울,40대,실패
2024/06/07 11:15,U000882,계좌이체,여행,260494.0,서울,20대,성공
2024-06-09 17:06:00,U003521,신용카드,식음료,9129.0,서울,10대,성공
2024-02-21 00:04:00,U001282,신용카드,식음료,24395.0,충남,30대,성공
2024-09-03 13:47:00,U001166,계좌이체,쇼핑,17391.0,서울,20대,성공
2024/10/18 10:14,U002517,신용카드,식음료,21372.0,인천,40대,성공
2024-07-04 05:06:00,U001697,계좌이체,쇼핑,70252.0,전남,20대,실패
2024/03/16 19:55,U000508,포인트결제,공과금,41974.0,대전,30대,성공
2024-06-02 08:20:00,U002487,계좌이체,식음료,19728.0,인천,40대,성공
2024-06-22 11:09:00,U003417, 신용카드 ,식음료,15036.0,서울,30대,성공
2024/05/17 13:43,U001744,포인트결제,쇼핑,41588.0,전북,10대,성공
2024-10-24 10:33:00,U000420,포인트결제,교통,3656.0,서울,30대,성공
2024-08-09 19:53:00,U002380, 신용카드 ,문화/여가,10614.0,경기,40대,성공
2024-05-12 19:04:00,U000860,계좌이체,식음료,16948.0,서울,60대 이상,성공
2024-02-03 21:34:00,U002764,체크카드,교통,1596.0,경기,30대,성공
2024-05-13 19:43:00,U000327,계좌이체,쇼핑,87711.0,경북,,성공
2024-04-26 18:38:00,U003965,체크카드,식음료,19216.0,경기,50대,성공
2024-06-10 11:43:00,U000086,체크카드,쇼핑,66693.0,경기,60대 이상,성공
2024/12/20 12:59,U003619,휴대폰결제,쇼핑,84933.0,서울,30대,성공
2024/06/08 09:11,U001815,신용카드,의료,35529.0,서울,,취소
2024-11-25 07:47:00,U003022,체크카드,기타,,경기,60대 이상,성공
2024-03-31 21:43:00,U001956,계좌이체,쇼핑,19538.0,전남,20대,성공
2024-09-10 16:36:00,U003714,체크카드,쇼핑,79601.0,서울,50대,실패
2024-02-24 08:29:00,U002337,체크카드,의료,30236.0,울산,30대,취소
2024-07-08 09:50:00,U003290,신용카드,의료,31007.0,제주,10대,성공
2024-07-31 09:59:00,U000932,계좌이체,쇼핑,16414.0,대구,30대,성공
2024-02-15 20:04:00,U000368,포인트결제,여행,174707.0,대구,20대,성공
2024-01-03 11:05:00,U000081,포인트결제,쇼핑,29839.0,서울,40대,성공
2024-04-16 07:49:00,U002494,신용카드,식음료,13542.0,경기,20대,성공
2024/01/30 20:54,U002645,계좌이체,교육,34112.0,부산,30대,성공
2024-01-01 03:42:00,U000679,신용카드,쇼핑,28471.0,서울,20대,성공
2024-10-08 19:55:00,U000945,포인트결제,여행,46074.0,경기,40대,성공
2024/07/11 16:15,U003912, 신용카드 ,여행,191192.0,부산,20대,성공
2024-04-08 22:18:00,U000194,체크카드,문화/여가,27248.0,서울,30대,성공
2024-02-05 09:05:00,U001984,휴대폰결제,쇼핑,37694.0,전북,10대,성공
2024-03-27 20:56:00,U003403,신용카드,교통,3443.0,경북,20대,성공
2024-04-19 10:21:00,U000298,체크카드,식음료,12017.0,충남,,성공
2024-09-20 18:28:00,U001461,계좌이체,교통,3503.0,인천,20대,성공
2024-01-15 08:13:00,U003855,휴대폰결제,쇼핑,17542.0,경기,60대 이상,실패
2024-10-27 11:34:00,U001715,체크카드,식음료,19656.0,서울,20대,성공
2024-03-13 15:41:00,U003288,신용카드,교통,3960.0,서울,20대,성공
2024-07-18 14:09:00,U000861,체크카드,문화/여가,60388.0,경기,50대,성공
2024-10-01 23:43:00,U003993,신용카드,쇼핑,51853.0,경기,40대,성공
2024-04-01 02:20:00,U003473,신용카드,식음료,18703.0,전북,20대,성공
2024-01-24 18:42:00,U003542,,식음료,9821.0,경기,40대,성공
2024-07-22 12:03:00,U001520,포인트결제,교통,1296.0,경기,20대,성공
2024-10-20 13:21:00,U002368,계좌이체,교통,764.0,,30대,성공
2024-08-02 12:30:00,U003220,신용카드,쇼핑,27199.0,전남,30대,성공
2024-06-12 19:00:00,U000374,계좌이체,교통,6931.0,경기,20대,성공
2024-01-14 08:43:00,U002339,신용카드,쇼핑,26357.0,경기,50대,성공
2024-03-25 17:48:00,U001778,신용카드,문화/여가,10951.0,경기,30대,성공
2024-01-03 13:05:00,U001541,계좌이체,문화/여가,25260.0,부산,30대,성공
2024-05-08 01:11:00,U000750,신용카드,교육,197834.0,경기,20대,성공
2024-03-17 19:17:00,U000705,,공과금,44252.0,경기,10대,성공
2024-06-20 20:22:00,U001272, 신용카드 ,식음료,7398.0,서울,20대,성공
2024-06-18 17:48:00,U003948,,공과금,25147.0,대구,10대,성공
2024/08/05 20:49,U001972,신용카드,공과금,32824.0,대구,10대,성공
2024-11-01 21:21:00,U003841,휴대폰결제,식음료,15055.0,제주,10대,성공
2024-03-13 11:00:00,U001635,체크카드,문화/여가,30403.0,충북,,성공
2024-03-10 17:06:00,U003975,신용카드,문화/여가,5545.0,서울,20대,성공
2024-06-27 13:38:00,U001128,신용카드,쇼핑,73072.0,강원,60대 이상,성공
2024-02-10 20:05:00,U001330,계좌이체,쇼핑,17906.0,서울,20대,성공
2024-01-01 15:37:00,U000152,포인트결제,교육,50947.0,서울,20대,성공
2024-04-20 23:19:00,U002739, 신용카드 ,기타,36663.0,서울,20대,성공
2024-12-21 14:36:00,U002320,계좌이체,쇼핑,63337.0,서울,30대,성공
2024-03-14 22:39:00,U000179,신용카드,쇼핑,75295.0,강원,60대 이상,성공
2024-10-05 10:04:00,U002874,계좌이체,식음료,7662.0,충북,30대,실패
2024-09-27 20:49:00,U002199,신용카드,교통,3475.0,경남,40대,성공
2024-02-20 13:38:00,U002941,포인트결제,문화/여가,10012.0,경기,30대,성공
2024-01-24 08:34:00,U001230,신용카드,식음료,36618.0,서울,40대,성공
2024-01-08 13:04:00,U001817,신용카드,의료,40237.0,서울,30대,성공
2024/10/02 18:10,U003607,체크카드,쇼핑,20488.0,서울,,성공
2024/05/30 15:54,U002857,체크카드,교통,2649.0,경북,50대,성공
2024-02-14 10:29:00,U002384,신용카드,교육,40062.0,서울,10대,성공
2024-10-21 09:27:00,U003383,계좌이체,식음료,15086.0,울산,60대 이상,성공
2024-12-07 14:45:00,U003006,체크카드,쇼핑,75987.0,부산,30대,성공
2024-03-05 20:28:00,U001849,포인트결제,교육,6083.0,강원,60대 이상,성공
2024-11-29 21:23:00,U001902,계좌이체,교통,4551.0,경기,20대,성공
2024-03-30 18:13:00,U001375,휴대폰결제,쇼핑,117885.0,서울,40대,성공
2024-08-14 22:53:00,U002234,체크카드,쇼핑,70283.0,서울,60대 이상,성공
2024-08-21 19:35:00,U002872,체크카드,쇼핑,24652.0,경기,30대,성공
2024-05-08 10:57:00,U000847,포인트결제,식음료,15067.0,,20대,실패
2024-02-07 10:46:00,U003103,체크카드,기타,15027.0,서울,20대,성공
2024-11-05 10:50:00,U000418,계좌이체,식음료,12212.0,인천,,성공
2024/03/29 17:13,U001675,계좌이체,쇼핑,60418.0,서울,50대,성공
2024-10-10 13:27:00,U000373,계좌이체,식음료,19657.0,서울,30대,성공
2024-08-04 20:23:00,U003509,신용카드,문화/여가,31372.0,광주,40대,성공
2024-09-02 00:27:00,U000493,포인트결제,쇼핑,50662.0,서울,60대 이상,성공
2024-12-21 10:43:00,U002042,계좌이체,기타,9919.0,경기,40대,성공
2024-07-05 11:10:00,U001119,휴대폰결제,교통,1678.0,경기,20대,성공
2024-06-03 11:23:00,U001493,신용카드,쇼핑,26592.0,충북,30대,성공
2024-10-11 10:42:00,U002242,체크카드,식음료,34812.0,서울,40대,성공
2024-12-28 22:23:00,U000210,신용카드,식음료,11044.0,경기,20대,성공
2024/05/09 19:11,U001879,신용카드,교육,47815.0,경기,40대,성공
2024/07/14 22:06,U001580,신용카드,쇼핑,10190.0,서울,,성공
2024-10-30 20:30:00,U001798,휴대폰결제,의료,25607.0,대구,40대,성공
2024/06/11 08:53,U003992,신용카드,쇼핑,97938.0,경북,20대,성공
2024-06-04 08:12:00,U002357,신용카드,공과금,26236.0,서울,20대,성공
2024-06-14 17:34:00,U000803,포인트결제,식음료,1889.0,경기,30대,성공
2024-08-20 21:22:00,U002317,신용카드,쇼핑,20256.0,,30대,성공
2024-01-20 23:42:00,U002153,계좌이체,교육,114847.0,경기,10대,성공
2024-10-13 09:08:00,U000466,신용카드,교육,132021.0,강원,40대,성공
2024-12-16 00:03:00,U003348,신용카드,문화/여가,9540.0,서울,30대,성공
2024-03-25 14:19:00,U003030,포인트결제,문화/여가,43431.0,인천,40대,성공
2024-01-28 20:59:00,U001270,계좌이체,식음료,36189.0,전북,,성공
2024-11-18 20:43:00,U001855,신용카드,의료,39979.0,경기,,성공
2024-12-09 13:18:00,U003218,신용카드,기타,30982.0,경기,50대,성공
2024/10/10 20:24,U000526,포인트결제,식음료,14287.0,인천,20대,성공
2024-06-06 12:58:00,U002860,계좌이체,의료,39729.0,인천,20대,성공
2024-01-08 20:02:00,U003612,신용카드,문화/여가,37933.0,충남,40대,성공
2024-01-29 20:56:00,U003230,신용카드,쇼핑,23632.0,대전,60대 이상,성공
2024-04-14 14:50:00,U000719,신용카드,쇼핑,121896.0,서울,20대,실패
2024-08-04 16:09:00,U000274,계좌이체,의료,28836.0,경기,30대,성공
2024-12-13 23:20:00,U001822,휴대폰결제,쇼핑,80225.0,서울,30대,성공
2024-06-08 09:44:00,U002409,휴대폰결제,교통,500.0,광주,10대,성공
2024-01-25 16:50:00,U002312,신용카드,교통,5662.0,경기,50대,성공
2024-09-10 12:50:00,U002402,신용카드,의료,46330.0,경기,40대,성공
2024-04-03 13:27:00,U002411,신용카드,식음료,56635.0,서울,30대,취소
2024-01-11 18:08:00,U001989,체크카드,문화/여가,17952.0,서울,50대,성공
2024-08-31 17:23:00,U001070,체크카드,교통,945.0,경기,,취소
2024-10-04 12:20:00,U000308, 신용카드 ,공과금,61124.0,대구,20대,성공
2024-07-21 12:19:00,U002863,체크카드,의료,51279.0,서울,20대,성공
2024-02-20 15:44:00,U002012,신용카드,교통,2929.0,인천,50대,성공
2024-07-31 23:12:00,U002028,신용카드,의료,44819.0,경남,10대,성공
2024-02-18 18:49:00,U002122,휴대폰결제,의료,16578.0,대구,20대,성공
2024-05-10 10:17:00,U003189, 신용카드 ,교통,,대구,50대,성공
2024-02-05 12:45:00,U000451,포인트결제,쇼핑,41711.0,부산,20대,성공
2024-05-22 14:54:00,U001443,체크카드,의료,74038.0,인천,20대,성공
2024/03/29 12:46,U000237,신용카드,기타,45566.0,경북,50대,성공
2024-05-22 19:09:00,U003998, 신용카드 ,쇼핑,170501.0,경기,50대,실패
2024-02-21 08:55:00,U002859,체크카드,기타,42007.0,인천,30대,성공
2024-06-29 18:49:00,U002032,포인트결제,쇼핑,36737.0,충북,10대,실패
2024-07-12 20:16:00,U000079,계좌이체,쇼핑,40320.0,대전,20대,성공
2024-11-11 10:44:00,U002706,신용카드,교육,179685.0,서울,40대,성공
2024-02-09 10:09:00,U001040,신용카드,교통,1943.0,부산,60대 이상,성공
2024/10/08 14:33,U002616, 신용카드 ,식음료,2082.0,경남,30대,성공
2024-10-21 20:38:00,U000610,신용카드,공과금,47911.0,경기,,성공
2024-06-17 10:12:00,U002148,신용카드,공과금,66211.0,대전,30대,성공
2024-05-13 14:32:00,U003068,신용카드,식음료,2530.0,경기,40대,성공
2024-08-16 17:59:00,U002768,신용카드,쇼핑,32338.0,광주,30대,성공
2024-11-05 09:55:00,U000161,신용카드,공과금,74260.0,서울,20대,성공
2024-01-26 15:07:00,U000004,계좌이체,교육,73535.0,,50대,성공
2024-01-30 18:15:00,U003717,계좌이체,식음료,11951.0,인천,40대,성공
2024-06-18 18:18:00,U000046,신용카드,공과금,36689.0,경기,50대,성공
2024-07-12 08:27:00,U000441,신용카드,쇼핑,51769.0,서울,20대,성공
2024-06-29 08:30:00,U002706,신용카드,교통,638.0,대전,40대,실패
2024-05-14 09:56:00,U001101,신용카드,식음료,24352.0,충남,40대,성공
2024-06-02 18:03:00,U000476,체크카드,식음료,28035.0,경기,30대,성공
2024-05-06 20:59:00,U003720,신용카드,쇼핑,110413.0,대구,30대,성공
2024-02-01 08:59:00,U000083,체크카드,교육,88553.0,서울,20대,성공
2024-11-14 10:53:00,U000858,신용카드,문화/여가,75727.0,인천,50대,성공
2024-11-08 11:48:00,U000420,계좌이체,쇼핑,70225.0,서울,30대,성공
2024-01-06 12:09:00,U001615,체크카드,식음료,7790.0,경기,40대,성공
2024-04-10 10:03:00,U001675,계좌이체,쇼핑,146091.0,,40대,성공
2024/02/27 10:08,U000069,계좌이체,식음료,34320.0,대전,40대,성공
2024-01-15 06:48:00,U000307,신용카드,기타,9819.0,서울,40대,성공
2024-03-10 18:38:00,U002624,체크카드,문화/여가,17395.0,서울,30대,성공
2024-08-09 12:10:00,U002430,신용카드,문화/여가,58705.0,경북,30대,성공
2024-08-02 10:56:00,U002412,체크카드,식음료,8250.0,강원,30대,실패
2024/11/13 09:17,U003099, 신용카드 ,의료,14691.0,강원,30대,성공
2024-10-04 11:00:00,U003628, 신용카드 ,기타,44388.0,대구,50대,성공
2024/08/07 21:11,U002383,신용카드,문화/여가,49570.0,서울,40대,성공
2024-04-23 18:16:00,U000245,신용카드,문화/여가,6633.0,대구,50대,취소
2024-06-29 12:55:00,U002532,계좌이체,공과금,61450.0,서울,40대,성공
2024-07-30 14:35:00,U002293,포인트결제,교육,195775.0,대구,30대,성공
2024-07-07 18:30:00,U002383,신용카드,의료,79907.0,충북,30대,성공
2024-02-25 11:53:00,U000634,휴대폰결제,문화/여가,31814.0,대구,20대,취소
2024-04-11 14:39:00,U000379,체크카드,교통,3168.0,경기,20대,성공
2024-08-23 19:38:00,U001122,계좌이체,의료,26225.0,인천,50대,실패
2024-06-04 11:24:00,U000424,신용카드,교통,,경기,30대,성공
2024-03-09 08:26:00,U002421,포인트결제,기타,7340.0,경기,,성공
2024/02/24 19:57,U001264,신용카드,쇼핑,100536.0,서울,30대,성공
2024-09-12 08:33:00,U000383,포인트결제,문화/여가,33429.0,서울,20대,성공
2024-02-09 23:34:00,U000808,계좌이체,기타,12344.0,충북,60대 이상,성공
2024-01-25 09:46:00,U002382,신용카드,쇼핑,2916.0,경남,50대,성공
2024/08/29 18:14,U000337,휴대폰결제,식음료,17254.0,,20대,실패
2024-08-17 19:07:00,U000104,신용카드,의료,33180.0,서울,,성공
2024/05/31 09:01,U002283,체크카드,공과금,98839.0,서울,50대,실패
2024/11/12 10:55,U003487,포인트결제,여행,214590.0,울산,30대,성공
2024-04-08 03:02:00,U001139, 신용카드 ,식음료,27530.0,경기,20대,성공
2024-05-04 15:05:00,U001943,신용카드,식음료,7779.0,서울,30대,성공
2024-12-03 18:56:00,U002483,체크카드,식음료,29778.0,서울,30대,취소
2024-11-06 10:47:00,U000862,포인트결제,식음료,20407.0,충남,60대 이상,성공
2024-06-02 23:52:00,U000398,,쇼핑,14721.0,서울,40대,성공
2024-11-05 04:09:00,U002620,계좌이체,쇼핑,53697.0,경기,60대 이상,성공
2024-09-13 11:34:00,U002716,신용카드,교통,12208.0,광주,40대,성공
2024/04/10 13:32,U003013,계좌이체,쇼핑,10278.0,서울,30대,성공
2024-12-30 14:53:00,U001405,휴대폰결제,쇼핑,12214.0,경기,20대,성공
2024-08-15 10:58:00,U001118,체크카드,쇼핑,34033.0,경남,30대,성공
2024-05-11 01:30:00,U001250,신용카드,교통,1906.0,서울,50대,성공
2024-06-04 08:13:00,U003694,신용카드,교육,118777.0,경남,30대,성공
2024/10/22 17:27,U003610,신용카드,교통,1150.0,인천,40대,성공
2024-02-01 08:27:00,U001269,신용카드,쇼핑,28802.0,전남,50대,성공
2024/07/13 22:45,U003032,휴대폰결제,의료,43383.0,경기,30대,성공
2024-01-15 16:44:00,U002902,계좌이체,문화/여가,12412.0,경기,20대,성공
2024-05-27 12:58:00,U003630,신용카드,기타,3954.0,서울,60대 이상,성공
2024-03-14 21:34:00,U003487,체크카드,식음료,9695.0,전북,30대,성공
2024-10-17 18:44:00,U002835,계좌이체,문화/여가,22655.0,서울,30대,취소
2024-03-03 16:42:00,U003069,계좌이체,쇼핑,7640.0,충남,,성공
2024-09-22 23:50:00,U000633,신용카드,교통,6030.0,경기,40대,성공
2024-03-16 20:33:00,U001871,,문화/여가,,강원,30대,성공
2024-05-28 09:40:00,U003725,체크카드,교육,101221.0,충북,30대,성공
2024-05-27 19:02:00,U003668,신용카드,문화/여가,63039.0,서울,20대,성공
2024-09-11 10:05:00,U000569,신용카드,쇼핑,33658.0,인천,50대,성공
2024/11/20 09:37,U000520,계좌이체,문화/여가,28219.0,,40대,실패
2024-03-16 01:34:00,U003314,계좌이체,여행,809809.0,서울,40대,성공
2024-06-20 11:42:00,U001586,신용카드,교육,13311.0,대전,50대,성공
2024-11-30 19:58:00,U003893,휴대폰결제,쇼핑,183183.0,인천,40대,성공
2024-01-25 13:44:00,U003560,계좌이체,식음료,32350.0,대전,20대,성공
2024/04/09 20:57,U002791,신용카드,교통,1572.0,서울,20대,성공
2024-11-13 14:20:00,U000503,체크카드,교통,,부산,20대,성공
2024-09-08 08:30:00,U000907,포인트결제,의료,45208.0,서울,20대,성공
2024-03-26 18:32:00,U001230, 신용카드 ,식음료,22564.0,서울,40대,성공
2024-07-19 14:34:00,U000309,포인트결제,식음료,6437.0,경북,10대,성공
2024-03-07 11:13:00,U002001,계좌이체,공과금,115600.0,경기,20대,성공
2024-03-28 09:25:00,U000481,휴대폰결제,쇼핑,28204.0,부산,50대,취소
2024-02-26 10:56:00,U003692,체크카드,여행,42539.0,부산,40대,성공
2024-07-20 19:03:00,U000027,휴대폰결제,식음료,9030.0,서울,40대,성공
2024-02-27 21:33:00,U001380,,식음료,1040.0,경남,30대,성공
2024-04-09 12:39:00,U001865,신용카드,의료,68380.0,대구,30대,성공
2024-05-03 18:33:00,U001962,신용카드,공과금,130265.0,서울,30대,성공
2024-09-14 11:49:00,U002246,체크카드,여행,301420.0,서울,40대,성공
2024-09-21 09:00:00,U000813,신용카드,쇼핑,57546.0,서울,50대,성공
2024/06/08 19:31,U000261,계좌이체,교통,3634.0,경기,30대,성공
2024-12-03 11:05:00,U002700,신용카드,공과금,81262.0,서울,20대,성공
2024/01/22 13:36,U000863,신용카드,교육,154575.0,경기,60대 이상,성공
2024-09-25 05:13:00,U002112,신용카드,쇼핑,38176.0,경기,30대,성공
2024-09-22 16:04:00,U001011,신용카드,교통,677.0,서울,20대,성공
2024-11-02 11:58:00,U002530,계좌이체,식음료,5647.0,서울,40대,성공
2024/10/19 17:35,U003099,휴대폰결제,문화/여가,3769.0,부산,20대,성공
2024-07-28 12:10:00,U003774, 신용카드 ,의료,38658.0,경북,60대 이상,성공
2024-10-13 13:45:00,U002166,신용카드,여행,41796.0,,40대,성공
2024-03-14 16:44:00,U003172,계좌이체,교통,4866.0,대전,40대,성공
2024-07-07 08:10:00,U003312,휴대폰결제,공과금,40136.0,부산,10대,성공
2024-05-30 17:47:00,U000450,신용카드,문화/여가,33494.0,부산,10대,성공
2024-04-24 15:44:00,U002369,체크카드,공과금,,대구,50대,성공
2024-11-01 14:10:00,U003042,신용카드,기타,21134.0,경북,30대,성공
2024-03-21 17:19:00,U000710,신용카드,교육,87330.0,서울,30대,성공
2024/08/25 17:58,U003352,계좌이체,식음료,9877.0,경북,50대,성공
2024-07-26 18:23:00,U000986,신용카드,식음료,10429.0,서울,30대,성공
2024/03/14 07:55,U000337,포인트결제,쇼핑,33872.0,경기,60대 이상,성공
2024-04-22 18:05:00,U002528, 신용카드 ,기타,7671.0,부산,20대,취소
2024-11-15 13:47:00,U003742, 신용카드 ,식음료,27370.0,광주,30대,성공
2024-03-06 16:03:00,U000566,신용카드,식음료,22178.0,제주,30대,성공
2024-08-26 14:06:00,U003839,체크카드,쇼핑,30371.0,부산,30대,성공
2024-10-05 19:43:00,U002517,,식음료,29773.0,서울,40대,성공
2024/11/10 17:40,U003719,,여행,68930.0,광주,30대,성공
2024-08-07 13:40:00,U002833,신용카드,공과금,76288.0,경기,50대,성공
2024/07/17 07:01,U003581,신용카드,쇼핑,43491.0,경북,40대,성공
2024/12/26 10:32,U000765, 신용카드 ,쇼핑,53748.0,대전,30대,성공
2024-04-25 21:48:00,U003056,포인트결제,의료,44413.0,경기,40대,성공
2024-08-04 01:47:00,U003436,체크카드,기타,20135.0,서울,10대,성공
2024-01-01 19:44:00,U001164,신용카드,기타,21742.0,경기,40대,성공
2024-09-23 11:07:00,U000611,신용카드,문화/여가,42740.0,세종,20대,성공
2024-01-06 16:11:00,U002028,신용카드,쇼핑,117278.0,경기,,성공
2024-02-23 19:14:00,U002951,체크카드,교통,500.0,서울,40대,성공
2024-06-30 13:07:00,U001238,계좌이체,의료,59742.0,광주,40대,성공
2024-03-12 23:05:00,U002460,신용카드,쇼핑,,인천,10대,성공
2024-09-24 20:25:00,U003000,체크카드,쇼핑,82903.0,부산,20대,성공
2024-08-01 12:50:00,U002494,체크카드,식음료,13027.0,경남,40대,성공
2024-12-28 18:51:00,U003967,체크카드,쇼핑,22262.0,인천,50대,성공
2024-03-20 05:57:00,U000091,신용카드,쇼핑,81060.0,서울,10대,성공
2024-06-05 15:52:00,U000104,체크카드,여행,229294.0,서울,20대,성공
2024-10-05 11:32:00,U003545,신용카드,쇼핑,18382.0,경북,60대 이상,성공
2024-10-31 06:29:00,U002658,신용카드,의료,66936.0,경기,20대,성공
2024-02-19 08:43:00,U000464,체크카드,교통,3321.0,인천,,성공
2024/03/23 09:12,U003644,계좌이체,여행,166110.0,경북,,성공
2024-11-30 23:28:00,U003697,계좌이체,식음료,18504.0,,,성공
2024-08-01 19:45:00,U003002,신용카드,교통,5618.0,서울,20대,성공
2024-11-10 21:52:00,U003448,신용카드,식음료,7345.0,,20대,성공
2024-11-07 18:07:00,U000194,체크카드,문화/여가,13752.0,대구,,실패
2024-05-04 01:15:00,U000535,신용카드,기타,22086.0,서울,30대,실패
2024-07-25 15:26:00,U003887,체크카드,식음료,11225.0,대구,20대,성공
2024-10-25 17:04:00,U003043,계좌이체,교육,89985.0,인천,40대,성공
2024-12-25 18:44:00,U000588,체크카드,교육,73908.0,대전,40대,성공
2024-03-29 09:58:00,U000938,신용카드,교통,1192.0,충남,50대,성공
2024-08-28 19:13:00,U000938,계좌이체,쇼핑,94427.0,인천,40대,성공
2024-05-24 05:11:00,U003701,신용카드,기타,26648.0,서울,50대,성공
2024-08-24 03:25:00,U003993,신용카드,문화/여가,23702.0,경기,30대,성공
2024-05-29 19:37:00,U003167,신용카드,쇼핑,18964.0,광주,30대,성공
2024-10-20 15:58:00,U001604,신용카드,교통,1790.0,서울,30대,실패
2024-03-26 18:17:00,U000218,신용카드,식음료,13195.0,경기,30대,성공
2024-05-26 20:54:00,U001048,포인트결제,쇼핑,28736.0,대구,30대,성공
2024-01-22 07:12:00,U002861,체크카드,교통,2797.0,경북,20대,성공
2024-10-05 11:15:00,U001869,신용카드,공과금,37934.0,인천,40대,성공
2024-09-06 17:46:00,U001064,신용카드,식음료,3807.0,서울,30대,성공
2024-06-30 14:38:00,U003565,휴대폰결제,문화/여가,49054.0,서울,20대,성공
2024-09-01 11:04:00,U000151,신용카드,식음료,5803.0,인천,30대,성공
2024-10-16 08:39:00,U000519,,문화/여가,28449.0,경기,30대,성공
2024-05-09 02:47:00,U002426,계좌이체,문화/여가,49012.0,경기,30대,성공
2024-02-08 04:26:00,U000350,신용카드,교육,65458.0,경기,50대,성공
2024-03-22 14:01:00,U003915,계좌이체,식음료,18423.0,경기,30대,실패
2024/06/24 03:31,U003708,휴대폰결제,공과금,170133.0,전남,20대,성공
2024-12-05 19:29:00,U000706,체크카드,교통,3486.0,경기,50대,성공
2024-03-06 14:07:00,U001154, 신용카드 ,문화/여가,40741.0,경기,40대,성공
2024-08-18 10:12:00,U001349,포인트결제,기타,42360.0,서울,,성공
2024/03/30 15:39,U000038,체크카드,의료,19886.0,대구,20대,성공
2024-05-04 12:57:00,U002035,계좌이체,교통,998.0,강원,20대,성공
2024-10-29 12:53:00,U003582,체크카드,식음료,12426.0,서울,10대,성공
2024/02/16 18:16,U001686,포인트결제,교육,78796.0,경기,30대,성공
2024-03-08 12:13:00,U000795,신용카드,공과금,72974.0,경기,50대,성공
2024/03/12 18:44,U001063,체크카드,교통,4797.0,경기,30대,성공
2024-09-10 12:16:00,U000226,신용카드,의료,9102.0,서울,50대,성공
2024-06-06 20:05:00,U001284,휴대폰결제,쇼핑,3484.0,인천,20대,성공
2024-02-01 18:48:00,U003547,신용카드,여행,272967.0,대구,30대,성공
2024-12-28 17:16:00,U003653,체크카드,식음료,24662.0,경남,30대,성공
2024-09-20 13:31:00,U003111,,문화/여가,21973.0,경기,20대,성공
2024-01-16 16:04:00,U002951,신용카드,문화/여가,32505.0,서울,30대,성공
2024-03-19 17:12:00,U001697,신용카드,식음료,8078.0,광주,20대,성공
2024-04-11 18:42:00,U002307,체크카드,의료,45246.0,서울,20대,성공
2024-04-05 16:31:00,U002258,계좌이체,공과금,111946.0,서울,,성공
2024-09-23 09:27:00,U001689,신용카드,교통,4225.0,경기,,성공
2024-07-09 10:09:00,U000602,체크카드,쇼핑,23602.0,경기,50대,성공
2024-08-02 16:04:00,U003600,신용카드,기타,18811.0,경기,30대,성공
2024-12-09 11:36:00,U003114,신용카드,식음료,10128.0,서울,20대,성공
2024-10-15 16:57:00,U001200, 신용카드 ,공과금,49555.0,충남,30대,성공
2024/01/08 09:36,U000901,신용카드,의료,33105.0,서울,30대,성공
2024-08-22 11:50:00,U003246,신용카드,의료,42730.0,경기,30대,성공
2024-11-13 14:06:00,U002156,신용카드,여행,239640.0,서울,30대,성공
2024-06-28 09:37:00,U002499,체크카드,교통,3431.0,경기,20대,성공
2024-06-11 11:04:00,U001751,계좌이체,식음료,12535.0,서울,50대,성공
2024-08-12 12:30:00,U003144,신용카드,쇼핑,62376.0,전남,10대,성공
2024-06-08 09:44:00,U002409,휴대폰결제,교통,500.0,광주,10대,성공
2024-09-17 13:50:00,U001078,신용카드,식음료,30041.0,대구,30대,성공
2024-02-01 21:24:00,U003665,체크카드,식음료,26622.0,서울,30대,성공
2024-02-23 13:12:00,U003110,신용카드,쇼핑,,충남,,성공
2024-09-29 10:13:00,U000495,신용카드,교육,131347.0,서울,20대,성공
2024/05/06 20:58,U003886,계좌이체,쇼핑,24039.0,서울,20대,성공
2024-04-12 17:32:00,U003561,체크카드,문화/여가,19517.0,경남,30대,성공
2024-03-12 06:25:00,U002807,체크카드,식음료,11495.0,경기,30대,성공
2024-09-25 10:36:00,U000675,포인트결제,공과금,21115.0,서울,30대,실패
2024-11-08 12:58:00,U001825,신용카드,쇼핑,42808.0,울산,30대,성공
2024-07-18 15:41:00,U001500,체크카드,쇼핑,76512.0,서울,30대,성공
2024-09-11 17:15:00,U003910, 신용카드 ,식음료,18679.0,서울,20대,성공
2024-04-12 19:15:00,U003361,계좌이체,식음료,19428.0,경남,20대,성공
2024-12-25 12:52:00,U001700,계좌이체,식음료,52380.0,부산,40대,성공
2024-08-24 15:23:00,U000124,신용카드,교육,61011.0,부산,20대,성공
2024-12-12 18:05:00,U000546,체크카드,문화/여가,55535.0,부산,30대,성공
2024-12-28 11:45:00,U000506,신용카드,기타,44601.0,서울,50대,성공
2024-04-08 06:15:00,U003527,신용카드,공과금,37688.0,서울,10대,성공
2024-11-10 19:30:00,U001729,계좌이체,문화/여가,31055.0,경기,30대,성공
2024-06-30 13:28:00,U000377,휴대폰결제,공과금,50483.0,서울,50대,성공
2024-09-28 14:47:00,U003407,신용카드,문화/여가,,서울,20대,성공
2024-02-26 19:58:00,U003554,신용카드,쇼핑,64536.0,서울,20대,성공
2024-04-21 16:46:00,U001044, 신용카드 ,의료,13260.0,경기,40대,성공
2024-10-19 09:28:00,U000558,계좌이체,문화/여가,23520.0,경기,20대,성공
2024-03-18 10:43:00,U002001,계좌이체,여행,129500.0,경기,,성공
2024-07-18 13:30:00,U002391,신용카드,공과금,62801.0,경북,60대 이상,성공
2024-04-18 07:55:00,U001703,신용카드,쇼핑,74705.0,서울,,성공
2024-09-23 08:17:00,U003336,신용카드,식음료,5002.0,서울,40대,성공
2024/07/16 09:01,U003546, 신용카드 ,식음료,17002.0,전남,50대,성공
2024-01-21 11:18:00,U001407,신용카드,의료,3916.0,서울,20대,성공
2024-04-13 12:46:00,U003879,신용카드,기타,21644.0,대구,40대,성공
2024-09-21 15:42:00,U001944,계좌이체,쇼핑,80438.0,서울,60대 이상,성공
2024-07-10 15:08:00,U003493,신용카드,문화/여가,43369.0,경기,30대,성공
2024-06-05 20:10:00,U003453,신용카드,식음료,8036.0,부산,20대,성공
2024-08-31 20:30:00,U003146,신용카드,교통,6975.0,대전,30대,성공
2024/06/11 18:33,U000791,계좌이체,교육,159700.0,서울,30대,취소
2024-11-17 01:20:00,U000701,신용카드,의료,75796.0,서울,40대,실패
2024-06-17 11:32:00,U002106,신용카드,식음료,11528.0,서울,20대,성공
2024-10-21 09:05:00,U001391,계좌이체,기타,4988.0,제주,20대,성공
2024-11-10 02:38:00,U002537,신용카드,쇼핑,72011.0,전남,10대,성공
2024/06/04 13:19,U001286,,식음료,4710.0,,20대,성공
2024-02-25 14:21:00,U001547,신용카드,교육,92247.0,서울,20대,성공
2024-12-28 11:21:00,U002989,체크카드,식음료,56988.0,서울,30대,성공
2024-09-23 10:57:00,U003839,휴대폰결제,쇼핑,15086.0,서울,30대,성공
2024-02-08 09:41:00,U001918,휴대폰결제,식음료,9051.0,서울,30대,성공
2024/12/05 10:09,U003545,휴대폰결제,식음료,16143.0,경기,50대,성공
2024-10-03 04:43:00,U000976,체크카드,문화/여가,56609.0,경기,,실패
2024-01-04 13:34:00,U000206,체크카드,공과금,96950.0,경기,20대,성공
2024-02-11 19:08:00,U000119,신용카드,쇼핑,,전북,20대,성공
2024-03-11 20:32:00,U003839,휴대폰결제,문화/여가,90850.0,서울,10대,성공
2024-06-19 18:43:00,U000732,신용카드,교육,135241.0,경기,50대,성공
2024-03-11 10:03:00,U002654,체크카드,교통,1868.0,서울,,성공
2024-01-30 06:16:00,U001084,체크카드,교통,1307.0,경기,30대,성공
2024-03-18 15:47:00,U000775,계좌이체,교육,103698.0,경기,40대,성공
2024-09-16 17:26:00,U003851,체크카드,식음료,6091.0,서울,40대,성공
2024-02-02 08:30:00,U002814,계좌이체,공과금,53462.0,전남,40대,성공
2024-12-08 18:05:00,U001919,신용카드,쇼핑,90610.0,전북,50대,성공
2024-12-27 14:26:00,U000308,휴대폰결제,기타,4415.0,경기,20대,성공
2024-08-12 18:53:00,U000039,체크카드,식음료,1650.0,전남,60대 이상,성공
2024-03-17 12:58:00,U000818,체크카드,쇼핑,80645.0,,20대,성공
2024-10-17 17:13:00,U002737,계좌이체,교육,176887.0,광주,,성공
2024/09/08 23:50,U002397,휴대폰결제,쇼핑,11171.0,경기,20대,성공
2024-07-28 12:37:00,U001591,신용카드,쇼핑,19521.0,경기,60대 이상,실패
2024/07/30 12:19,U003683,계좌이체,의료,15364.0,경기,20대,성공
2024-07-15 07:01:00,U002187,체크카드,여행,75153.0,경기,,성공
2024-10-19 11:43:00,U003732,체크카드,식음료,25709.0,경기,10대,성공
2024-08-05 12:29:00,U002039,신용카드,의료,32012.0,서울,30대,성공
2024-05-31 14:56:00,U003499,체크카드,여행,265744.0,전북,20대,성공
2024/08/12 17:03,U000288,계좌이체,식음료,20588.0,서울,30대,성공
2024-04-06 21:19:00,U002901, 신용카드 ,쇼핑,14439.0,부산,30대,성공
2024-01-17 16:52:00,U000933,휴대폰결제,식음료,8058.0,서울,30대,성공
2024-01-07 09:12:00,U000620,계좌이체,쇼핑,51808.0,경기,50대,성공
2024-02-03 20:17:00,U001305,체크카드,식음료,42256.0,전북,40대,성공
2024/01/01 08:08,U000695,체크카드,기타,2750.0,인천,40대,성공
2024/06/18 14:53,U003359,계좌이체,식음료,4891.0,인천,30대,실패
2024-04-12 17:15:00,U001142,계좌이체,식음료,50647.0,대구,40대,성공
2024-07-10 21:05:00,U001809,체크카드,교통,2200.0,울산,40대,성공
2024-11-26 16:26:00,U001780,포인트결제,식음료,1562.0,경기,40대,성공
2024-07-15 16:03:00,U002412,체크카드,식음료,9919.0,전남,20대,성공
2024-10-25 13:04:00,U002066,휴대폰결제,식음료,3457.0,충남,20대,성공
2024-04-02 00:32:00,U000570,포인트결제,쇼핑,20350.0,,40대,실패
2024/06/11 08:00,U003933,신용카드,공과금,53157.0,충남,20대,성공
2024-10-31 22:45:00,U003969,포인트결제,기타,8965.0,서울,30대,성공
2024-12-19 22:03:00,U000278,신용카드,교통,1922.0,경기,60대 이상,성공
2024-02-28 17:12:00,U001262,체크카드,교통,2443.0,전북,40대,성공
2024-11-05 09:38:00,U000797,신용카드,식음료,8022.0,서울,20대,성공
2024-08-13 21:27:00,U003315,체크카드,기타,6388.0,서울,40대,성공
2024-03-16 16:38:00,U002340,포인트결제,쇼핑,29082.0,충남,20대,성공
2024/10/11 12:22,U001533,체크카드,교육,61691.0,경남,30대,성공
2024-09-03 13:59:00,U001938,포인트결제,교통,1254.0,부산,50대,성공
2024-06-16 19:15:00,U003855,,여행,78962.0,서울,40대,성공
2024-10-12 18:46:00,U003376,신용카드,쇼핑,75362.0,전북,30대,성공
2024-04-29 08:12:00,U003531,계좌이체,문화/여가,11021.0,서울,40대,실패
2024-05-29 22:58:00,U001403,계좌이체,공과금,127263.0,서울,20대,성공
2024-01-05 10:43:00,U000119,포인트결제,식음료,5045.0,서울,50대,성공
2024-07-21 11:09:00,U000141,체크카드,교통,2898.0,대전,50대,성공
2024/10/29 12:30,U000067,신용카드,쇼핑,64975.0,부산,10대,성공
2024-02-18 16:23:00,U000985,신용카드,공과금,42428.0,서울,20대,성공
2024-06-15 09:50:00,U001001,신용카드,기타,36530.0,서울,40대,성공
2024-09-19 20:22:00,U000439,체크카드,문화/여가,12315.0,서울,30대,성공
2024/06/13 11:43,U001620,체크카드,의료,123223.0,대전,20대,성공
2024/08/21 19:25,U001288,신용카드,쇼핑,42928.0,경기,,성공
2024-12-24 09:47:00,U000035, 신용카드 ,공과금,112842.0,경기,40대,성공
2024/01/12 11:21,U001910,포인트결제,교통,1198.0,경기,40대,성공
2024-02-06 19:51:00,U002192,체크카드,쇼핑,28399.0,인천,30대,성공
2024/01/02 12:59,U003534,포인트결제,쇼핑,133512.0,부산,40대,성공
2024-11-30 10:09:00,U002688,계좌이체,쇼핑,61610.0,서울,30대,성공
2024-08-18 21:19:00,U001573,체크카드,식음료,20414.0,경남,40대,취소
2024-03-13 12:22:00,U001557,신용카드,문화/여가,15219.0,서울,20대,성공
2024-03-23 15:22:00,U000870,체크카드,교통,4940.0,충남,20대,성공
2024-06-30 07:54:00,U002912,신용카드,교통,10270.0,대구,20대,성공
2024-08-27 21:04:00,U001230,신용카드,기타,6746.0,경기,30대,성공
2024-03-28 20:51:00,U003298,신용카드,쇼핑,59022.0,충남,30대,실패
2024-07-23 10:05:00,U003836,휴대폰결제,쇼핑,38021.0,경기,20대,성공
2024-10-24 20:18:00,U001217,포인트결제,쇼핑,67124.0,경기,,성공
2024/04/27 16:35,U001693,신용카드,교통,4774.0,경기,30대,성공
2024-10-08 14:19:00,U001439,계좌이체,문화/여가,28022.0,대전,30대,성공
2024-05-15 10:33:00,U000482,신용카드,의료,49117.0,서울,,실패
2024-11-01 13:44:00,U001594,포인트결제,식음료,22825.0,경기,40대,성공
2024-12-07 21:07:00,U000804,포인트결제,교통,2489.0,경기,40대,성공
2024/11/17 15:43,U000547,,교통,3680.0,경기,50대,성공
2024-03-27 20:55:00,U003180,계좌이체,쇼핑,46471.0,,30대,성공
2024-09-23 10:33:00,U002383,신용카드,식음료,10187.0,울산,50대,성공
2024-06-07 22:32:00,U002161,신용카드,쇼핑,39521.0,경기,20대,실패
2024-01-23 09:25:00,U000311,신용카드,공과금,18276.0,충남,30대,성공
2024-10-31 04:33:00,U002621,휴대폰결제,기타,24639.0,부산,60대 이상,성공
2024-06-14 20:12:00,U000219,신용카드,쇼핑,21215.0,서울,10대,성공
2024-10-25 21:31:00,U002552,휴대폰결제,기타,35633.0,경기,40대,성공
2024-08-08 15:07:00,U002932,휴대폰결제,의료,16242.0,인천,20대,성공
2024-01-09 17:49:00,U000736,신용카드,쇼핑,26796.0,전북,40대,성공
2024/09/17 20:26,U000071,신용카드,식음료,7726.0,서울,30대,성공
2024/08/15 15:01,U002287,신용카드,식음료,596.0,부산,60대 이상,성공
2024-08-02 12:42:00,U000755,계좌이체,공과금,121377.0,경북,,성공
2024-01-23 16:36:00,U000924,체크카드,교육,103428.0,부산,30대,성공
2024-01-20 16:28:00,U000191,신용카드,쇼핑,31800.0,울산,40대,성공
2024-04-26 22:03:00,U003263, 신용카드 ,교통,664.0,세종,30대,성공
2024-04-22 16:17:00,U003618,체크카드,교육,71569.0,대구,40대,성공
2024-01-07 12:56:00,U000009,신용카드,식음료,8605.0,서울,40대,성공
2024-06-18 04:52:00,U003521,체크카드,식음료,33825.0,광주,20대,성공
2024-11-21 07:40:00,U003565,신용카드,쇼핑,27930.0,대구,10대,성공
2024-12-10 18:51:00,U001980,신용카드,식음료,6895.0,경기,30대,실패
2024/07/03 17:13,U003828,포인트결제,문화/여가,,서울,20대,성공
2024/11/22 19:06,U001978,체크카드,문화/여가,42597.0,서울,30대,성공
2024-08-14 19:35:00,U002312,계좌이체,공과금,53896.0,경기,20대,성공
2024/10/18 21:07,U000195,휴대폰결제,문화/여가,14659.0,경기,40대,성공
2024-09-17 23:00:00,U001734,신용카드,식음료,20352.0,인천,30대,성공
2024-12-27 02:20:00,U001206,체크카드,기타,7724.0,,30대,성공
2024-01-04 11:17:00,U001243,체크카드,식음료,22690.0,서울,,성공
2024-05-20 06:24:00,U001096,신용카드,교통,2879.0,경기,50대,성공
2024-02-26 19:27:00,U003869,신용카드,교육,147541.0,경남,40대,성공
2024-12-24 21:38:00,U001160,신용카드,문화/여가,22078.0,대전,40대,성공
2024/01/12 10:29,U002973,휴대폰결제,기타,11219.0,서울,30대,성공
2024-01-22 09:53:00,U003581, 신용카드 ,식음료,6889.0,충남,30대,성공
2024-10-26 21:50:00,U001767,신용카드,식음료,12829.0,경기,60대 이상,성공
2024-11-22 10:55:00,U000555,신용카드,교육,106953.0,,50대,성공
2024-02-17 13:38:00,U003392,신용카드,쇼핑,20681.0,강원,30대,성공
2024-10-03 14:57:00,U003580,신용카드,식음료,17024.0,서울,20대,성공
2024-06-14 17:45:00,U003845,휴대폰결제,공과금,74656.0,인천,40대,성공
2024-04-26 15:54:00,U003369,체크카드,공과금,36847.0,서울,20대,성공
2024-12-02 22:27:00,U000598,신용카드,쇼핑,87547.0,울산,20대,성공
2024-01-13 15:35:00,U001811,신용카드,쇼핑,33611.0,,40대,성공
2024-05-27 22:17:00,U003334,신용카드,의료,115147.0,대구,20대,성공
2024-04-02 06:54:00,U000019,체크카드,식음료,41752.0,충북,30대,성공
2024-01-20 19:35:00,U003387,신용카드,의료,13622.0,서울,40대,성공
2024-10-03 20:53:00,U003983,휴대폰결제,식음료,18970.0,부산,20대,실패
2024-10-09 13:02:00,U003327,신용카드,교육,49388.0,강원,50대,성공
2024/07/07 08:29,U001570,계좌이체,교육,225279.0,서울,10대,성공
2024-10-07 05:57:00,U000502,체크카드,식음료,20019.0,광주,60대 이상,성공
2024-09-18 19:24:00,U001679,신용카드,공과금,84830.0,울산,30대,성공
2024-06-19 04:12:00,U001828,신용카드,여행,231136.0,경기,50대,성공
2024-07-19 18:11:00,U000367,신용카드,쇼핑,102168.0,경기,20대,성공
2024/07/29 22:26,U002389,신용카드,쇼핑,92068.0,대구,40대,성공
2024-12-24 19:11:00,U003740,신용카드,의료,13960.0,경기,30대,성공
2024-02-12 19:00:00,U001209,계좌이체,식음료,7530.0,서울,40대,성공
2024-04-22 20:31:00,U003859,신용카드,쇼핑,112208.0,전남,30대,취소
2024-02-28 19:19:00,U003237,,교육,80226.0,울산,60대 이상,성공
2024-03-22 21:36:00,U003438,신용카드,교육,85196.0,부산,20대,성공
2024/10/18 05:37,U001437,신용카드,교통,1457.0,서울,,성공
2024-08-30 17:20:00,U003391,포인트결제,문화/여가,51295.0,경북,50대,성공
2024-03-18 20:06:00,U003233, 신용카드 ,교통,2619.0,인천,20대,성공
2024-04-16 21:07:00,U003771,체크카드,문화/여가,39548.0,부산,50대,성공
2024-06-17 22:13:00,U000127,신용카드,쇼핑,56720.0,,50대,성공
2024-10-25 20:14:00,U000630,신용카드,의료,20361.0,서울,30대,성공
2024-03-07 19:55:00,U002563, 신용카드 ,의료,49553.0,대구,50대,성공
2024-06-13 21:34:00,U000604,신용카드,쇼핑,45988.0,서울,20대,성공
2024-04-18 10:19:00,U000585,신용카드,식음료,6849.0,경북,40대,성공
2024/07/31 13:33,U000625,신용카드,공과금,75455.0,경기,30대,성공
2024-12-21 23:43:00,U003708,체크카드,교통,1939.0,서울,30대,성공
2024-10-13 03:54:00,U001150,신용카드,식음료,,경기,20대,성공
2024-07-20 17:17:00,U002799,체크카드,교통,5829.0,경기,40대,성공
2024-09-22 11:36:00,U003066,포인트결제,기타,9390.0,서울,30대,성공
2024-05-16 22:31:00,U000889,체크카드,교육,107320.0,,30대,성공
2024-10-30 17:07:00,U000841,,의료,31638.0,경기,20대,성공
2024-07-15 10:12:00,U003951,계좌이체,교육,10251.0,서울,50대,성공
2024/06/11 10:49,U001206,신용카드,문화/여가,42129.0,경남,50대,성공
2024-12-04 20:12:00,U001656,신용카드,문화/여가,20122.0,충남,30대,성공
2024-08-25 12:17:00,U003023,체크카드,교통,1313.0,서울,20대,성공
2024/08/29 05:23,U000495,체크카드,쇼핑,52546.0,경남,50대,성공
2024/11/03 13:09,U002969,체크카드,쇼핑,46619.0,,60대 이상,성공
2024-09-18 18:21:00,U002275,포인트결제,식음료,6928.0,인천,,성공
2024-07-24 13:59:00,U001516,체크카드,의료,21515.0,경남,50대,성공
2024-01-28 14:26:00,U000726,계좌이체,식음료,28035.0,부산,20대,성공
2024/08/01 16:53,U000525,체크카드,교육,117350.0,대구,10대,성공
2024-08-07 10:28:00,U001158,체크카드,식음료,8047.0,경기,30대,성공
2024/09/16 01:12,U000828,체크카드,교통,2215.0,경기,30대,성공
2024/09/29 01:39,U002753,,쇼핑,30342.0,충북,30대,성공
2024-01-18 14:35:00,U003328,신용카드,식음료,6979.0,울산,40대,성공
2024/08/25 20:30,U001373,,식음료,8883.0,서울,20대,성공
2024-04-28 13:14:00,U003601,체크카드,쇼핑,19436.0,서울,20대,성공
2024-09-23 19:11:00,U003901,신용카드,의료,22773.0,충북,10대,성공
2024-06-01 16:11:00,U002777,포인트결제,기타,11875.0,세종,30대,성공
2024/09/05 14:11,U003898,계좌이체,교통,500.0,대구,30대,성공
2024-07-06 04:09:00,U002286,휴대폰결제,식음료,35618.0,부산,20대,성공
2024-06-16 11:05:00,U000139,체크카드,식음료,12421.0,,,성공
2024-04-25 18:45:00,U001522,체크카드,교통,5168.0,서울,30대,성공
2024-11-02 11:32:00,U001742,계좌이체,쇼핑,65856.0,인천,20대,성공
2024/11/01 12:24,U001895,신용카드,식음료,10052.0,대전,60대 이상,성공
2024-09-07 13:06:00,U003038,신용카드,쇼핑,61330.0,부산,30대,성공
2024/05/23 18:32,U000824, 신용카드 ,공과금,115070.0,서울,60대 이상,성공
2024-07-24 17:42:00,U001404,체크카드,쇼핑,30657.0,인천,20대,실패
2024-02-05 02:55:00,U002223,신용카드,쇼핑,22954.0,대전,40대,성공
2024-03-27 20:06:00,U001429,신용카드,식음료,28476.0,서울,30대,성공
2024-07-18 22:59:00,U000148,체크카드,교통,3718.0,대전,40대,성공
2024-08-04 16:29:00,U002620,,문화/여가,66051.0,경기,30대,성공
2024-07-01 22:40:00,U003284,신용카드,교육,184458.0,경기,40대,성공
2024-01-25 16:38:00,U000388,휴대폰결제,교육,41646.0,충남,50대,성공
2024-04-23 18:48:00,U002503,신용카드,여행,427666.0,인천,30대,성공
2024-04-25 21:51:00,U002158, 신용카드 ,의료,5716.0,인천,60대 이상,성공
2024-07-26 09:38:00,U001454,신용카드,식음료,1917.0,경기,50대,성공
2024-04-21 12:45:00,U002930,신용카드,교통,2443.0,서울,50대,실패
2024-01-16 20:42:00,U001785,계좌이체,기타,23795.0,서울,,성공
2024/01/07 20:29,U002026,계좌이체,기타,28175.0,경기,30대,취소
2024-08-18 17:25:00,U001063,계좌이체,공과금,76537.0,경기,20대,성공
2024-10-09 19:49:00,U003327,휴대폰결제,기타,22908.0,제주,10대,성공
2024-09-05 19:33:00,U001021,체크카드,식음료,6624.0,전남,50대,성공
2024/10/06 10:36,U002038,신용카드,식음료,16133.0,세종,20대,성공
2024-06-29 18:53:00,U000135,체크카드,쇼핑,42081.0,대구,30대,성공
2024-08-17 21:03:00,U003938,신용카드,쇼핑,71867.0,경기,,성공
2024-11-10 22:13:00,U003125,신용카드,쇼핑,54340.0,경북,30대,취소
2024-11-12 19:18:00,U003145,휴대폰결제,식음료,56740.0,경기,20대,성공
2024-11-27 12:29:00,U002223,신용카드,교통,6662.0,경기,,성공
2024/12/16 07:21,U002918,신용카드,문화/여가,90260.0,서울,40대,성공
2024-08-13 15:12:00,U000915,신용카드,교통,3418.0,경기,60대 이상,성공
2024-09-06 09:46:00,U003273,계좌이체,교육,57288.0,서울,30대,성공
2024-11-26 14:17:00,U003183,신용카드,쇼핑,39430.0,경남,30대,성공
2024-03-17 17:37:00,U000467,,교통,1910.0,서울,20대,성공
2024-11-14 16:04:00,U000916, 신용카드 ,문화/여가,18807.0,서울,50대,성공
2024-10-01 23:23:00,U003658,신용카드,공과금,55771.0,경기,30대,성공
2024-03-12 09:32:00,U001484,신용카드,식음료,12543.0,서울,50대,성공
2024-01-07 10:04:00,U003824,신용카드,교통,1374.0,서울,50대,성공
2024/07/27 21:15,U001213,신용카드,교통,3149.0,충남,20대,성공
2024-05-06 18:04:00,U002992,휴대폰결제,식음료,21659.0,인천,50대,성공
2024-01-22 21:49:00,U001988,신용카드,쇼핑,58409.0,충남,40대,취소
2024/10/20 00:10,U003084,신용카드,식음료,12897.0,광주,10대,성공
2024-06-28 13:26:00,U001475,체크카드,여행,263625.0,부산,40대,성공
2024-05-17 11:46:00,U000302,신용카드,쇼핑,11840.0,서울,20대,성공
2024-05-09 11:07:00,U001379,포인트결제,식음료,49264.0,경기,50대,성공
2024-02-12 18:54:00,U002179,신용카드,식음료,,충남,,성공
2024-08-25 16:04:00,U000719,체크카드,식음료,45592.0,대구,20대,실패
2024-06-10 12:19:00,U001978,계좌이체,식음료,11828.0,경기,30대,성공
2024-11-09 10:48:00,U001481,신용카드,문화/여가,25232.0,세종,30대,성공
2024-04-16 10:46:00,U000858,신용카드,기타,61853.0,광주,20대,성공
2024-02-04 08:53:00,U000668,신용카드,식음료,11563.0,강원,20대,성공
2024-04-13 10:55:00,U002272, 신용카드 ,의료,87374.0,경기,60대 이상,성공
2024-06-08 22:16:00,U003018,신용카드,의료,124010.0,경기,20대,성공
2024-12-20 11:36:00,U000904,신용카드,쇼핑,68712.0,경기,30대,성공
2024-12-03 18:15:00,U003368,체크카드,쇼핑,23625.0,서울,20대,성공
2024-02-21 14:00:00,U002689,신용카드,교육,225116.0,서울,50대,성공
2024-08-11 07:44:00,U001077,신용카드,의료,8341.0,서울,30대,성공
2024-07-12 20:33:00,U001984,체크카드,교통,2145.0,서울,30대,성공
2024-11-13 14:46:00,U000234,계좌이체,쇼핑,37249.0,경북,30대,성공
2024-02-04 07:58:00,U003422,포인트결제,쇼핑,17007.0,서울,30대,성공
2024-12-19 09:13:00,U002943,,식음료,8128.0,서울,60대 이상,성공
2024-05-24 12:21:00,U001929,신용카드,식음료,15964.0,서울,40대,성공
2024-06-22 06:28:00,U003598,신용카드,공과금,38566.0,경기,30대,성공
2024-12-15 14:44:00,U003054,휴대폰결제,쇼핑,138127.0,대구,10대,성공
2024-08-01 16:45:00,U001614,체크카드,교육,295479.0,인천,30대,성공
2024-07-01 13:32:00,U003558,휴대폰결제,쇼핑,48225.0,경기,20대,성공
2024-07-10 13:01:00,U001461,신용카드,문화/여가,9139.0,충북,40대,성공
2024-09-14 12:04:00,U000100,신용카드,식음료,19227.0,경기,40대,성공
2024-10-28 14:11:00,U001637,신용카드,문화/여가,11238.0,서울,40대,성공
2024-08-04 21:49:00,U001377,신용카드,기타,22897.0,서울,30대,성공
2024-09-18 18:03:00,U003092,포인트결제,식음료,6145.0,인천,,성공
2024-05-12 09:15:00,U001575,신용카드,교통,5550.0,경기,30대,성공
2024-09-05 14:38:00,U001318,체크카드,쇼핑,37403.0,,,성공
2024-09-11 09:31:00,U001107,체크카드,식음료,10917.0,서울,30대,성공
2024-03-22 21:28:00,U000519,신용카드,의료,24871.0,서울,20대,성공
2024-07-14 10:17:00,U001807,신용카드,쇼핑,38455.0,서울,30대,성공
2024-03-02 18:46:00,U000650,체크카드,쇼핑,46480.0,서울,20대,성공
2024-11-05 10:41:00,U002356,신용카드,교통,700.0,인천,20대,성공
2024-09-18 13:48:00,U000632,계좌이체,기타,19879.0,충북,,성공
2024-07-05 11:33:00,U003533,체크카드,식음료,34117.0,경북,40대,성공
2024-10-17 09:17:00,U002654,신용카드,여행,110397.0,인천,40대,성공
2024/01/20 21:24,U002333,신용카드,교통,817.0,서울,60대 이상,성공
2024/12/02 16:14,U000967,포인트결제,의료,23606.0,충북,40대,성공
2024-01-28 17:43:00,U001662,체크카드,공과금,181598.0,인천,50대,성공
2024-04-21 12:39:00,U000588,신용카드,쇼핑,108530.0,경기,10대,성공
2024-01-20 19:59:00,U003161,신용카드,문화/여가,3589.0,서울,,성공
2024-12-30 18:42:00,U003021,체크카드,여행,95508.0,인천,,성공
2024/07/23 20:13,U000962,휴대폰결제,의료,37991.0,,40대,성공
2024-11-14 21:32:00,U001063,신용카드,의료,36188.0,인천,10대,성공
2024-03-21 15:39:00,U000291,신용카드,식음료,12904.0,경기,30대,실패
2024-07-07 06:05:00,U003295,신용카드,의료,47500.0,대구,20대,성공
2024-03-23 16:52:00,U003388,체크카드,식음료,37869.0,경기,60대 이상,성공
2024-03-01 21:16:00,U002632,계좌이체,식음료,10081.0,충남,20대,성공
2024-12-08 21:34:00,U001044,체크카드,식음료,10819.0,경기,30대,성공
2024-05-04 10:19:00,U001961,휴대폰결제,쇼핑,26965.0,,60대 이상,성공
2024-04-02 10:10:00,U001875,신용카드,식음료,12891.0,경기,30대,성공
2024-05-25 20:18:00,U001161,체크카드,문화/여가,,서울,20대,성공
2024/01/18 18:47,U000370,계좌이체,공과금,47727.0,경기,30대,성공
2024-11-03 18:50:00,U003483,신용카드,문화/여가,53438.0,서울,30대,실패
2024/05/02 15:26,U003064,체크카드,기타,11519.0,충남,60대 이상,성공
2024-11-11 21:09:00,U002213, 신용카드 ,교통,6765.0,경남,40대,성공
2024/02/02 07:03,U002461,,교통,2034.0,서울,30대,성공
2024-06-09 22:24:00,U003680,신용카드,식음료,14909.0,서울,50대,성공
2024-08-18 20:57:00,U003986,체크카드,교통,5857.0,인천,50대,성공
2024-06-28 10:41:00,U002035,신용카드,식음료,33656.0,충남,20대,성공
2024-05-24 08:32:00,U000659,계좌이체,쇼핑,153764.0,서울,30대,성공
2024-01-08 22:59:00,U000790,계좌이체,쇼핑,36283.0,경기,30대,실패
2024-08-23 07:31:00,U003680,계좌이체,교통,13835.0,대전,50대,성공
2024-05-17 01:41:00,U001582,신용카드,식음료,15098.0,서울,50대,성공
2024-07-15 12:06:00,U000088,신용카드,쇼핑,45283.0,경기,20대,성공
2024-02-09 10:09:00,U001040,신용카드,교통,1943.0,부산,60대 이상,성공
2024-11-30 11:41:00,U002758, 신용카드 ,식음료,33580.0,서울,40대,성공
2024-10-23 21:07:00,U003285,신용카드,기타,58183.0,인천,40대,성공
2024-09-23 15:05:00,U003844,신용카드,식음료,14444.0,인천,20대,성공
2024-06-20 13:43:00,U002138,계좌이체,교통,1927.0,서울,40대,성공
2024-11-04 21:49:00,U001799,신용카드,식음료,12200.0,경기,20대,성공
2024-01-01 20:25:00,U003461,포인트결제,쇼핑,57140.0,대구,30대,성공
2024-11-06 11:10:00,U001801,신용카드,식음료,26390.0,경기,30대,성공
2024/07/01 16:57,U000496,신용카드,교통,6226.0,,10대,성공
2024-12-25 15:14:00,U002702,포인트결제,식음료,12215.0,경기,30대,성공
2024-06-02 15:16:00,U002515,체크카드,쇼핑,36357.0,서울,30대,성공
2024-04-12 19:52:00,U001936,신용카드,교통,6899.0,경기,30대,성공
2024-01-30 09:52:00,U000629,체크카드,식음료,16302.0,서울,20대,성공
2024-01-31 19:41:00,U003133,신용카드,공과금,45257.0,서울,20대,성공
2024-11-28 15:29:00,U003748,체크카드,쇼핑,34869.0,서울,40대,취소
2024-02-04 19:56:00,U003598, 신용카드 ,교육,87702.0,제주,10대,성공
2024-01-05 13:59:00,U002513,신용카드,식음료,37523.0,경북,40대,성공
2024-11-11 09:41:00,U000727, 신용카드 ,교통,5137.0,서울,50대,성공
2024-01-28 09:00:00,U002557,포인트결제,쇼핑,67694.0,경기,50대,성공
2024-11-07 12:55:00,U003108,포인트결제,여행,179953.0,서울,,취소
2024-04-24 18:41:00,U002185,체크카드,교통,1792.0,경기,20대,성공
2024-07-01 21:18:00,U002634,신용카드,교통,500.0,서울,60대 이상,성공
2024-06-25 22:15:00,U000576,신용카드,공과금,41145.0,전북,20대,성공
2024-03-02 20:25:00,U003520,신용카드,문화/여가,26035.0,서울,20대,성공
2024-10-19 09:19:00,U000250,신용카드,쇼핑,261290.0,대전,30대,성공
2024-02-17 19:21:00,U001216,신용카드,공과금,65594.0,대구,20대,성공
2024-07-30 08:40:00,U002196,체크카드,교통,1921.0,인천,60대 이상,성공
2024-01-02 15:43:00,U001594,체크카드,교육,102839.0,경기,20대,성공
2024-02-15 04:52:00,U001298,체크카드,식음료,14760.0,대구,30대,성공
2024-08-18 14:52:00,U003171,체크카드,여행,195136.0,울산,50대,실패
2024-04-24 19:57:00,U001391,계좌이체,기타,16044.0,경기,20대,성공
2024-10-31 17:56:00,U001580,신용카드,식음료,21615.0,경기,20대,성공
2024-01-07 12:55:00,U002369,신용카드,교통,924.0,서울,50대,성공
2024-11-03 22:53:00,U003186,,교통,6914.0,경기,30대,성공
2024-01-18 10:22:00,U000925,신용카드,쇼핑,89037.0,전북,10대,성공
2024-01-18 13:12:00,U003668,체크카드,교육,172714.0,서울,20대,성공
2024-04-24 11:37:00,U002135,포인트결제,공과금,56906.0,경기,30대,성공
2024-09-20 01:01:00,U001734,체크카드,교육,200722.0,경기,30대,성공
2024/01/07 07:54,U001149,체크카드,공과금,4170.0,충북,30대,성공
2024-11-10 20:42:00,U002249,체크카드,쇼핑,31320.0,서울,40대,성공
2024-05-04 17:02:00,U003405,휴대폰결제,쇼핑,16014.0,서울,50대,성공
2024-05-19 06:19:00,U003316,포인트결제,교육,172707.0,인천,10대,성공
2024-10-25 15:40:00,U002496,계좌이체,문화/여가,43681.0,대전,30대,성공
2024-04-17 12:32:00,U002548,신용카드,쇼핑,38298.0,경북,40대,성공
2024-08-29 17:08:00,U000579,체크카드,식음료,11273.0,서울,50대,성공
2024-10-20 13:43:00,U001086,포인트결제,문화/여가,18199.0,전북,40대,성공
2024-08-05 18:10:00,U000705,계좌이체,여행,78372.0,서울,40대,성공
2024/06/22 07:24,U000954,포인트결제,교통,2690.0,서울,30대,실패
2024-03-29 19:42:00,U003010,신용카드,교통,3927.0,서울,,실패
2024/03/30 11:22,U000513,체크카드,식음료,15520.0,서울,30대,성공
2024-10-13 12:22:00,U000194,체크카드,쇼핑,70814.0,세종,50대,성공
2024-12-24 16:53:00,U003843,신용카드,쇼핑,44303.0,부산,50대,성공
2024-04-16 16:10:00,U001539,포인트결제,교육,36819.0,부산,60대 이상,성공
2024-02-28 21:02:00,U003190,신용카드,쇼핑,48504.0,경기,30대,성공
2024-03-02 17:11:00,U001281,휴대폰결제,식음료,21302.0,서울,50대,성공
2024/06/13 18:52,U000459,신용카드,쇼핑,37269.0,부산,30대,성공
2024-01-26 12:45:00,U003439,체크카드,식음료,21116.0,서울,20대,성공
2024-03-27 03:19:00,U003495,포인트결제,교통,1900.0,충남,50대,성공
2024-11-21 20:56:00,U002896,신용카드,문화/여가,19604.0,서울,40대,성공
2024-01-30 18:55:00,U001290,체크카드,식음료,2729.0,경기,60대 이상,성공
2024-07-08 22:11:00,U003012,휴대폰결제,식음료,7415.0,서울,50대,성공
2024-04-14 20:41:00,U002798,신용카드,쇼핑,,충남,,성공
2024/06/29 19:36,U003370,신용카드,쇼핑,33686.0,충남,30대,성공
2024-12-14 13:22:00,U003671,계좌이체,식음료,12627.0,경기,20대,성공
2024-12-26 10:56:00,U000702, 신용카드 ,쇼핑,37637.0,경기,50대,성공
2024-09-29 18:50:00,U000527,포인트결제,문화/여가,62319.0,서울,30대,취소
2024-01-15 18:47:00,U002883,신용카드,식음료,5927.0,부산,40대,성공
2024-11-18 21:59:00,U002888,계좌이체,의료,,대구,40대,성공
2024-12-20 09:11:00,U002076,포인트결제,의료,105254.0,경남,20대,취소
2024-03-13 17:59:00,U000842,체크카드,교통,6918.0,경기,60대 이상,성공
2024-11-01 12:25:00,U003754,신용카드,교육,27594.0,충남,60대 이상,실패
2024-12-08 10:17:00,U003808,신용카드,쇼핑,41211.0,서울,20대,성공
2024/06/19 13:23,U002938,계좌이체,교통,2847.0,세종,30대,성공
2024/03/10 22:25,U000005,신용카드,공과금,111645.0,경북,20대,성공
2024-02-26 13:15:00,U003207,계좌이체,의료,74919.0,경기,20대,성공
2024/01/17 18:02,U001207,체크카드,교육,149651.0,대구,20대,성공
2024/07/20 04:45,U003541,휴대폰결제,식음료,2509.0,경기,30대,성공
2024-08-02 10:39:00,U003399,신용카드,공과금,7302.0,,30대,성공
2024-09-29 07:06:00,U002786,신용카드,식음료,16451.0,전남,30대,성공
2024-04-13 17:51:00,U000738,계좌이체,기타,19438.0,충남,40대,성공
2024-12-11 08:26:00,U000693,체크카드,식음료,7337.0,부산,30대,성공
2024-10-21 20:19:00,U000039,신용카드,의료,55529.0,서울,20대,성공
2024-04-16 11:58:00,U003984,체크카드,교통,3063.0,서울,30대,성공
2024-02-20 10:45:00,U002685,체크카드,의료,12147.0,서울,30대,성공
2024-01-10 10:09:00,U000879,신용카드,식음료,16760.0,서울,,성공
2024-06-11 17:51:00,U000601,신용카드,쇼핑,70750.0,경기,20대,성공
2024-12-18 22:28:00,U000182,체크카드,식음료,9711.0,경북,40대,성공
2024/11/18 17:47,U000769,신용카드,기타,33133.0,광주,30대,성공
2024-03-10 18:53:00,U003525,신용카드,식음료,27062.0,서울,30대,성공
2024-09-05 21:06:00,U000692, 신용카드 ,공과금,47372.0,경기,40대,성공
2024/07/10 22:20,U000964,신용카드,쇼핑,47687.0,부산,40대,취소
2024-03-14 11:04:00,U002851,신용카드,교통,5858.0,울산,20대,성공
2024-02-23 19:50:00,U001010,신용카드,쇼핑,13587.0,서울,50대,성공
2024-07-04 13:13:00,U002276,체크카드,의료,9487.0,경북,50대,성공
2024-11-08 21:18:00,U002318,계좌이체,식음료,22138.0,경남,50대,성공
2024-01-05 12:06:00,U003056,휴대폰결제,쇼핑,41610.0,경북,60대 이상,성공
2024-03-09 12:58:00,U001384,체크카드,교통,866.0,경기,60대 이상,성공
2024-07-09 16:11:00,U001276,체크카드,문화/여가,19350.0,전북,60대 이상,성공
2024-08-24 10:55:00,U000934,신용카드,교통,4302.0,서울,40대,성공
2024-10-27 08:42:00,U001177,신용카드,식음료,37192.0,경기,40대,성공
2024-01-03 15:12:00,U003538,신용카드,교육,169189.0,경기,30대,성공
2024/12/23 18:28,U002297,계좌이체,교육,377387.0,서울,40대,성공
2024-03-05 18:34:00,U001332,신용카드,공과금,253011.0,경기,30대,성공
2024-02-08 00:21:00,U000775,계좌이체,공과금,26256.0,경기,40대,성공
2024-10-15 20:33:00,U000515,신용카드,식음료,28296.0,인천,30대,성공
2024-04-24 19:38:00,U001816,체크카드,쇼핑,26780.0,서울,,성공
2024-05-02 19:12:00,U000878,신용카드,식음료,2086.0,충북,20대,성공
2024-09-03 20:11:00,U001040,계좌이체,기타,30458.0,서울,20대,성공
2024-02-11 13:29:00,U002447,체크카드,의료,14223.0,경북,60대 이상,실패
2024-12-18 12:46:00,U002362,신용카드,쇼핑,54182.0,경기,10대,성공
2024-05-29 22:22:00,U002014,계좌이체,식음료,10318.0,,40대,성공
2024-09-30 07:04:00,U000047,포인트결제,문화/여가,52989.0,광주,40대,성공
2024-09-25 18:52:00,U002762, 신용카드 ,쇼핑,56512.0,광주,40대,성공
2024-02-17 20:27:00,U003471,,식음료,19547.0,,40대,성공
2024-05-06 21:45:00,U003170,계좌이체,공과금,21219.0,충남,40대,성공
2024-05-28 21:37:00,U003888,신용카드,식음료,31628.0,서울,,성공
2024-11-06 11:22:00,U002255,체크카드,쇼핑,35334.0,전북,30대,성공
2024-12-09 19:35:00,U001420,체크카드,교육,152093.0,경기,20대,성공
2024-06-06 21:12:00,U003706,계좌이체,공과금,231025.0,경기,20대,성공
2024-07-18 19:56:00,U002721,신용카드,쇼핑,54678.0,경기,20대,성공
2024-07-23 21:50:00,U002070,계좌이체,쇼핑,62457.0,대전,10대,성공
2024-12-19 11:27:00,U002822, 신용카드 ,쇼핑,12188.0,전북,30대,성공
2024-05-11 21:51:00,U000346,신용카드,공과금,51036.0,,20대,성공
2024-07-21 18:04:00,U000795,체크카드,교육,189385.0,부산,60대 이상,성공
2024-01-02 06:56:00,U003130,체크카드,교통,6871.0,경기,,성공
2024-02-23 21:00:00,U002694,휴대폰결제,식음료,12669.0,부산,30대,성공
2024-07-26 21:29:00,U000589,신용카드,식음료,15558.0,서울,40대,성공
2024-05-20 15:27:00,U000804, 신용카드 ,식음료,8505.0,서울,50대,성공
2024-01-06 07:35:00,U000214,체크카드,문화/여가,52239.0,서울,30대,성공
2024-08-30 21:41:00,U003701,체크카드,공과금,15810.0,대구,30대,성공
2024-04-11 08:51:00,U003094,신용카드,여행,191694.0,대전,,성공
2024-02-16 14:26:00,U001861,신용카드,식음료,33250.0,경북,30대,취소
2024-11-15 16:03:00,U000074, 신용카드 ,쇼핑,52140.0,서울,20대,성공
2024-05-05 18:29:00,U002517,신용카드,공과금,97854.0,서울,10대,성공
2024-12-13 13:01:00,U002337,신용카드,쇼핑,26231.0,경기,,성공
2024-02-22 11:56:00,U002046,체크카드,쇼핑,46957.0,제주,40대,성공
2024-04-23 12:30:00,U000820,휴대폰결제,교통,13568.0,경기,20대,성공
2024-05-16 23:00:00,U001763,신용카드,쇼핑,27333.0,서울,20대,성공
2024-08-31 06:39:00,U003207,계좌이체,식음료,11447.0,인천,50대,성공
2024-06-19 18:54:00,U002974,신용카드,여행,363063.0,경기,30대,성공
2024-05-12 20:54:00,U002994,신용카드,문화/여가,68246.0,서울,40대,성공
2024-12-23 11:52:00,U001074,휴대폰결제,문화/여가,6909.0,부산,20대,취소
2024-12-29 08:23:00,U000716,계좌이체,식음료,5371.0,세종,30대,성공
2024-10-27 09:15:00,U003732,포인트결제,공과금,34409.0,인천,,성공
2024-03-10 01:15:00,U001558,신용카드,기타,13144.0,경기,50대,성공
2024-06-19 14:11:00,U000742,계좌이체,쇼핑,116392.0,서울,60대 이상,취소
2024-04-14 06:03:00,U002724,포인트결제,교육,59498.0,서울,20대,성공
2024-01-30 08:49:00,U001275,포인트결제,공과금,125763.0,서울,40대,성공
2024-01-30 17:07:00,U002359,체크카드,교육,41260.0,부산,50대,성공
2024-09-09 11:40:00,U003079,계좌이체,공과금,88044.0,서울,50대,성공
2024-04-11 14:31:00,U003682,신용카드,기타,6909.0,,20대,성공
2024-05-07 08:15:00,U001201,계좌이체,식음료,12014.0,서울,10대,성공
2024-05-22 11:07:00,U002262,신용카드,식음료,7857.0,대전,20대,성공
2024-08-22 12:03:00,U003604,신용카드,식음료,28025.0,대전,50대,성공
2024-10-20 23:16:00,U001915,신용카드,쇼핑,19916.0,서울,40대,성공
2024-03-22 11:23:00,U001330,신용카드,식음료,31078.0,충남,60대 이상,성공
2024-11-18 12:45:00,U000356,포인트결제,교통,3637.0,서울,50대,성공
2024-06-28 18:14:00,U000456,포인트결제,교육,202651.0,서울,30대,성공
2024-01-05 19:22:00,U000788,신용카드,쇼핑,9884.0,울산,50대,성공
2024-06-29 18:20:00,U001481,체크카드,문화/여가,101050.0,경기,20대,성공
2024-10-12 18:34:00,U001088,신용카드,기타,52736.0,서울,20대,성공
2024-03-31 18:44:00,U003370,포인트결제,문화/여가,82636.0,서울,20대,성공
2024-08-19 12:32:00,U003159,계좌이체,기타,23738.0,대전,20대,성공
2024-07-01 21:19:00,U000629,신용카드,기타,45399.0,대전,30대,성공
2024-06-18 21:08:00,U002390, 신용카드 ,문화/여가,33059.0,,20대,성공
2024-10-31 15:03:00,U002599,체크카드,식음료,17207.0,충남,40대,성공
2024-08-18 13:59:00,U002715,신용카드,교통,4773.0,서울,30대,성공
2024-10-29 16:40:00,U000693,계좌이체,의료,36688.0,경기,20대,성공
2024-04-21 10:05:00,U000974,신용카드,문화/여가,31095.0,대구,10대,성공
2024-06-02 10:27:00,U000032,신용카드,식음료,30705.0,부산,20대,성공
2024-08-04 18:57:00,U002998,신용카드,공과금,143637.0,대구,30대,성공
2024-04-08 22:16:00,U001394,신용카드,쇼핑,80196.0,경기,20대,성공
2024-11-30 16:01:00,U003958,신용카드,쇼핑,18528.0,경기,30대,성공
2024-05-23 10:05:00,U003493,포인트결제,식음료,17527.0,경기,10대,성공
2024-08-15 13:18:00,U003729,계좌이체,식음료,4480.0,서울,20대,성공
2024-04-29 16:30:00,U001108,신용카드,의료,71909.0,전남,40대,성공
2024-11-18 13:16:00,U003832,신용카드,교통,1272.0,서울,,성공
2024-01-30 20:17:00,U003162,체크카드,쇼핑,12545.0,서울,30대,성공
2024-07-21 15:49:00,U002228,휴대폰결제,기타,9710.0,경북,20대,성공
2024-04-05 19:37:00,U001251,신용카드,교통,7960.0,대구,50대,성공
2024-07-01 16:29:00,U001777,체크카드,식음료,32324.0,서울,30대,성공
2024-11-26 10:20:00,U001364,체크카드,쇼핑,104047.0,제주,30대,성공
2024-09-05 17:43:00,U000221,신용카드,여행,413767.0,경남,30대,성공
2024-12-13 10:53:00,U000249,체크카드,공과금,91350.0,서울,20대,성공
2024/09/18 19:05,U001890,신용카드,여행,151059.0,경기,30대,성공
2024-10-30 16:28:00,U000859,계좌이체,기타,3235.0,부산,40대,성공
2024-12-03 10:24:00,U000218,포인트결제,식음료,29812.0,서울,30대,성공
2024/10/07 15:31,U003199,신용카드,문화/여가,78023.0,경기,20대,성공
2024-12-23 15:21:00,U002997,신용카드,의료,14349.0,서울,50대,성공
2024-08-18 00:07:00,U002889,신용카드,교통,4979.0,경남,40대,성공
2024-04-15 20:47:00,U003085,계좌이체,의료,68375.0,경기,20대,성공
2024-07-21 19:51:00,U003420,체크카드,교통,3954.0,경기,30대,성공
2024-04-12 21:57:00,U001618,신용카드,여행,236176.0,,40대,취소
2024-07-30 21:22:00,U000569,체크카드,식음료,12203.0,경기,,성공
2024-10-19 11:00:00,U001944,체크카드,교육,97643.0,경기,40대,성공
2024-10-11 16:46:00,U003688,체크카드,기타,17641.0,경기,30대,성공
2024-08-02 10:09:00,U003395,체크카드,의료,59353.0,서울,30대,취소
2024-01-23 11:30:00,U001258,계좌이체,교통,1925.0,인천,20대,성공
2024/12/22 18:41,U003452,체크카드,쇼핑,32038.0,서울,20대,취소
2024-11-26 12:43:00,U000822,포인트결제,식음료,21604.0,서울,30대,실패
2024-07-29 15:53:00,U002941,신용카드,식음료,22557.0,대구,,성공
2024-11-28 22:00:00,U003305,신용카드,식음료,5447.0,서울,40대,성공
2024-10-27 12:18:00,U003474,포인트결제,쇼핑,59171.0,세종,20대,실패
2024-10-19 23:56:00,U001290,계좌이체,교통,4969.0,전북,20대,성공
2024-08-03 16:55:00,U000803,신용카드,식음료,22359.0,경기,20대,성공
2024-11-22 16:12:00,U001747,계좌이체,의료,24202.0,대구,40대,성공
2024-03-04 16:43:00,U002409,계좌이체,기타,22449.0,서울,30대,성공
2024/05/09 10:47,U001725,체크카드,식음료,11013.0,경북,30대,성공
2024-03-14 11:01:00,U002852,체크카드,식음료,24510.0,서울,30대,성공
2024-06-15 19:27:00,U001797,신용카드,문화/여가,31936.0,부산,30대,성공
2024-11-17 10:40:00,U001269,체크카드,쇼핑,44506.0,부산,40대,성공
2024-08-26 12:03:00,U001788,체크카드,쇼핑,46563.0,대전,40대,성공
2024-11-29 22:08:00,U003609,신용카드,의료,3295.0,경남,40대,성공
2024-06-25 11:39:00,U000936,체크카드,식음료,19348.0,전북,30대,성공
2024/09/29 14:38,U001480,신용카드,교통,935.0,경남,20대,성공
2024-06-30 10:46:00,U001835,계좌이체,교육,139294.0,서울,30대,실패
2024-04-30 15:18:00,U002327, 신용카드 ,교통,5360.0,충남,20대,성공
2024-01-12 13:08:00,U001568,신용카드,식음료,40555.0,경기,40대,실패
2024-07-31 20:08:00,U002777,신용카드,공과금,109064.0,서울,20대,성공
2024-04-29 20:16:00,U000510,신용카드,식음료,39665.0,경기,30대,성공
2024-02-12 18:47:00,U002634,신용카드,교통,2519.0,경남,20대,성공
2024-03-25 11:55:00,U000703,계좌이체,식음료,7392.0,인천,50대,성공
2024-03-02 21:03:00,U003250,계좌이체,쇼핑,63624.0,충북,,성공
2024-11-27 10:54:00,U000117,신용카드,문화/여가,49308.0,서울,20대,성공
2024/08/07 19:39,U000669,신용카드,교통,3212.0,경북,,성공
2024-11-17 02:49:00,U002356,신용카드,공과금,69693.0,대전,30대,성공
2024/04/15 18:25,U002988,체크카드,공과금,98081.0,서울,30대,성공
2024-02-15 19:48:00,U000581,신용카드,의료,20869.0,강원,40대,성공
2024/05/31 11:44,U000416,계좌이체,식음료,19369.0,대구,30대,성공
2024-07-09 22:07:00,U002119,체크카드,식음료,12998.0,경기,30대,성공
2024-06-14 22:51:00,U001710,체크카드,기타,13456.0,서울,20대,성공
2024-11-21 11:56:00,U001014,계좌이체,기타,17216.0,전북,30대,성공
2024-07-19 19:21:00,U000025,신용카드,교통,1601.0,전남,40대,성공
2024-02-24 07:16:00,U003613, 신용카드 ,공과금,41441.0,경남,20대,성공
2024-07-26 11:11:00,U000200, 신용카드 ,쇼핑,51146.0,부산,10대,성공
2024-08-22 11:48:00,U001520,신용카드,교통,3099.0,전북,50대,성공
2024-01-14 14:00:00,U001047,포인트결제,쇼핑,62040.0,경북,30대,성공
2024-08-03 11:22:00,U002924,체크카드,쇼핑,21700.0,충남,10대,성공
2024/01/31 12:19,U001428,신용카드,문화/여가,16759.0,울산,,성공
2024-10-02 20:59:00,U000119,계좌이체,공과금,73375.0,서울,40대,실패
2024-01-04 11:15:00,U002230,포인트결제,공과금,107001.0,서울,20대,성공
2024-05-20 04:27:00,U003169,휴대폰결제,기타,4155.0,광주,30대,성공
2024-04-16 05:19:00,U003233,체크카드,교육,53288.0,충북,30대,성공
2024-04-09 16:38:00,U000054, 신용카드 ,문화/여가,71260.0,부산,30대,성공
2024-04-04 08:10:00,U000215,체크카드,교육,43060.0,경기,60대 이상,성공
2024-01-19 11:29:00,U002764,신용카드,공과금,67690.0,서울,40대,성공
2024-09-10 16:50:00,U001533,체크카드,식음료,22278.0,광주,50대,성공
2024-07-13 19:05:00,U001459,신용카드,문화/여가,34654.0,부산,40대,성공
2024-12-18 18:29:00,U002687,계좌이체,교육,134304.0,경기,40대,성공
2024-01-27 18:48:00,U003928,신용카드,쇼핑,28118.0,,30대,성공
2024/07/07 18:57,U003634,신용카드,문화/여가,41514.0,부산,30대,성공
2024-10-04 12:30:00,U001738,포인트결제,의료,14647.0,,20대,성공
2024-04-28 06:35:00,U003650,체크카드,식음료,3051.0,대구,50대,성공
2024-12-18 14:09:00,U002439,체크카드,교통,1095.0,서울,20대,성공
2024-12-03 11:33:00,U003848, 신용카드 ,교통,1425.0,부산,30대,성공
2024/05/05 18:30,U000294,신용카드,쇼핑,83866.0,서울,30대,실패
2024-06-09 21:41:00,U003800,포인트결제,식음료,21863.0,전남,30대,성공
2024/08/13 09:34,U003923,포인트결제,식음료,35021.0,경북,50대,성공
2024-04-26 18:32:00,U001305,신용카드,쇼핑,70412.0,세종,20대,성공
2024-07-22 17:22:00,U003368, 신용카드 ,교통,4799.0,인천,50대,성공
2024-03-24 20:16:00,U000716,신용카드,의료,34182.0,경북,50대,성공
2024-01-21 23:24:00,U003724,포인트결제,문화/여가,13934.0,서울,30대,성공
2024/04/08 11:22,U001825,포인트결제,쇼핑,49262.0,인천,20대,성공
2024-03-31 14:06:00,U003293,신용카드,쇼핑,51461.0,경북,30대,취소
2024-08-03 15:54:00,U000248,신용카드,의료,44070.0,강원,40대,성공
2024-04-28 13:52:00,U001192,체크카드,쇼핑,8983.0,울산,40대,성공
2024-08-10 20:30:00,U002166,신용카드,교통,2987.0,경기,40대,성공
2024-12-18 19:00:00,U000835,계좌이체,교육,86119.0,대구,30대,성공
2024/01/23 16:19,U003650,포인트결제,식음료,38404.0,서울,30대,성공
2024-09-18 13:06:00,U001665,신용카드,쇼핑,67772.0,경남,20대,성공
2024-03-09 17:41:00,U000731,신용카드,기타,26560.0,광주,,성공
2024/03/23 19:23,U001082,계좌이체,문화/여가,19445.0,경기,20대,성공
2024-10-04 19:30:00,U000520,계좌이체,식음료,4004.0,대전,20대,성공
2024-03-26 22:53:00,U002315,계좌이체,교통,820.0,대구,,성공
2024-05-02 11:44:00,U001182,포인트결제,여행,389512.0,경남,10대,성공
2024-01-11 20:40:00,U003004,신용카드,쇼핑,185117.0,경기,,성공
2024-08-12 13:45:00,U002068,체크카드,식음료,7927.0,부산,30대,성공
2024-03-03 23:37:00,U002777,신용카드,문화/여가,6478.0,경기,20대,성공
2024/04/21 03:43,U003346,신용카드,의료,98553.0,인천,20대,성공
2024-05-02 18:29:00,U000932,포인트결제,식음료,8097.0,서울,40대,성공
2024-05-02 14:45:00,U003660,체크카드,교통,2997.0,경북,20대,성공
2024-06-29 08:14:00,U003504,신용카드,교육,66313.0,서울,30대,성공
2024-07-15 16:49:00,U003778,계좌이체,식음료,13933.0,경기,20대,성공
2024/06/28 11:23,U003212,신용카드,쇼핑,81628.0,인천,40대,성공
2024-09-18 06:36:00,U000284,신용카드,식음료,17581.0,경남,30대,성공
2024-12-22 21:13:00,U000284,휴대폰결제,쇼핑,36178.0,대전,60대 이상,성공
2024/02/27 06:01,U003188,신용카드,문화/여가,64399.0,경북,30대,성공
2024-12-07 18:28:00,U002990,계좌이체,교통,1396.0,경기,60대 이상,성공
2024-09-11 19:14:00,U002125,포인트결제,식음료,15402.0,서울,50대,성공
2024-05-11 13:19:00,U002032,계좌이체,기타,2664.0,서울,50대,성공
2024-12-04 11:25:00,U000412,신용카드,문화/여가,30497.0,부산,40대,실패
2024-02-16 17:55:00,U002502,신용카드,식음료,4803.0,서울,20대,성공
2024-11-05 17:06:00,U003537,휴대폰결제,쇼핑,34932.0,대구,50대,성공
2024/05/31 17:24,U003522,체크카드,문화/여가,32222.0,서울,,성공
2024-01-01 17:14:00,U000792,체크카드,식음료,33168.0,광주,40대,성공
2024-10-24 12:08:00,U002552,신용카드,식음료,14544.0,경기,40대,실패
2024-08-18 20:42:00,U000463,신용카드,교통,2631.0,세종,50대,성공
2024-09-16 07:42:00,U003147,계좌이체,식음료,6085.0,부산,50대,성공
2024-11-04 11:47:00,U001598,신용카드,문화/여가,,경기,20대,성공
2024-06-04 20:09:00,U002954,체크카드,의료,33480.0,경기,60대 이상,성공
2024-07-24 20:09:00,U002827,신용카드,교통,611.0,서울,50대,취소
2024-05-03 19:55:00,U000808,계좌이체,기타,11752.0,경기,30대,성공
2024-08-26 20:50:00,U000114,신용카드,의료,47735.0,경기,10대,성공
2024-12-08 17:53:00,U001617,휴대폰결제,공과금,123654.0,경기,20대,성공
2024-04-01 19:33:00,U000515, 신용카드 ,문화/여가,27901.0,대구,30대,성공
2024-08-30 07:42:00,U001686,신용카드,의료,37072.0,울산,40대,성공
2024-11-24 19:45:00,U002250,신용카드,공과금,98006.0,충남,20대,성공
2024/11/25 10:07,U003706,,교통,1669.0,서울,50대,성공
2024-12-15 04:50:00,U003390,신용카드,식음료,3581.0,세종,40대,성공
2024/08/10 09:09,U000202,체크카드,식음료,17256.0,경기,20대,성공
2024-09-19 02:06:00,U002705,신용카드,쇼핑,22137.0,울산,50대,성공
2024-06-20 15:14:00,U003720,체크카드,식음료,2146.0,부산,20대,성공
2024-06-03 13:05:00,U001871,신용카드,식음료,12825.0,대구,30대,성공
2024-12-24 19:11:00,U003740,신용카드,의료,13960.0,경기,30대,성공
2024-02-26 18:08:00,U000948,체크카드,식음료,35404.0,경기,30대,성공
2024-02-03 23:24:00,U002548,,식음료,1806.0,대구,10대,성공
2024/01/01 15:47,U003736,체크카드,교육,58072.0,전북,30대,성공
2024-09-13 20:42:00,U001821,계좌이체,공과금,19655.0,서울,40대,성공
2024-01-17 15:36:00,U000455,포인트결제,문화/여가,15608.0,서울,10대,실패
2024-07-07 10:10:00,U001483,계좌이체,공과금,106724.0,경기,20대,성공
2024-03-23 18:55:00,U001133,계좌이체,식음료,6149.0,서울,30대,성공
2024-08-06 19:49:00,U001363, 신용카드 ,기타,8595.0,경기,30대,성공
2024-10-28 16:57:00,U003463,체크카드,식음료,5557.0,경기,30대,성공
2024-07-24 10:24:00,U001042,신용카드,문화/여가,24717.0,서울,50대,성공
2024-04-30 17:46:00,U002030,계좌이체,문화/여가,36957.0,서울,40대,성공
2024-05-12 10:53:00,U002209,체크카드,공과금,14766.0,경기,30대,성공
2024-06-01 10:33:00,U003358,신용카드,쇼핑,52552.0,서울,,성공
2024-02-16 12:23:00,U000062,계좌이체,의료,8119.0,경기,30대,성공
2024-10-22 10:09:00,U002962,체크카드,식음료,5545.0,서울,30대,성공
2024-08-30 17:21:00,U002476,체크카드,공과금,59994.0,충북,20대,성공
2024-11-02 23:30:00,U003323,휴대폰결제,공과금,117648.0,충북,50대,성공
2024-11-23 17:44:00,U001561,신용카드,쇼핑,74349.0,광주,20대,성공
2024-06-04 20:18:00,U001772,,쇼핑,52522.0,경기,40대,성공
2024/02/13 16:37,U001955,신용카드,교육,87016.0,서울,40대,성공
2024-09-16 20:35:00,U002412,계좌이체,의료,102916.0,경기,,성공
2024-11-13 14:34:00,U000316,계좌이체,교육,232050.0,대구,60대 이상,성공
2024-01-15 11:56:00,U002800,신용카드,식음료,9808.0,강원,20대,성공
2024-04-03 14:49:00,U002544,신용카드,식음료,29478.0,세종,40대,성공
2024-02-06 03:11:00,U002843,계좌이체,쇼핑,35494.0,전남,20대,성공
2024-09-09 13:26:00,U000990,체크카드,식음료,20158.0,경기,40대,성공
2024-02-03 14:12:00,U002506,신용카드,쇼핑,25423.0,서울,30대,성공
2024-01-20 19:26:00,U000333,신용카드,식음료,20285.0,서울,50대,성공
2024-04-26 13:50:00,U001749,계좌이체,기타,37668.0,서울,20대,성공
2024-04-17 22:25:00,U002882,포인트결제,쇼핑,76712.0,대구,40대,성공
2024-02-03 07:52:00,U003187,신용카드,공과금,32723.0,서울,20대,성공
2024-05-25 11:34:00,U003224,신용카드,의료,42285.0,경북,50대,성공
2024-12-13 15:17:00,U002754,계좌이체,기타,16772.0,서울,40대,성공
2024/01/23 14:15,U001027,체크카드,의료,83788.0,광주,30대,성공
2024/02/13 16:00,U003814,신용카드,식음료,14002.0,서울,30대,성공
2024-04-13 21:18:00,U000827,휴대폰결제,쇼핑,54029.0,대전,40대,성공
2024-11-15 18:12:00,U001327,신용카드,쇼핑,44515.0,충북,50대,성공
2024-02-27 21:55:00,U001455,포인트결제,교통,500.0,대전,10대,성공
2024-02-16 14:40:00,U002648,계좌이체,교통,1485.0,경기,30대,성공
2024-02-02 15:10:00,U001177,계좌이체,교육,134718.0,제주,50대,성공
2024-07-21 19:00:00,U000210,체크카드,문화/여가,29483.0,,20대,성공
2024-08-16 20:15:00,U000832,체크카드,식음료,10160.0,대구,30대,성공
2024-10-16 10:18:00,U001176,체크카드,쇼핑,19336.0,인천,10대,성공
2024/10/25 10:09,U001273,계좌이체,식음료,7536.0,전북,30대,성공
2024-04-01 22:33:00,U002905,신용카드,교육,30270.0,서울,40대,성공
2024-12-22 01:56:00,U000110,체크카드,식음료,4543.0,경기,10대,성공
2024-08-08 09:12:00,U000766,신용카드,문화/여가,12433.0,부산,30대,실패
2024-02-26 13:24:00,U001995,체크카드,공과금,131082.0,대구,30대,성공
2024-12-19 14:12:00,U003964,휴대폰결제,쇼핑,102126.0,인천,10대,실패
2024/09/04 11:16,U002554,계좌이체,식음료,2563.0,서울,50대,성공
2024/01/06 13:09,U003176,신용카드,식음료,21470.0,서울,20대,취소
2024-10-25 07:03:00,U000445,신용카드,문화/여가,8946.0,전남,60대 이상,성공
2024-11-12 09:44:00,U002094,계좌이체,쇼핑,60753.0,대구,20대,성공
2024-07-03 06:36:00,U000083,신용카드,문화/여가,23808.0,경기,40대,성공
2024-06-09 09:08:00,U002575,체크카드,식음료,10707.0,서울,40대,성공
2024-10-20 07:59:00,U000949,신용카드,의료,16296.0,서울,10대,성공
2024-06-19 19:46:00,U001973,신용카드,기타,37534.0,서울,40대,성공
2024-07-26 02:51:00,U000542,체크카드,쇼핑,79882.0,부산,20대,성공
2024-08-28 16:12:00,U000723, 신용카드 ,식음료,9241.0,강원,20대,성공
2024-03-28 12:29:00,U001776,체크카드,여행,326136.0,대전,30대,성공
2024-11-11 14:37:00,U000043,신용카드,기타,54632.0,서울,40대,성공
2024-04-28 09:37:00,U002611,체크카드,교육,140851.0,경기,20대,실패
2024-09-28 16:21:00,U000997,휴대폰결제,식음료,8836.0,경기,60대 이상,성공
2024-12-14 21:31:00,U001189, 신용카드 ,식음료,16243.0,서울,20대,성공
2024-03-04 16:38:00,U002303,포인트결제,쇼핑,12517.0,경남,50대,성공
2024-09-12 07:01:00,U002991,신용카드,의료,60612.0,경기,50대,성공
2024-02-12 21:43:00,U002199,신용카드,교육,116186.0,경기,30대,성공
2024-05-29 23:35:00,U001248,신용카드,문화/여가,,충남,30대,성공
2024-04-14 17:00:00,U000034,체크카드,공과금,82747.0,경기,30대,성공
2024-10-20 16:37:00,U003196,신용카드,식음료,9414.0,서울,30대,취소
2024-05-26 13:06:00,U001738,신용카드,식음료,10658.0,충북,20대,성공
2024-06-17 12:46:00,U002862,,쇼핑,59253.0,울산,40대,실패
2024-11-30 13:25:00,U002093,포인트결제,교통,1987.0,경기,40대,성공
2024-09-17 21:27:00,U001268,계좌이체,교육,103090.0,전남,50대,성공
2024-09-16 04:36:00,U002324,신용카드,쇼핑,118005.0,서울,10대,성공
2024-08-10 16:22:00,U002010,신용카드,식음료,1382.0,부산,10대,성공
2024-01-02 12:50:00,U003662,포인트결제,교통,3534.0,부산,50대,성공
2024-11-09 05:45:00,U002319,계좌이체,쇼핑,22938.0,광주,50대,성공
2024-11-28 22:14:00,U000973,포인트결제,교통,1175.0,경기,30대,성공
2024-04-19 18:49:00,U000147,,교육,23748.0,경북,20대,성공
2024-05-08 16:09:00,U001141,신용카드,식음료,7390.0,부산,60대 이상,성공
2024/12/13 13:41,U000371,체크카드,교통,3107.0,서울,40대,성공
2024-04-09 12:58:00,U000473,체크카드,기타,15611.0,인천,30대,성공
2024-12-04 23:57:00,U003274,,쇼핑,41934.0,경기,20대,성공
2024/08/29 10:02,U001823,계좌이체,공과금,254350.0,경기,,취소
2024-05-21 22:41:00,U001948,계좌이체,쇼핑,40372.0,대구,30대,성공
2024-09-08 10:31:00,U003135,계좌이체,교통,1768.0,서울,50대,성공
2024/03/20 06:58,U003903,휴대폰결제,식음료,17326.0,경기,30대,성공
2024-02-21 14:48:00,U002298,신용카드,기타,63335.0,대구,50대,성공
2024-10-12 22:05:00,U002879,신용카드,식음료,25777.0,경기,20대,성공
2024-01-17 18:46:00,U002605,신용카드,공과금,80987.0,대전,20대,성공
2024-03-30 20:39:00,U001378,휴대폰결제,기타,18157.0,경기,40대,성공
2024-05-14 17:21:00,U000345,포인트결제,식음료,17887.0,인천,30대,성공
2024-06-14 12:15:00,U003562,신용카드,교육,129210.0,충북,40대,성공
2024-03-12 19:09:00,U002738,계좌이체,쇼핑,110494.0,인천,,성공
2024-12-15 17:04:00,U000987,체크카드,의료,40262.0,서울,10대,성공
2024-08-25 19:05:00,U003068,신용카드,문화/여가,49055.0,서울,30대,성공
2024-11-10 19:54:00,U002624,체크카드,문화/여가,33120.0,부산,50대,성공
2024-02-02 06:53:00,U000267,신용카드,교통,8310.0,인천,60대 이상,성공
2024/04/21 19:05,U003046,체크카드,교육,61462.0,서울,50대,성공
2024-03-19 16:57:00,U000840,신용카드,기타,33215.0,서울,50대,성공
2024-10-22 12:31:00,U001514,포인트결제,쇼핑,83183.0,경기,20대,성공
2024-11-22 08:31:00,U002860,체크카드,교통,1488.0,광주,30대,성공
2024-01-15 01:18:00,U003014,신용카드,공과금,107511.0,경기,40대,성공
2024-09-28 20:36:00,U000939,계좌이체,교통,3919.0,부산,40대,실패
2024-06-09 12:31:00,U000530,신용카드,문화/여가,4306.0,강원,20대,성공
2024-06-20 18:43:00,U000768,신용카드,교육,,서울,30대,성공
2024-10-15 07:35:00,U000018,포인트결제,식음료,37638.0,광주,10대,성공
2024-08-23 22:13:00,U002123,체크카드,쇼핑,21179.0,충남,,성공
2024-12-16 20:24:00,U002261,포인트결제,쇼핑,44792.0,충남,40대,실패
2024-02-03 23:54:00,U002737,신용카드,공과금,120865.0,강원,20대,실패
2024-06-23 14:58:00,U000895,포인트결제,쇼핑,91677.0,충북,10대,성공
2024-02-05 20:51:00,U001816,신용카드,의료,21422.0,대구,50대,성공
2024-01-07 20:47:00,U000880,체크카드,기타,38819.0,서울,20대,성공
2024-01-19 15:06:00,U001272,신용카드,교통,8881.0,경기,20대,성공
2024-10-27 19:21:00,U002577,신용카드,기타,21690.0,서울,40대,성공
2024-11-23 10:38:00,U002246,체크카드,교통,4471.0,서울,60대 이상,성공
2024/07/14 15:15,U000240,휴대폰결제,문화/여가,30001.0,서울,50대,성공
2024-09-16 22:30:00,U000161,포인트결제,문화/여가,59555.0,서울,20대,성공
2024/10/28 18:25,U002933,계좌이체,식음료,18866.0,부산,50대,성공
2024-12-03 04:15:00,U002076,포인트결제,의료,60366.0,경기,20대,성공
2024-11-12 10:14:00,U000310,신용카드,식음료,13710.0,전남,60대 이상,성공
2024-10-06 23:21:00,U000685,휴대폰결제,쇼핑,80470.0,경기,30대,성공
2024-08-28 09:14:00,U003429,체크카드,문화/여가,38431.0,경남,10대,실패
2024-06-18 12:01:00,U001064,체크카드,쇼핑,39584.0,서울,20대,성공
2024-05-18 07:27:00,U000265,체크카드,교육,103859.0,광주,40대,성공
2024-11-01 17:28:00,U001185,체크카드,교통,3137.0,경남,40대,성공
2024-09-22 13:22:00,U001613,신용카드,교통,2347.0,대전,50대,성공
2024-08-08 11:24:00,U001784,신용카드,교통,3108.0,경기,50대,성공
2024/04/10 13:58,U002311,계좌이체,식음료,2865.0,서울,40대,성공
2024-04-05 19:36:00,U000046,체크카드,의료,71915.0,경기,50대,성공
2024-09-03 13:05:00,U002840,체크카드,식음료,17901.0,제주,40대,성공
2024-10-13 13:22:00,U002581,체크카드,식음료,3480.0,충북,30대,성공
2024-08-16 21:47:00,U000343,체크카드,쇼핑,61609.0,경북,40대,성공
2024-09-23 22:43:00,U000033,신용카드,교통,1922.0,강원,40대,성공
2024-11-13 11:49:00,U000389,체크카드,기타,12824.0,경기,40대,성공
2024-02-13 06:56:00,U001161,,교육,132344.0,서울,20대,성공
2024-05-28 18:15:00,U000106,체크카드,문화/여가,42458.0,충북,20대,성공
2024-04-22 21:04:00,U000862,신용카드,식음료,24128.0,서울,20대,성공
2024/04/29 04:47,U000787,체크카드,공과금,48793.0,부산,50대,성공
2024-03-18 21:18:00,U003384,신용카드,교통,3623.0,,30대,성공
2024-04-02 11:27:00,U000168,체크카드,식음료,21731.0,서울,30대,성공
2024-07-20 15:01:00,U001598,포인트결제,쇼핑,108296.0,경기,,성공
2024/07/09 17:13,U001124,체크카드,기타,11243.0,서울,10대,성공
2024-12-12 19:13:00,U001826,포인트결제,쇼핑,58501.0,부산,30대,성공
2024/10/07 16:21,U003657,체크카드,교육,215176.0,서울,,성공
2024-03-22 11:59:00,U002556,포인트결제,쇼핑,47416.0,충남,30대,성공
2024-01-13 15:01:00,U003117, 신용카드 ,공과금,68530.0,부산,30대,성공
2024-02-22 21:57:00,U002696, 신용카드 ,쇼핑,25901.0,경기,50대,성공
2024-04-06 19:20:00,U001396,신용카드,문화/여가,126419.0,서울,50대,성공
2024-10-29 17:32:00,U001331,,식음료,36929.0,인천,20대,성공
2024-11-13 21:53:00,U001784,신용카드,식음료,38408.0,경남,40대,성공
2024-11-26 19:21:00,U000121,신용카드,기타,25188.0,경기,50대,성공
2024-07-07 08:24:00,U000405,체크카드,쇼핑,65088.0,경남,30대,성공
2024-04-05 18:01:00,U001185,휴대폰결제,쇼핑,27497.0,경북,30대,성공
2024-08-14 19:19:00,U003276,체크카드,교육,280063.0,부산,20대,실패
2024-03-03 17:49:00,U001682,체크카드,쇼핑,26990.0,경남,40대,성공
2024-01-04 17:55:00,U002728,휴대폰결제,문화/여가,16060.0,전북,20대,성공
2024-06-05 15:35:00,U002964,신용카드,쇼핑,89275.0,서울,30대,성공
2024/09/04 12:38,U003476,신용카드,교육,33689.0,서울,30대,성공
2024-07-26 11:36:00,U002647,계좌이체,의료,16130.0,경남,30대,성공
2024-07-23 20:33:00,U000883,신용카드,교통,2849.0,부산,20대,성공
2024-06-11 18:16:00,U003013,계좌이체,공과금,76588.0,경기,20대,성공
2024-04-28 20:29:00,U002745,신용카드,식음료,23752.0,서울,30대,성공
2024-07-13 12:37:00,U000804, 신용카드 ,여행,259880.0,경기,50대,성공
2024-07-16 02:17:00,U000249,계좌이체,교통,4845.0,경남,10대,성공
2024-10-15 18:18:00,U001716,신용카드,문화/여가,6404.0,인천,50대,성공
2024-07-24 20:57:00,U003575,신용카드,여행,312494.0,경기,20대,성공
2024-05-10 17:06:00,U000399, 신용카드 ,쇼핑,57022.0,서울,20대,성공
2024/03/23 21:51,U000846,체크카드,식음료,9524.0,부산,60대 이상,실패
2024-10-11 17:40:00,U000702,신용카드,쇼핑,156204.0,서울,30대,성공
2024-01-27 10:18:00,U000397,신용카드,의료,26553.0,서울,30대,성공
2024-02-28 23:47:00,U002326,신용카드,식음료,10504.0,전남,10대,성공
2024/09/23 07:23,U002854,체크카드,쇼핑,48616.0,서울,30대,성공
2024-10-21 21:42:00,U003030,신용카드,문화/여가,41401.0,경기,50대,성공
2024-09-27 11:42:00,U002666,계좌이체,기타,26584.0,서울,20대,성공
2024-01-30 04:29:00,U000562,신용카드,교육,24443.0,대구,40대,성공
2024-07-03 19:32:00,U003735,체크카드,문화/여가,,대전,30대,성공
2024-05-20 13:18:00,U002444,휴대폰결제,기타,27405.0,인천,60대 이상,실패
2024-12-22 11:33:00,U001019,신용카드,의료,38641.0,대전,50대,성공
2024-03-16 10:29:00,U000163,체크카드,여행,239737.0,경북,30대,취소
2024-07-30 15:58:00,U000029,계좌이체,문화/여가,25589.0,경기,30대,성공
2024-09-04 19:09:00,U003503,계좌이체,교육,100957.0,경기,60대 이상,성공
2024-12-19 19:26:00,U003907,계좌이체,쇼핑,16097.0,충남,40대,성공
2024-03-11 17:28:00,U000257,체크카드,문화/여가,25201.0,경기,10대,성공
2024-06-04 19:01:00,U002707,체크카드,식음료,28262.0,경기,20대,성공
2024-03-23 18:07:00,U002809,신용카드,공과금,166000.0,경기,50대,성공
2024-05-01 10:59:00,U002976,신용카드,기타,16891.0,제주,20대,실패
2024-08-20 06:17:00,U002182,신용카드,의료,27776.0,인천,40대,성공
2024-12-07 10:00:00,U001810,체크카드,공과금,171820.0,강원,30대,성공
2024-03-15 11:13:00,U003805, 신용카드 ,쇼핑,62880.0,서울,10대,성공
2024/03/30 12:36,U003736,신용카드,여행,112280.0,경기,40대,성공
2024-04-13 16:55:00,U002698,포인트결제,식음료,16238.0,전북,40대,성공
2024/01/16 22:49,U003254,신용카드,의료,12149.0,경기,20대,성공
2024-09-06 08:54:00,U002853,신용카드,기타,32209.0,경기,20대,성공
2024-07-04 19:01:00,U000140, 신용카드 ,공과금,82519.0,서울,40대,성공
2024-08-15 12:55:00,U000072,체크카드,식음료,10323.0,,50대,성공
2024-01-12 16:10:00,U003531,계좌이체,문화/여가,13968.0,서울,50대,성공
2024-12-26 12:18:00,U002136,휴대폰결제,식음료,11020.0,경기,50대,성공
2024-04-30 22:47:00,U002476,신용카드,식음료,9272.0,대구,20대,성공
2024-01-19 20:29:00,U000283,신용카드,교육,208707.0,전남,20대,성공
2024-02-01 13:35:00,U003703,포인트결제,교통,530.0,전남,50대,성공
2024-10-31 18:28:00,U002048,신용카드,쇼핑,93887.0,경기,30대,성공
2024/12/03 20:49,U002007,체크카드,식음료,9158.0,제주,30대,성공
2024-11-22 19:24:00,U001938,포인트결제,기타,62016.0,울산,30대,성공
2024-01-30 14:09:00,U000552,체크카드,여행,36483.0,울산,40대,성공
2024/12/17 07:59,U000287,체크카드,쇼핑,123553.0,,50대,성공
2024/03/28 21:23,U002344,포인트결제,쇼핑,170329.0,서울,20대,성공
2024-06-09 18:23:00,U002107,체크카드,식음료,16085.0,서울,20대,성공
2024-04-06 17:10:00,U002026,신용카드,문화/여가,17312.0,전북,30대,성공
2024-05-21 21:54:00,U003080,신용카드,식음료,,서울,40대,성공
2024-01-28 19:23:00,U001057,계좌이체,쇼핑,43810.0,강원,20대,성공
2024-04-07 20:23:00,U000803,체크카드,교육,27415.0,경기,30대,성공
2024-08-31 20:59:00,U001635,계좌이체,교통,5698.0,울산,30대,성공
2024-07-07 22:54:00,U003260,계좌이체,쇼핑,84689.0,경기,30대,성공
2024-06-01 23:10:00,U000691,신용카드,식음료,29623.0,충북,40대,성공
2024-08-02 21:55:00,U001188,신용카드,쇼핑,25562.0,경기,30대,성공
2024-05-02 20:02:00,U003060,,교통,2529.0,부산,20대,성공
2024-08-29 22:48:00,U002763,포인트결제,기타,12634.0,충북,40대,성공
2024-07-20 20:45:00,U001743,체크카드,문화/여가,38211.0,경북,60대 이상,성공
2024-01-25 19:11:00,U001852,,문화/여가,,서울,20대,성공
2024-01-07 11:03:00,U000828,체크카드,의료,21936.0,제주,30대,성공
2024-01-14 15:42:00,U003641,신용카드,의료,44509.0,경기,20대,성공
2024-08-04 18:53:00,U003008,포인트결제,여행,251919.0,광주,20대,성공
2024-07-06 20:59:00,U003621,체크카드,식음료,10187.0,광주,20대,성공
2024-03-23 21:22:00,U003595,신용카드,쇼핑,24652.0,경기,40대,성공
2024-03-25 10:25:00,U000678,체크카드,문화/여가,2649.0,서울,20대,성공
2024-04-25 19:55:00,U000930,신용카드,교육,94986.0,서울,30대,성공
2024-09-09 17:31:00,U001639,신용카드,식음료,31708.0,서울,20대,성공
2024-05-25 16:49:00,U003685,신용카드,기타,21611.0,서울,20대,성공
2024-07-30 20:43:00,U001510,계좌이체,공과금,14732.0,서울,20대,성공
2024-08-21 09:29:00,U000473,신용카드,기타,7628.0,서울,20대,성공
2024-07-21 19:55:00,U001269,신용카드,쇼핑,14094.0,서울,40대,성공
2024-10-08 16:39:00,U001128,신용카드,식음료,13699.0,서울,40대,성공
2024-06-25 18:49:00,U003752,포인트결제,공과금,196925.0,서울,40대,성공
2024-03-14 10:40:00,U002819,신용카드,쇼핑,30680.0,경기,20대,성공
2024-11-13 20:33:00,U003638,체크카드,교통,2451.0,서울,20대,성공
2024-04-20 12:11:00,U002131,계좌이체,식음료,19561.0,대전,30대,성공
2024-04-08 16:27:00,U000898,체크카드,식음료,5905.0,경기,20대,성공
2024-04-03 17:37:00,U003924,계좌이체,문화/여가,22593.0,,30대,성공
2024/07/14 11:17,U002190,체크카드,식음료,22241.0,경기,,성공
2024-07-29 21:02:00,U001734,포인트결제,공과금,80109.0,경북,30대,실패
2024-05-26 11:46:00,U002264,신용카드,교통,1103.0,대구,60대 이상,성공
2024-08-16 21:48:00,U003879,신용카드,교통,2581.0,서울,30대,성공
2024-06-10 09:25:00,U001181,체크카드,식음료,11458.0,서울,60대 이상,성공
2024-08-08 08:21:00,U000081,신용카드,공과금,95381.0,울산,20대,성공
2024-11-08 14:12:00,U002458,포인트결제,식음료,12562.0,전북,50대,성공
2024-02-17 22:11:00,U003457,포인트결제,식음료,18568.0,부산,20대,성공
2024-02-05 11:26:00,U001371,신용카드,쇼핑,76901.0,경기,40대,성공
2024-11-07 18:08:00,U000577,신용카드,공과금,31929.0,대전,20대,성공
2024-10-24 19:49:00,U003668,체크카드,문화/여가,24682.0,경기,40대,성공
2024/09/21 16:25,U001816,신용카드,문화/여가,48908.0,대구,50대,성공
2024-06-08 19:33:00,U002999,체크카드,기타,35172.0,서울,40대,취소
2024-10-20 20:30:00,U002700,신용카드,교통,3849.0,,20대,실패
2024-11-22 00:54:00,U003471,계좌이체,식음료,14337.0,서울,50대,성공
2024-01-28 15:13:00,U000607,신용카드,쇼핑,119885.0,경기,20대,성공
2024-02-09 14:47:00,U000608,포인트결제,의료,118217.0,경기,40대,성공
2024-05-25 18:48:00,U002219,체크카드,교육,325803.0,인천,20대,성공
2024-08-03 13:38:00,U002735,신용카드,쇼핑,26644.0,대구,20대,성공
2024-12-30 06:55:00,U002594,신용카드,식음료,21448.0,광주,30대,취소
2024-11-29 14:15:00,U003792, 신용카드 ,식음료,,서울,40대,성공
2024-02-02 10:15:00,U000733,,문화/여가,58972.0,서울,30대,성공
2024/09/17 10:06,U003732,체크카드,식음료,18768.0,경기,40대,성공
2024-07-24 09:06:00,U003271,포인트결제,교통,2998.0,경기,30대,성공
2024/08/25 20:36,U001847,체크카드,식음료,25514.0,경기,40대,성공
2024/07/16 21:57,U002736,휴대폰결제,문화/여가,15118.0,광주,30대,성공
2024-07-22 18:57:00,U003682,신용카드,쇼핑,42693.0,서울,,실패
2024-09-23 12:55:00,U001850,계좌이체,쇼핑,77445.0,경기,40대,취소
2024-09-02 00:39:00,U003444,신용카드,여행,217662.0,충북,50대,성공
2024-01-20 10:25:00,U001962,신용카드,교육,34286.0,부산,50대,성공
2024-04-09 00:26:00,U001146,체크카드,쇼핑,58885.0,경북,10대,성공
2024-12-11 22:18:00,U001560,신용카드,공과금,52483.0,부산,30대,성공
2024-06-02 18:07:00,U001165,체크카드,교통,1870.0,대전,,실패
2024-03-24 17:00:00,U001233,포인트결제,쇼핑,35627.0,서울,40대,성공
2024-05-19 20:33:00,U002111,신용카드,식음료,56535.0,서울,40대,성공
2024-10-06 02:33:00,U000665,체크카드,쇼핑,69201.0,서울,20대,실패
2024-09-01 18:44:00,U001942,신용카드,의료,14178.0,부산,60대 이상,성공
2024/11/29 19:05,U003002,포인트결제,의료,41101.0,서울,50대,성공
2024/04/29 09:37,U003798,신용카드,공과금,163403.0,전남,60대 이상,성공
2024-09-12 05:32:00,U001540,계좌이체,문화/여가,39277.0,경기,30대,성공
2024-06-12 18:23:00,U002303,체크카드,문화/여가,39832.0,서울,40대,실패
2024-06-19 01:33:00,U000911,체크카드,쇼핑,12065.0,서울,40대,성공
2024/04/15 11:35,U002572,신용카드,교육,109008.0,경기,50대,성공
2024-10-06 22:43:00,U003095,신용카드,쇼핑,42816.0,전남,40대,성공
2024-02-21 19:38:00,U000644,체크카드,쇼핑,49568.0,서울,50대,취소
2024-10-22 07:14:00,U003254,신용카드,교통,12158.0,인천,20대,성공
2024-06-17 20:20:00,U002574,신용카드,공과금,38697.0,경기,30대,성공
2024-12-09 13:25:00,U001367,계좌이체,쇼핑,11697.0,경기,20대,성공
2024-11-17 13:43:00,U000078,신용카드,여행,151854.0,충북,30대,성공
2024/05/11 18:24,U003200, 신용카드 ,식음료,5365.0,충북,20대,성공
2024-08-23 11:23:00,U001920,신용카드,의료,85481.0,경기,20대,취소
2024-09-02 21:44:00,U002033,신용카드,교통,12888.0,대구,10대,성공
2024/03/10 20:55,U000216,신용카드,교통,1545.0,광주,30대,성공
2024/01/02 21:50,U001366,계좌이체,교육,297114.0,강원,30대,성공
2024/05/20 15:36,U001885,신용카드,기타,16694.0,서울,40대,성공
2024-08-31 10:23:00,U003619,신용카드,식음료,10664.0,서울,30대,성공
2024/03/01 10:09,U001350,계좌이체,여행,204261.0,경기,30대,성공
2024-01-27 19:12:00,U003529,신용카드,문화/여가,21642.0,경남,20대,성공
2024-05-17 20:23:00,U000749,신용카드,식음료,12294.0,경기,10대,성공
2024-10-23 12:19:00,U000313,체크카드,문화/여가,67176.0,서울,40대,성공
2024-06-28 13:49:00,U003062,계좌이체,의료,75891.0,경기,30대,성공
2024-08-20 19:49:00,U003354,신용카드,식음료,2710.0,서울,40대,성공
2024-02-12 07:32:00,U003929,포인트결제,쇼핑,54570.0,충남,20대,성공
2024-10-14 21:52:00,U002220,체크카드,식음료,1322.0,전북,10대,성공
2024/03/09 19:02,U001260,체크카드,식음료,34033.0,경기,30대,성공
2024-06-14 11:10:00,U003833, 신용카드 ,식음료,11406.0,경기,50대,성공
2024-10-27 09:52:00,U003305,휴대폰결제,교통,8892.0,부산,30대,성공
2024/06/10 21:46,U002351,신용카드,문화/여가,48903.0,대전,60대 이상,성공
2024/05/22 13:14,U001491,계좌이체,교육,198971.0,경기,50대,성공
2024-10-18 14:19:00,U003625,신용카드,교통,500.0,제주,40대,성공
2024-09-16 12:25:00,U000475,신용카드,교통,3841.0,강원,20대,성공
2024-08-27 17:56:00,U000963,계좌이체,기타,48154.0,전남,30대,성공
2024-06-19 17:50:00,U000272,신용카드,쇼핑,49786.0,,50대,성공
2024-09-10 18:14:00,U001203,신용카드,교육,92528.0,경기,30대,성공
2024-02-18 15:41:00,U001822,신용카드,식음료,22893.0,광주,60대 이상,성공
2024/07/12 16:04,U003583,신용카드,공과금,37577.0,대구,50대,성공
2024-08-29 06:26:00,U003457,체크카드,여행,300907.0,인천,,성공
2024-02-06 13:46:00,U002540,,교통,8474.0,충남,40대,성공
2024-12-24 19:56:00,U001240,신용카드,식음료,13806.0,서울,50대,성공
2024-08-28 18:45:00,U003150, 신용카드 ,여행,211190.0,경기,50대,성공
2024-04-13 22:56:00,U003998,체크카드,기타,,대구,50대,성공
2024-02-28 09:11:00,U000214,계좌이체,쇼핑,45964.0,경기,20대,성공
2024-11-11 08:17:00,U001622,신용카드,식음료,29234.0,서울,30대,성공
2024/12/07 14:38,U002090,계좌이체,교통,9066.0,대전,10대,성공
2024/05/19 20:54,U001728,계좌이체,교통,4171.0,경기,40대,성공
2024-12-21 14:43:00,U001316,신용카드,식음료,12127.0,,40대,성공
2024-02-27 07:46:00,U002386,계좌이체,문화/여가,14161.0,서울,20대,성공
2024-01-10 20:31:00,U000924,신용카드,교통,2443.0,대전,40대,성공
2024-12-29 15:06:00,U001485,신용카드,여행,342525.0,경기,20대,성공
2024-04-02 12:09:00,U002671,휴대폰결제,교통,4172.0,경기,50대,성공
2024/11/19 15:40,U001603,체크카드,공과금,68863.0,광주,20대,성공
2024/12/19 09:26,U002915,포인트결제,문화/여가,16698.0,서울,30대,성공
2024-11-16 10:58:00,U003246,신용카드,교육,127651.0,부산,50대,성공
2024-11-01 22:30:00,U001514,신용카드,공과금,3353.0,세종,10대,성공
2024-07-18 14:28:00,U002848,신용카드,쇼핑,60235.0,,30대,성공
2024-11-21 10:31:00,U000231,체크카드,기타,10168.0,경기,30대,성공
2024-06-13 17:57:00,U003650, 신용카드 ,식음료,10289.0,부산,30대,성공
2024-12-22 15:09:00,U001872,포인트결제,교육,157665.0,전북,30대,성공
2024-07-28 13:03:00,U000359,신용카드,교통,2513.0,서울,50대,성공
2024/07/06 17:12,U003597,포인트결제,쇼핑,48876.0,서울,20대,성공
2024/12/22 15:00,U003262,체크카드,식음료,15818.0,경기,20대,성공
2024-09-07 12:38:00,U003849,,문화/여가,,경기,10대,성공
2024/05/17 04:19,U002764,체크카드,교육,189699.0,서울,50대,성공
2024-09-17 18:50:00,U001040,,쇼핑,76412.0,제주,40대,성공
2024-08-07 18:30:00,U002669,포인트결제,의료,,서울,40대,성공
2024-03-26 20:40:00,U003158,신용카드,쇼핑,44791.0,서울,40대,성공
2024-05-11 07:08:00,U003235,체크카드,의료,26049.0,경기,,성공
2024-12-07 09:12:00,U001032,체크카드,의료,54821.0,경기,30대,성공
2024-03-17 21:42:00,U002271,계좌이체,문화/여가,52857.0,서울,30대,성공
2024-05-15 19:19:00,U002076,신용카드,여행,282253.0,서울,50대,성공
2024-09-28 08:47:00,U003213,신용카드,기타,35074.0,경기,30대,성공
2024-09-09 13:01:00,U003360,신용카드,문화/여가,28642.0,경북,20대,성공
2024-12-19 11:18:00,U001060,신용카드,기타,24167.0,전북,40대,성공
2024-09-12 15:34:00,U000566,체크카드,의료,50269.0,경기,30대,성공
2024/12/04 17:55,U000203,계좌이체,공과금,115144.0,광주,40대,성공
2024-08-29 09:59:00,U003746,신용카드,공과금,96612.0,경북,20대,성공
2024-08-11 22:40:00,U003420,,쇼핑,11092.0,인천,40대,성공
2024-08-16 21:15:00,U001418,신용카드,식음료,36117.0,강원,30대,성공
2024-02-29 15:23:00,U003458,체크카드,쇼핑,28646.0,제주,20대,성공
2024/01/14 13:35,U002530,신용카드,식음료,12258.0,,30대,성공
2024-10-17 15:07:00,U002327,체크카드,교육,133254.0,서울,60대 이상,성공
2024-04-11 11:24:00,U003731,신용카드,기타,14469.0,대전,50대,성공
2024/04/07 19:30,U002401,계좌이체,여행,177007.0,충남,40대,성공
2024-03-29 19:23:00,U002026,계좌이체,의료,53468.0,경기,40대,성공
2024-10-15 07:59:00,U001590,휴대폰결제,쇼핑,58280.0,서울,30대,성공
2024-10-11 15:21:00,U000234,휴대폰결제,교육,288436.0,서울,20대,성공
2024-07-10 19:37:00,U000909,체크카드,기타,30913.0,,50대,성공
2024-09-16 18:54:00,U003838,신용카드,여행,63923.0,충남,40대,성공
2024-11-24 13:19:00,U002933,계좌이체,식음료,40291.0,경기,20대,성공
2024-10-28 11:32:00,U000981,포인트결제,교통,3425.0,강원,40대,성공
2024/09/05 17:34,U002872,신용카드,식음료,11019.0,경북,30대,성공
2024-02-09 06:27:00,U002148,포인트결제,쇼핑,48726.0,전남,30대,성공
2024-11-10 16:13:00,U002720,신용카드,의료,9706.0,경기,50대,성공
2024-12-20 08:28:00,U001145,신용카드,교통,1139.0,서울,20대,성공
2024-06-03 20:33:00,U000896,계좌이체,공과금,119308.0,경기,40대,성공
2024-05-30 13:34:00,U001217,신용카드,쇼핑,43159.0,경북,40대,성공
2024-08-07 11:47:00,U001427,신용카드,문화/여가,52337.0,서울,30대,성공
2024-01-03 18:43:00,U003163,신용카드,식음료,37118.0,전남,30대,성공
2024-02-15 07:23:00,U001120,,식음료,8319.0,대구,,성공
2024-07-01 17:36:00,U001848,신용카드,공과금,39975.0,제주,20대,성공
2024/08/16 23:55,U001252, 신용카드 ,식음료,13629.0,대전,40대,성공
2024-09-06 07:05:00,U003443,신용카드,쇼핑,45149.0,대전,40대,성공
2024-02-10 19:01:00,U002494,계좌이체,공과금,86806.0,,20대,성공
2024-11-14 21:01:00,U003622,휴대폰결제,식음료,12254.0,부산,30대,성공
2024-05-18 16:20:00,U003345,포인트결제,의료,6589.0,충남,20대,성공
2024-02-18 23:18:00,U002029,계좌이체,문화/여가,44350.0,경기,50대,성공
2024-03-11 20:34:00,U001940,계좌이체,쇼핑,45100.0,부산,40대,성공
2024-10-30 06:28:00,U001320,신용카드,교통,777.0,,30대,성공
2024-04-01 10:55:00,U001762,포인트결제,교육,169672.0,세종,30대,성공
2024-03-21 21:01:00,U002881,포인트결제,식음료,38255.0,충북,30대,성공
2024-05-28 17:02:00,U002422,신용카드,기타,67741.0,인천,20대,성공
2024-09-19 17:50:00,U002899, 신용카드 ,쇼핑,58818.0,경기,50대,취소
2024-03-06 09:16:00,U001063,신용카드,쇼핑,63423.0,세종,60대 이상,성공
2024-01-06 10:22:00,U001774,계좌이체,쇼핑,18350.0,대구,20대,성공
2024-06-18 11:05:00,U003427,체크카드,문화/여가,18288.0,경기,30대,성공
2024-07-11 11:32:00,U000306,신용카드,문화/여가,78228.0,경기,50대,성공
2024/06/15 09:07,U000307,신용카드,식음료,36564.0,,10대,성공
2024-02-07 12:40:00,U003219,신용카드,여행,236656.0,경기,30대,성공
2024-09-27 20:49:00,U002199,신용카드,교통,3475.0,경남,40대,성공
2024/02/04 11:28,U003108,계좌이체,교통,11961.0,경기,50대,성공
2024-03-09 18:51:00,U003345,체크카드,교통,10180.0,부산,20대,성공
2024-09-10 14:55:00,U003618,신용카드,의료,7267.0,서울,30대,성공
2024-01-30 11:40:00,U001586,계좌이체,쇼핑,100441.0,경기,,성공
2024-07-11 23:27:00,U002780,신용카드,공과금,16086.0,울산,50대,성공
2024/11/20 23:46,U000942,신용카드,문화/여가,14870.0,경기,40대,성공
2024-09-23 12:17:00,U000345,신용카드,식음료,13959.0,대구,30대,성공
2024/10/21 21:29,U001375,신용카드,문화/여가,12713.0,경남,30대,성공
2024/02/03 13:55,U000773,신용카드,문화/여가,40502.0,서울,30대,성공
2024-09-26 16:32:00,U000401,신용카드,문화/여가,46184.0,대구,20대,성공
2024-10-29 23:16:00,U001963,계좌이체,식음료,15824.0,경기,50대,성공
2024-08-26 10:49:00,U001215, 신용카드 ,문화/여가,23014.0,부산,30대,취소
2024-08-17 13:02:00,U002554,신용카드,기타,6291.0,경기,,성공
2024-02-18 07:19:00,U001325,체크카드,쇼핑,28730.0,서울,30대,성공
2024-06-26 19:21:00,U003163,포인트결제,식음료,14209.0,경기,30대,성공
2024-02-04 13:30:00,U003950,신용카드,의료,20413.0,경기,20대,성공
2024-02-08 11:04:00,U000266,체크카드,교통,9846.0,인천,50대,성공
2024/09/14 19:48,U003286,신용카드,교육,168227.0,대구,20대,성공
2024-04-12 10:42:00,U002900,체크카드,쇼핑,111935.0,대구,,성공
2024-12-21 18:57:00,U001149,포인트결제,식음료,22407.0,경기,40대,성공
2024-03-16 22:10:00,U001916,체크카드,식음료,10360.0,서울,30대,성공
2024-09-24 19:18:00,U002820,신용카드,의료,28503.0,서울,20대,성공
2024-02-27 13:26:00,U002973,체크카드,식음료,5162.0,인천,30대,성공
2024/11/24 15:44,U003833,포인트결제,의료,34952.0,경북,20대,성공
2024-05-18 19:51:00,U001796,신용카드,의료,55466.0,경북,30대,성공
2024-08-06 18:49:00,U001118,포인트결제,식음료,34409.0,서울,30대,성공
2024/10/02 17:32,U000060,계좌이체,쇼핑,48994.0,서울,30대,성공
2024-12-11 10:00:00,U002679,신용카드,교육,110993.0,경기,,취소
2024-06-08 04:48:00,U000515,계좌이체,쇼핑,41960.0,충남,50대,성공
2024-05-20 19:40:00,U001734,신용카드,식음료,13818.0,세종,20대,성공
2024-01-21 08:26:00,U002799,신용카드,쇼핑,38733.0,부산,50대,성공
2024-11-29 11:01:00,U002413,계좌이체,교육,65469.0,서울,60대 이상,성공
2024-12-14 09:24:00,U001057,신용카드,식음료,31518.0,경기,20대,성공
2024-10-09 16:36:00,U000010,계좌이체,여행,94972.0,서울,60대 이상,성공
2024-03-05 01:33:00,U002841,계좌이체,공과금,73413.0,울산,10대,성공
2024-06-29 19:28:00,U002467,신용카드,문화/여가,15954.0,경남,50대,성공
2024/11/10 10:32,U000909,신용카드,식음료,14427.0,경기,30대,성공
2024/10/26 09:49,U000007,신용카드,공과금,63740.0,경북,60대 이상,성공
2024/01/12 11:28,U003340,,식음료,5945.0,전북,30대,성공
2024-07-22 00:26:00,U001916,체크카드,식음료,14795.0,경남,40대,성공
2024-10-28 21:12:00,U002680,신용카드,쇼핑,9687.0,서울,20대,성공
2024-03-17 18:30:00,U002451,신용카드,교육,147827.0,서울,20대,성공
2024-12-23 08:11:00,U000758,신용카드,식음료,17186.0,경기,50대,성공
2024-08-01 09:33:00,U000920,휴대폰결제,식음료,13825.0,충북,30대,성공
2024-09-11 17:21:00,U000071,신용카드,기타,45906.0,대구,20대,성공
2024/05/17 12:28,U002146,휴대폰결제,기타,12836.0,경남,40대,성공
2024-12-16 11:55:00,U001890,휴대폰결제,교통,2464.0,경기,10대,성공
2024-12-11 11:42:00,U003614,휴대폰결제,공과금,47768.0,경기,50대,성공
2024-11-06 20:34:00,U003871,신용카드,교통,1842.0,서울,10대,성공
2024-02-15 12:22:00,U000914,신용카드,기타,52167.0,부산,60대 이상,성공
2024-08-04 05:45:00,U000719,신용카드,공과금,43851.0,경기,40대,성공
2024-04-15 15:38:00,U003174,신용카드,식음료,1274.0,경기,40대,성공
2024-01-22 10:21:00,U000931,체크카드,쇼핑,34442.0,경기,30대,성공
2024-11-21 22:41:00,U003029,신용카드,공과금,102398.0,인천,30대,실패
2024/03/23 13:01,U003104,포인트결제,교육,174490.0,충남,50대,성공
2024-08-19 08:39:00,U001554,계좌이체,식음료,5693.0,충남,30대,성공
2024-07-23 12:47:00,U003805, 신용카드 ,공과금,120421.0,서울,,실패
2024-01-17 10:11:00,U002144,포인트결제,교육,14411.0,서울,30대,성공
2024-09-29 15:25:00,U002678,계좌이체,기타,39935.0,대전,40대,성공
2024/01/14 15:41,U002725,계좌이체,의료,39862.0,경기,20대,성공
2024/12/02 17:31,U003819,,쇼핑,10911.0,경기,30대,성공
2024/07/21 20:24,U000173,체크카드,쇼핑,84701.0,경북,,성공
2024-02-06 11:20:00,U002438,신용카드,교통,1678.0,서울,30대,성공
2024-05-24 17:06:00,U003499,계좌이체,교통,5915.0,경기,30대,성공
2024-03-30 06:44:00,U002021,체크카드,쇼핑,89841.0,서울,30대,성공
2024-12-16 15:34:00,U003672,휴대폰결제,쇼핑,15576.0,인천,20대,성공
2024-07-03 16:46:00,U003763,계좌이체,교통,500.0,경기,10대,성공
2024-08-08 14:03:00,U000018,계좌이체,쇼핑,60222.0,대구,30대,성공
2024-10-20 12:01:00,U000146,포인트결제,문화/여가,16231.0,경기,20대,성공
2024-03-21 19:37:00,U001383,포인트결제,교통,8115.0,경남,50대,실패
2024-06-25 18:57:00,U000968,신용카드,식음료,10387.0,광주,30대,성공
2024/05/23 20:36,U001765,신용카드,공과금,79127.0,경기,,성공
2024/10/19 15:27,U003723,신용카드,교통,10709.0,서울,10대,성공
2024-09-04 14:43:00,U001556,휴대폰결제,쇼핑,,경북,20대,성공
2024-04-25 11:49:00,U000974,체크카드,식음료,18797.0,부산,30대,성공
2024-03-04 15:26:00,U003162,체크카드,식음료,4730.0,경기,20대,성공
2024/10/20 19:08,U001314,신용카드,식음료,7425.0,서울,50대,성공
2024-07-19 15:53:00,U003534,체크카드,공과금,76527.0,서울,10대,성공
2024-08-07 18:57:00,U001554,체크카드,공과금,97750.0,제주,30대,성공
2024-10-05 13:09:00,U002658,계좌이체,쇼핑,31740.0,경기,30대,성공
2024-09-25 09:22:00,U002856,신용카드,문화/여가,15472.0,광주,20대,실패
2024-10-18 20:56:00,U001499,신용카드,기타,10626.0,서울,40대,성공
2024-01-09 20:13:00,U000006,신용카드,문화/여가,17607.0,충북,60대 이상,성공
2024-09-23 14:06:00,U000607,체크카드,문화/여가,29041.0,서울,60대 이상,성공
2024/06/17 20:17,U001450,체크카드,기타,20941.0,서울,60대 이상,성공
2024-04-04 13:26:00,U001860,신용카드,쇼핑,17928.0,서울,30대,실패
2024/09/19 20:12,U001634,신용카드,공과금,28129.0,경기,20대,성공
2024-12-26 09:43:00,U000006,체크카드,식음료,20620.0,서울,,성공
2024-01-10 11:50:00,U000230,체크카드,교통,1555.0,경기,10대,성공
2024-01-24 22:34:00,U002528,휴대폰결제,쇼핑,85144.0,강원,30대,성공
2024-05-25 19:45:00,U000481,계좌이체,교통,1264.0,경남,20대,성공
2024-05-25 14:48:00,U001179,신용카드,교통,2250.0,경기,60대 이상,성공
2024/05/10 22:30,U000475,체크카드,식음료,22662.0,부산,,성공
2024-04-11 14:46:00,U002866,신용카드,교육,129849.0,서울,10대,성공
2024-08-09 20:18:00,U003639,포인트결제,기타,17106.0,경기,30대,성공
2024-02-22 10:25:00,U002278,신용카드,공과금,67301.0,경기,20대,성공
2024/10/06 18:01,U001670,신용카드,문화/여가,9424.0,서울,50대,성공
2024-06-19 09:03:00,U001801,신용카드,식음료,12502.0,서울,30대,성공
2024-05-16 18:31:00,U003240,신용카드,식음료,19148.0,,40대,성공
2024-11-25 12:24:00,U002287,신용카드,쇼핑,11045.0,충북,,성공
2024-11-25 22:18:00,U002756,계좌이체,식음료,13556.0,서울,20대,성공
2024-07-07 17:03:00,U002297,신용카드,식음료,23932.0,경기,30대,성공
2024-06-15 15:28:00,U001176,계좌이체,교통,2721.0,경기,40대,성공
2024-07-18 06:29:00,U000147,신용카드,교통,2239.0,충남,40대,성공
2024-12-26 20:47:00,U003984,계좌이체,쇼핑,109055.0,경기,30대,성공
2024-10-07 18:54:00,U001708,신용카드,공과금,107753.0,경기,20대,성공
2024-04-17 16:53:00,U000440,체크카드,문화/여가,23393.0,경기,30대,성공
2024-02-03 06:14:00,U000077,체크카드,식음료,5289.0,서울,40대,성공
2024-04-19 09:08:00,U000986,신용카드,교통,6012.0,인천,50대,성공
2024/03/09 19:03,U002454,체크카드,기타,14171.0,전남,60대 이상,성공
2024-10-09 18:40:00,U002904,계좌이체,교통,6792.0,충남,30대,성공
2024-02-14 13:40:00,U002555,체크카드,문화/여가,9616.0,대전,30대,성공
2024-11-30 11:42:00,U003458,신용카드,교육,142827.0,광주,50대,취소
2024-03-09 17:42:00,U001293,신용카드,교육,37114.0,대전,40대,성공
2024-11-29 22:28:00,U001556,신용카드,식음료,25677.0,울산,30대,성공
2024-12-23 21:35:00,U001552,신용카드,교육,89928.0,경기,30대,실패
2024-05-10 22:56:00,U000846,포인트결제,기타,16473.0,부산,40대,성공
2024-05-29 08:09:00,U001798,신용카드,기타,42781.0,경기,40대,성공
2024/02/18 17:13,U003957,신용카드,여행,350848.0,부산,50대,성공
2024-03-19 18:36:00,U000495,체크카드,식음료,13129.0,충남,20대,실패
2024-11-23 22:03:00,U001992,신용카드,교육,60341.0,서울,30대,성공
2024-10-01 20:42:00,U002009,체크카드,식음료,11716.0,경기,20대,성공
2024-12-04 15:39:00,U001461,체크카드,식음료,14735.0,경기,40대,성공
2024/11/12 19:49,U001214,신용카드,교통,1726.0,서울,,성공
2024-02-28 09:59:00,U003585,체크카드,식음료,13346.0,전북,30대,실패
2024-12-22 18:28:00,U002054,계좌이체,교통,932.0,,30대,성공
2024-12-05 09:49:00,U003223,포인트결제,교육,114744.0,서울,,성공
2024-12-11 12:49:00,U003656,체크카드,교통,1537.0,경북,30대,성공
2024-03-19 06:42:00,U003307,체크카드,식음료,15037.0,대구,40대,성공
2024-09-22 14:03:00,U003536,신용카드,쇼핑,55088.0,서울,30대,성공
2024-01-21 12:31:00,U000058,휴대폰결제,식음료,10669.0,대전,60대 이상,성공
2024-03-11 21:37:00,U003032,체크카드,식음료,17795.0,광주,30대,성공
2024-04-07 10:02:00,U002988,계좌이체,식음료,9876.0,광주,20대,성공
2024-04-26 16:51:00,U003425,체크카드,의료,10560.0,서울,40대,성공
2024-06-18 15:39:00,U002116,신용카드,쇼핑,35465.0,경기,40대,성공
2024-01-01 10:27:00,U000540,체크카드,쇼핑,42566.0,부산,40대,성공
2024-01-05 18:54:00,U001188,계좌이체,식음료,36973.0,서울,40대,성공
2024-05-23 13:54:00,U000895,체크카드,교통,,충남,30대,성공
2024-09-18 23:02:00,U001248,신용카드,공과금,53223.0,경기,20대,성공
2024-02-06 18:09:00,U000147,체크카드,교육,50480.0,경남,10대,성공
2024-06-06 03:08:00,U000992,체크카드,쇼핑,155725.0,서울,30대,성공
2024-05-22 03:34:00,U000424,휴대폰결제,식음료,10273.0,부산,30대,성공
2024/01/12 10:29,U002973,휴대폰결제,기타,11219.0,서울,30대,성공
2024-01-29 14:10:00,U001026,계좌이체,쇼핑,39851.0,대전,20대,실패
2024-07-18 19:25:00,U001092,포인트결제,쇼핑,30649.0,서울,30대,성공
2024-01-24 15:08:00,U002882,체크카드,교통,2216.0,경기,30대,성공
2024-11-01 14:10:00,U003042,신용카드,기타,21134.0,경북,30대,성공
2024/03/10 04:21,U003160,체크카드,공과금,52305.0,경북,20대,성공
2024-05-15 09:05:00,U002125,계좌이체,식음료,5194.0,서울,20대,성공
2024-08-19 08:54:00,U002633,포인트결제,교육,57477.0,서울,60대 이상,성공
2024-06-22 03:11:00,U000876,체크카드,기타,4466.0,서울,60대 이상,성공
2024-10-16 17:18:00,U001685,체크카드,쇼핑,23033.0,대구,20대,성공
2024-05-01 19:31:00,U001054,휴대폰결제,교통,2391.0,서울,30대,성공
2024-06-25 11:36:00,U002387,포인트결제,여행,157431.0,대구,30대,성공
2024-06-26 13:44:00,U000118,체크카드,공과금,46408.0,인천,20대,성공
2024-09-28 20:02:00,U000740,신용카드,교통,4298.0,경기,30대,성공
2024-06-14 23:22:00,U000238,계좌이체,식음료,6820.0,대구,10대,성공
2024-10-21 15:49:00,U003320,포인트결제,식음료,6547.0,강원,40대,성공
2024-06-14 18:18:00,U002106,,교통,6031.0,서울,20대,성공
2024-12-15 17:49:00,U002233,계좌이체,교육,240162.0,충남,20대,성공
2024-10-15 21:29:00,U001979,신용카드,문화/여가,40227.0,서울,20대,성공
2024-06-22 18:09:00,U003148,,의료,63731.0,전북,50대,성공
2024-12-30 16:57:00,U000974,체크카드,식음료,45523.0,부산,40대,성공
2024-02-09 19:34:00,U003727, 신용카드 ,의료,38332.0,경기,60대 이상,성공
2024-04-25 18:36:00,U002824,신용카드,교육,71812.0,인천,20대,성공
2024-11-01 17:39:00,U003144,체크카드,기타,7561.0,서울,40대,성공
2024-02-16 20:53:00,U001740,신용카드,식음료,11826.0,전북,10대,성공
2024-06-20 20:15:00,U003386,체크카드,의료,31241.0,서울,40대,취소
2024-10-16 11:41:00,U001281,신용카드,쇼핑,47436.0,서울,60대 이상,성공
2024-03-28 19:32:00,U002858,계좌이체,의료,15877.0,서울,20대,취소
2024-08-12 02:41:00,U001049,신용카드,쇼핑,67678.0,서울,30대,성공
2024-07-13 13:38:00,U001803,포인트결제,공과금,90658.0,경기,30대,성공
2024-04-26 22:48:00,U000227,휴대폰결제,기타,1649.0,부산,20대,성공
2024-02-15 18:54:00,U001900,체크카드,교통,4824.0,서울,20대,성공
2024-07-11 19:41:00,U002995,신용카드,쇼핑,84623.0,경기,30대,성공
2024-02-07 10:24:00,U002622,신용카드,쇼핑,30662.0,서울,30대,성공
2024-04-10 22:45:00,U001104,체크카드,문화/여가,4479.0,충남,,성공
2024-04-05 11:23:00,U000088,신용카드,여행,128411.0,서울,30대,성공
2024-05-11 10:34:00,U001489,계좌이체,쇼핑,45719.0,강원,50대,성공
2024-01-21 12:31:00,U003155,계좌이체,의료,100573.0,경기,30대,성공
2024/09/30 19:54,U001809,포인트결제,문화/여가,39125.0,서울,40대,성공
2024-12-14 10:12:00,U003153,신용카드,의료,78648.0,경기,30대,성공
2024/05/07 20:24,U002257,체크카드,기타,5612.0,,40대,성공
2024-07-27 05:36:00,U000035,신용카드,식음료,6903.0,서울,20대,성공
2024/02/08 14:54,U002438,신용카드,식음료,2472.0,경기,50대,성공
2024/04/18 18:01,U002780,신용카드,교육,11236.0,경기,20대,성공
2024-09-02 18:38:00,U002080,체크카드,식음료,31495.0,전북,20대,성공
2024-02-04 10:31:00,U003144, 신용카드 ,기타,16983.0,대전,40대,성공
2024-08-11 17:33:00,U003177,계좌이체,문화/여가,12012.0,서울,20대,성공
2024-02-24 16:31:00,U003314,체크카드,교육,208305.0,부산,30대,성공
2024-10-11 09:33:00,U000449,신용카드,문화/여가,15563.0,서울,30대,성공
2024-02-14 06:49:00,U002784,신용카드,여행,161079.0,서울,30대,성공
2024-08-23 09:29:00,U000007,휴대폰결제,교육,206161.0,부산,,성공
2024-10-20 13:49:00,U001260, 신용카드 ,식음료,8250.0,서울,60대 이상,성공
2024-04-18 17:11:00,U002811,휴대폰결제,식음료,30276.0,서울,60대 이상,성공
2024-06-29 10:30:00,U000904,휴대폰결제,식음료,16790.0,대전,50대,성공
2024-11-07 16:17:00,U002673,신용카드,식음료,19382.0,부산,20대,성공
2024-03-30 10:00:00,U000118,계좌이체,식음료,,,20대,성공
2024-12-20 19:06:00,U002081,체크카드,기타,16690.0,,20대,성공
2024-12-19 13:01:00,U003546,체크카드,의료,21107.0,대전,20대,성공
2024-10-15 19:43:00,U003775,체크카드,식음료,1430.0,서울,30대,성공
2024-01-12 13:02:00,U000232,신용카드,기타,24693.0,경기,40대,성공
2024-12-22 13:53:00,U002636,신용카드,공과금,143018.0,서울,40대,성공
2024-08-18 10:02:00,U002106,계좌이체,의료,45178.0,경기,40대,성공
2024-08-09 18:27:00,U003901,체크카드,공과금,232292.0,대전,30대,성공
2024-12-14 16:44:00,U001100,계좌이체,식음료,11251.0,서울,40대,성공
2024-08-06 18:49:00,U002216,체크카드,문화/여가,25876.0,서울,40대,성공
2024-07-25 19:30:00,U000265,,여행,230489.0,충남,50대,실패
2024/02/29 17:45,U000533,신용카드,문화/여가,25818.0,부산,50대,성공
2024-12-24 12:42:00,U003062,신용카드,쇼핑,45296.0,대구,60대 이상,성공
2024-05-16 17:50:00,U000806,체크카드,쇼핑,9998.0,서울,60대 이상,성공
2024-01-16 08:40:00,U002445,휴대폰결제,쇼핑,73966.0,서울,40대,성공
2024-03-05 13:22:00,U000709,체크카드,식음료,49084.0,부산,10대,성공
2024/11/15 16:09,U001404,체크카드,여행,429050.0,충남,50대,성공
2024/08/07 18:39,U001641,체크카드,교통,500.0,경기,40대,실패
2024/07/28 04:01,U003159,체크카드,식음료,14044.0,경남,20대,성공
2024-10-31 14:16:00,U003971,신용카드,문화/여가,,전남,60대 이상,성공
2024-01-13 10:16:00,U000610,신용카드,식음료,25881.0,서울,30대,성공
2024-01-01 14:42:00,U003399,신용카드,식음료,17635.0,경기,20대,성공
2024-09-11 22:05:00,U001855,신용카드,의료,16320.0,경기,40대,성공
2024-02-03 11:03:00,U000611,포인트결제,식음료,21414.0,광주,,성공
2024-11-01 21:16:00,U001790,체크카드,쇼핑,41984.0,경북,30대,성공
2024-07-30 12:52:00,U001134,계좌이체,교통,5040.0,서울,30대,성공
2024-07-14 22:06:00,U003188,,공과금,101569.0,경남,60대 이상,성공
2024-12-19 11:58:00,U001346,계좌이체,기타,20324.0,대전,30대,성공
2024-04-28 14:12:00,U000827, 신용카드 ,교통,6113.0,부산,40대,성공
2024-12-08 08:17:00,U000632,체크카드,문화/여가,23932.0,충북,20대,성공
2024-10-18 21:47:00,U000947,신용카드,공과금,57308.0,경남,60대 이상,성공
2024-11-18 17:46:00,U002708,체크카드,공과금,96697.0,제주,20대,성공
2024/02/19 17:34,U002810,신용카드,기타,37326.0,,30대,성공
2024-07-06 09:28:00,U003782,신용카드,기타,7551.0,경남,40대,성공
2024-05-21 02:19:00,U003191,포인트결제,식음료,32346.0,서울,,성공
2024-12-23 18:41:00,U003415,신용카드,쇼핑,78694.0,경남,30대,성공
2024-05-23 11:52:00,U000763, 신용카드 ,쇼핑,85204.0,경기,50대,성공
2024-11-24 08:34:00,U001472,포인트결제,공과금,238044.0,대구,50대,성공
2024/09/17 20:47,U003827,계좌이체,쇼핑,56361.0,대구,50대,성공
2024-12-21 18:45:00,U001262,체크카드,식음료,23899.0,서울,60대 이상,성공
2024-05-03 08:33:00,U002538,체크카드,의료,122387.0,,30대,성공
2024-08-03 09:36:00,U001893,체크카드,문화/여가,18205.0,부산,50대,성공
2024-05-09 19:01:00,U003932,체크카드,의료,72273.0,서울,20대,성공
2024-04-20 08:30:00,U003082,신용카드,쇼핑,43264.0,경남,30대,성공
2024-11-15 15:53:00,U003109,체크카드,식음료,9702.0,전남,20대,성공
2024-12-20 16:44:00,U000916,신용카드,문화/여가,25452.0,인천,20대,성공
2024-07-26 18:09:00,U001384,신용카드,공과금,108535.0,대구,60대 이상,성공
2024-12-18 19:51:00,U000097,체크카드,문화/여가,91241.0,경남,30대,성공
2024-05-20 15:49:00,U000589,계좌이체,식음료,9056.0,경기,20대,성공
2024-09-21 19:50:00,U000111,체크카드,공과금,,,20대,실패
2024-11-01 17:21:00,U001488,신용카드,의료,30911.0,대구,20대,성공
2024/04/18 10:49,U000816,체크카드,식음료,27890.0,부산,20대,성공
2024-06-13 15:59:00,U001559,신용카드,공과금,73344.0,부산,40대,성공
2024/12/07 11:13,U002097,계좌이체,식음료,17666.0,서울,20대,성공
2024-12-17 22:59:00,U001730,신용카드,기타,,,20대,성공
2024-06-17 15:14:00,U000801,신용카드,의료,87849.0,서울,20대,성공
2024/01/11 12:18,U002022,계좌이체,공과금,53822.0,경기,50대,성공
2024-10-11 12:34:00,U000668,신용카드,식음료,40203.0,서울,30대,실패
2024-01-23 12:50:00,U000227,신용카드,식음료,6734.0,제주,30대,성공
2024/07/21 21:25,U003590,체크카드,식음료,6993.0,충북,50대,성공
2024/07/24 16:31,U000227,포인트결제,식음료,14810.0,인천,50대,성공
2024-12-25 22:52:00,U003075,체크카드,식음료,11246.0,서울,30대,성공
2024-08-13 08:32:00,U002893,체크카드,식음료,14247.0,경남,40대,성공
2024-12-26 22:57:00,U001405,,여행,228464.0,서울,10대,성공
2024-04-11 11:38:00,U000979,체크카드,쇼핑,66032.0,경기,30대,성공
2024-10-10 19:45:00,U000022,계좌이체,여행,115770.0,전북,60대 이상,성공
2024-02-11 09:50:00,U000804,체크카드,교통,2298.0,경북,30대,성공
2024-07-14 14:03:00,U002506,체크카드,교통,3821.0,대구,50대,성공
2024-01-17 11:12:00,U002210,신용카드,의료,38801.0,서울,40대,성공
2024-04-21 15:05:00,U003486,휴대폰결제,의료,5863.0,울산,30대,성공
2024-08-25 19:26:00,U000162,신용카드,쇼핑,23363.0,대구,20대,성공
2024-05-19 16:38:00,U000846,계좌이체,기타,13341.0,서울,30대,성공
2024-02-21 19:44:00,U001908,신용카드,문화/여가,,충북,60대 이상,성공
2024-01-11 21:36:00,U003143,체크카드,여행,161324.0,충남,20대,성공
2024-08-26 09:42:00,U003303,,쇼핑,27958.0,경북,,성공
2024/01/16 12:38,U002894,계좌이체,교통,3476.0,서울,40대,성공
2024-11-27 13:35:00,U000573,체크카드,문화/여가,26597.0,제주,40대,성공
2024-04-06 07:08:00,U003719,체크카드,식음료,36119.0,인천,20대,성공
2024-05-18 14:19:00,U003737,신용카드,식음료,39897.0,서울,40대,성공
2024-07-21 11:20:00,U001957,계좌이체,교통,2955.0,서울,20대,성공
2024-07-27 00:08:00,U001873,포인트결제,식음료,,서울,40대,성공
2024-12-17 00:07:00,U003367,계좌이체,문화/여가,15307.0,대전,40대,성공
2024-11-06 15:29:00,U003930,신용카드,교육,138494.0,광주,50대,성공
2024-01-28 17:40:00,U003831,신용카드,교통,6361.0,대구,20대,성공
2024-09-06 20:58:00,U002683,휴대폰결제,의료,12902.0,경기,30대,성공
2024-01-14 15:40:00,U003902,신용카드,쇼핑,24569.0,울산,30대,성공
2024-06-27 15:52:00,U002707,체크카드,식음료,8147.0,경기,20대,성공
2024-10-05 08:56:00,U002393,신용카드,식음료,29675.0,서울,40대,성공
2024-11-21 20:01:00,U000958,신용카드,쇼핑,11599.0,충남,60대 이상,성공
2024-09-23 11:26:00,U002724,계좌이체,식음료,12823.0,서울,50대,성공
2024-06-21 19:58:00,U003736,포인트결제,쇼핑,45357.0,대구,40대,성공
2024-02-16 20:10:00,U002067,체크카드,공과금,114622.0,세종,20대,성공
2024-07-04 12:47:00,U003087,계좌이체,식음료,14994.0,충북,50대,성공
2024/06/14 04:04,U003411,체크카드,교육,84128.0,부산,20대,성공
2024-03-18 19:45:00,U000354,신용카드,교통,2529.0,광주,50대,성공
2024-10-15 09:09:00,U002464,체크카드,교육,39961.0,서울,30대,성공
2024-02-15 08:18:00,U001516,계좌이체,교육,94255.0,대구,40대,실패
2024-06-04 11:57:00,U002129,신용카드,쇼핑,63470.0,서울,20대,성공
2024-10-25 09:03:00,U000997,계좌이체,교육,177760.0,서울,50대,성공
2024-02-07 18:50:00,U001665,신용카드,공과금,99862.0,경북,40대,성공
2024-01-04 20:02:00,U002395,신용카드,쇼핑,68562.0,전북,50대,성공
2024-10-27 15:31:00,U003110,신용카드,교통,12219.0,서울,30대,성공
2024-11-12 06:10:00,U000107,신용카드,교육,61444.0,인천,30대,성공
2024-03-11 14:58:00,U001178,휴대폰결제,식음료,9347.0,경북,20대,성공
2024-11-26 22:39:00,U003537,계좌이체,식음료,22654.0,서울,30대,성공
2024/07/25 19:00,U003970,체크카드,교통,2592.0,세종,30대,성공
2024-03-14 19:04:00,U003860,신용카드,여행,188326.0,경기,20대,성공
2024/12/11 19:17,U002943,체크카드,식음료,6883.0,서울,60대 이상,성공
2024-02-23 12:13:00,U003509,신용카드,문화/여가,26236.0,충남,40대,성공
2024-12-12 20:17:00,U002914,체크카드,문화/여가,65292.0,서울,20대,성공
2024-01-08 17:30:00,U002155,신용카드,쇼핑,88150.0,울산,30대,성공
2024-12-19 10:37:00,U000756,계좌이체,문화/여가,37210.0,경기,30대,성공
2024-03-18 07:41:00,U002037,신용카드,쇼핑,30230.0,서울,40대,성공
2024-09-28 10:03:00,U000926,신용카드,쇼핑,74089.0,울산,10대,성공
2024-11-04 11:38:00,U001697,계좌이체,식음료,15237.0,광주,10대,성공
2024-10-30 13:56:00,U000559,신용카드,기타,8704.0,인천,50대,성공
2024-02-17 18:06:00,U001264,체크카드,교육,81308.0,서울,40대,성공
2024-07-30 19:11:00,U002148,신용카드,기타,24348.0,부산,30대,성공
2024-08-17 10:02:00,U000381,,식음료,14862.0,,30대,성공
2024-08-05 19:44:00,U000687,계좌이체,문화/여가,20428.0,서울,40대,성공
2024-07-06 14:19:00,U003465,체크카드,교육,151584.0,제주,60대 이상,성공
2024-12-17 21:52:00,U003823, 신용카드 ,문화/여가,34645.0,전북,30대,성공
2024-07-13 18:57:00,U002491,신용카드,의료,50712.0,,20대,성공
2024/01/23 12:19,U002948,신용카드,교통,1591.0,서울,30대,성공
2024/02/05 18:26,U000484,체크카드,여행,104754.0,서울,20대,성공
2024/06/24 18:53,U001658,체크카드,문화/여가,55422.0,경기,50대,성공
2024-06-10 14:35:00,U001891,체크카드,교통,8016.0,서울,30대,성공
2024-05-21 15:46:00,U001936,체크카드,교육,41001.0,서울,30대,성공
2024-07-09 15:51:00,U003437,신용카드,쇼핑,67396.0,경기,20대,성공
2024-08-15 18:25:00,U001644,신용카드,여행,134914.0,서울,40대,성공
2024-07-05 16:05:00,U002764,계좌이체,쇼핑,118716.0,대전,30대,성공
2024-09-13 23:23:00,U003324,신용카드,쇼핑,40984.0,제주,20대,성공
2024-10-25 19:41:00,U002423,포인트결제,의료,23206.0,서울,60대 이상,성공
2024-03-10 01:22:00,U002846,체크카드,쇼핑,26846.0,서울,50대,성공
2024-12-20 12:57:00,U003448,신용카드,식음료,16880.0,인천,50대,성공
2024-09-11 23:57:00,U000719,계좌이체,교통,2718.0,서울,20대,성공
2024-04-29 03:11:00,U001759,포인트결제,문화/여가,21012.0,경기,,성공
2024-05-20 06:33:00,U003202,휴대폰결제,교통,871.0,부산,40대,취소
2024-03-27 11:17:00,U001466,신용카드,공과금,92784.0,경기,30대,성공
2024-12-13 17:26:00,U002640,체크카드,식음료,16656.0,경기,30대,성공
2024-10-02 04:20:00,U003610,휴대폰결제,쇼핑,34330.0,전남,40대,성공
2024-11-27 18:15:00,U000784,체크카드,교통,4343.0,광주,40대,성공
2024-02-19 11:10:00,U003388,계좌이체,의료,64864.0,인천,30대,성공
2024-01-06 15:33:00,U002510,계좌이체,문화/여가,73156.0,인천,50대,성공
2024/09/30 13:21,U000044, 신용카드 ,교육,70049.0,경기,30대,성공
2024/08/02 10:27,U002307,포인트결제,기타,38530.0,대구,20대,성공
2024-03-12 12:10:00,U000626,,공과금,68823.0,서울,,성공
2024-05-13 16:31:00,U003869,휴대폰결제,식음료,37099.0,인천,40대,성공
2024-05-20 21:28:00,U003667,휴대폰결제,식음료,7062.0,서울,30대,성공
2024-01-02 19:05:00,U003681,신용카드,의료,33296.0,광주,30대,성공
2024/02/22 16:24,U001161,휴대폰결제,교육,119557.0,충북,20대,성공
2024-11-28 21:56:00,U001545,계좌이체,식음료,19487.0,광주,60대 이상,성공
2024-02-25 23:18:00,U001713,계좌이체,식음료,28693.0,경북,,성공
2024-02-01 15:15:00,U003378,계좌이체,의료,70836.0,충남,40대,성공
2024-04-01 10:02:00,U003520,포인트결제,여행,290856.0,대전,40대,성공
2024-04-17 18:55:00,U001616,계좌이체,쇼핑,17183.0,대구,40대,성공
2024-01-13 21:28:00,U003136,계좌이체,쇼핑,60865.0,경기,30대,성공
2024-08-19 15:07:00,U001569,신용카드,쇼핑,142432.0,경기,10대,성공
2024/08/27 10:25,U003113,신용카드,공과금,160742.0,경기,20대,성공
2024-10-25 17:36:00,U002973,,문화/여가,47357.0,경기,40대,성공
2024/05/29 21:00,U000065,신용카드,교육,51973.0,인천,30대,성공
2024-11-07 22:26:00,U000384,휴대폰결제,교육,123530.0,서울,50대,성공
2024-05-18 05:55:00,U001429,휴대폰결제,문화/여가,85901.0,서울,30대,성공
2024-06-14 01:45:00,U002310,계좌이체,교통,3478.0,서울,30대,성공
2024-10-07 10:24:00,U000131,체크카드,식음료,25393.0,강원,,성공
2024-07-11 22:00:00,U003070,체크카드,의료,6408.0,제주,20대,성공
2024-03-09 21:12:00,U003991,신용카드,쇼핑,74365.0,전북,40대,성공
2024-12-11 22:33:00,U000206,신용카드,식음료,17079.0,경남,40대,성공
2024-06-25 22:29:00,U000102,포인트결제,문화/여가,38616.0,세종,20대,성공
2024-06-09 12:49:00,U002704,신용카드,식음료,18383.0,대구,30대,성공
2024-04-19 18:44:00,U001166,신용카드,문화/여가,31901.0,경북,30대,성공
2024-03-15 10:23:00,U000921,체크카드,교육,273373.0,서울,30대,성공
2024-01-21 08:11:00,U000758,휴대폰결제,교통,3063.0,경기,30대,성공
2024-07-31 10:39:00,U003899,체크카드,식음료,25430.0,전북,40대,성공
2024-01-24 03:04:00,U000220,신용카드,기타,18318.0,서울,50대,성공
2024-01-23 19:32:00,U003982,신용카드,쇼핑,32192.0,인천,30대,성공
2024-08-20 10:28:00,U001851,포인트결제,식음료,10397.0,경기,20대,성공
2024/06/13 06:57,U003177,신용카드,식음료,29552.0,충남,,성공
2024/07/22 12:51,U000828,포인트결제,의료,74393.0,경기,50대,성공
2024-04-22 12:55:00,U001424, 신용카드 ,의료,16334.0,경북,20대,성공
2024-08-07 15:40:00,U001280,계좌이체,기타,6566.0,경기,30대,취소
2024-12-01 13:27:00,U003664,신용카드,문화/여가,23249.0,서울,40대,성공
2024-05-17 20:26:00,U000493,계좌이체,쇼핑,77975.0,서울,40대,실패
2024-12-26 21:34:00,U003598,체크카드,문화/여가,14118.0,경기,20대,성공
2024-03-22 11:34:00,U001629,체크카드,쇼핑,24253.0,서울,20대,성공
2024/07/23 07:49,U003963,체크카드,교통,2288.0,서울,30대,실패
2024-10-11 12:29:00,U003128,체크카드,쇼핑,12425.0,인천,30대,성공
2024-04-20 09:01:00,U003184,신용카드,문화/여가,27513.0,경기,30대,성공
2024-10-30 19:36:00,U001491,휴대폰결제,공과금,61338.0,인천,40대,성공
2024-06-23 20:36:00,U000304,포인트결제,의료,13796.0,경남,20대,성공
2024-10-13 19:22:00,U000641,신용카드,식음료,19119.0,서울,20대,실패
2024-08-11 21:01:00,U000216,체크카드,문화/여가,52485.0,서울,40대,성공
2024-01-25 11:54:00,U003319,신용카드,기타,6478.0,서울,10대,성공
2024-12-22 03:32:00,U000747,신용카드,쇼핑,116432.0,경기,30대,성공
2024-01-14 12:59:00,U003722,체크카드,공과금,34469.0,경기,60대 이상,성공
2024-08-22 12:58:00,U002742,체크카드,쇼핑,45564.0,서울,40대,성공
2024-10-05 11:31:00,U000042,체크카드,쇼핑,66650.0,제주,50대,성공
2024-07-17 12:12:00,U001407,휴대폰결제,쇼핑,17236.0,서울,30대,성공
2024-10-05 16:32:00,U002410,포인트결제,공과금,30208.0,경기,40대,성공
2024-11-25 18:44:00,U002937,신용카드,식음료,34620.0,부산,20대,성공
2024-10-26 00:14:00,U000777,계좌이체,문화/여가,74684.0,서울,50대,성공
2024/01/17 12:52,U000451,신용카드,공과금,41693.0,충남,10대,성공
2024-11-07 20:11:00,U003836,체크카드,문화/여가,58442.0,부산,30대,성공
2024-01-07 20:15:00,U003366,신용카드,의료,3927.0,부산,50대,성공
2024-12-01 22:07:00,U001874,신용카드,식음료,33675.0,세종,60대 이상,성공
2024-01-29 19:58:00,U001370,체크카드,공과금,85833.0,경기,30대,성공
2024-09-13 12:33:00,U003348,체크카드,쇼핑,30368.0,서울,30대,성공
2024-05-04 18:43:00,U003447,휴대폰결제,식음료,16248.0,충남,20대,성공
2024/09/16 23:13,U002716,포인트결제,의료,69252.0,서울,50대,성공
2024-03-02 21:06:00,U000459,체크카드,식음료,51824.0,경북,60대 이상,실패
2024-09-06 11:17:00,U000725, 신용카드 ,쇼핑,43081.0,부산,40대,성공
2024-07-20 19:20:00,U000975,신용카드,식음료,24997.0,인천,50대,실패
2024-12-13 17:11:00,U002254,포인트결제,쇼핑,49218.0,서울,,성공
2024-09-24 18:02:00,U001416,포인트결제,교육,199240.0,경기,20대,성공
2024-05-17 12:55:00,U001017,체크카드,문화/여가,65341.0,서울,30대,성공
2024/01/14 10:52,U002208,신용카드,공과금,45601.0,경기,30대,성공
2024-02-24 17:07:00,U002561,신용카드,교통,5154.0,울산,50대,성공
2024-05-06 11:28:00,U002025,신용카드,문화/여가,26778.0,경남,30대,성공
2024-02-23 11:54:00,U003273,체크카드,교육,96957.0,서울,10대,성공
2024/12/18 12:33,U002676,휴대폰결제,쇼핑,89168.0,서울,40대,성공
2024-01-21 01:04:00,U003248,체크카드,교통,4870.0,경기,40대,성공
2024-06-03 12:43:00,U003855,계좌이체,문화/여가,57791.0,인천,40대,실패
2024-05-08 20:41:00,U003687,신용카드,식음료,18372.0,대전,40대,성공
2024-07-10 09:02:00,U002174,계좌이체,문화/여가,,경기,60대 이상,성공
2024-02-27 17:25:00,U003614,신용카드,문화/여가,68099.0,서울,20대,성공
2024-06-25 21:51:00,U000670,신용카드,쇼핑,70310.0,대구,40대,성공
2024-03-01 14:58:00,U001276,체크카드,공과금,82196.0,충북,10대,성공
2024-10-20 13:57:00,U002724,포인트결제,식음료,9027.0,서울,50대,성공
2024-12-03 12:48:00,U000651,신용카드,문화/여가,87264.0,경남,50대,성공
2024-07-11 21:39:00,U002002,체크카드,의료,17540.0,인천,40대,성공
2024-01-14 11:08:00,U003769, 신용카드 ,쇼핑,43507.0,인천,60대 이상,성공
2024/08/30 21:38,U003056,신용카드,쇼핑,28300.0,경기,,성공
2024/06/04 20:00,U001451,신용카드,쇼핑,19689.0,인천,50대,실패
2024-10-11 20:24:00,U003672,포인트결제,쇼핑,132091.0,부산,30대,성공
2024-03-30 16:31:00,U003807,포인트결제,쇼핑,105208.0,경기,30대,취소
2024-09-11 13:17:00,U001232,계좌이체,공과금,99812.0,인천,30대,성공
2024/03/09 09:17,U002827,체크카드,기타,16421.0,광주,30대,성공
2024-11-11 12:28:00,U001739,체크카드,식음료,27390.0,경기,20대,성공
2024-01-15 06:33:00,U003763,포인트결제,쇼핑,,경기,40대,실패
2024-09-25 11:29:00,U000487,신용카드,의료,53669.0,경남,30대,성공
2024-05-21 18:28:00,U000129,포인트결제,식음료,9356.0,서울,30대,취소
2024-01-16 22:43:00,U001311,체크카드,쇼핑,81116.0,서울,20대,성공
2024-09-13 14:36:00,U002897,계좌이체,식음료,20532.0,대전,40대,성공
2024-04-13 14:30:00,U002750,신용카드,교통,4675.0,경기,60대 이상,성공
2024-07-31 11:53:00,U003307,신용카드,문화/여가,26153.0,대전,20대,성공
2024-12-14 07:52:00,U000700,신용카드,식음료,20068.0,서울,40대,실패
2024-12-02 08:49:00,U002409,계좌이체,기타,26107.0,인천,60대 이상,성공
2024/02/08 12:09,U002488,체크카드,교육,55710.0,인천,60대 이상,성공
2024-12-03 15:58:00,U003979,신용카드,교통,6567.0,경기,40대,성공
2024-01-20 20:10:00,U002948,계좌이체,여행,18898.0,부산,40대,성공
2024-05-12 20:16:00,U003800,계좌이체,쇼핑,41046.0,경남,20대,성공
2024-05-31 07:39:00,U000406,포인트결제,기타,19563.0,인천,20대,성공
2024-11-29 09:03:00,U002718,신용카드,쇼핑,37295.0,충북,30대,성공
2024/09/28 08:27,U002145,계좌이체,교통,3100.0,인천,40대,성공
2024-09-03 12:43:00,U000170,신용카드,식음료,6489.0,경기,,성공
2024-12-29 14:40:00,U000377,신용카드,식음료,28420.0,서울,40대,성공
2024-01-01 12:55:00,U003513,포인트결제,쇼핑,43506.0,서울,40대,성공
2024-12-16 14:00:00,U002472,휴대폰결제,교통,2910.0,대전,20대,성공
2024-11-22 10:34:00,U003715,신용카드,쇼핑,,경기,30대,성공
2024-09-07 02:45:00,U000517,체크카드,쇼핑,71404.0,대구,40대,성공
2024-10-10 15:02:00,U002300,계좌이체,문화/여가,19128.0,,20대,성공
2024-10-30 18:52:00,U001399,계좌이체,식음료,12055.0,충남,30대,성공
2024-08-03 14:38:00,U003577,체크카드,쇼핑,15350.0,서울,30대,성공
2024-11-07 11:23:00,U001552,포인트결제,식음료,28557.0,서울,20대,성공
2024-02-22 16:14:00,U000704,체크카드,교육,108067.0,울산,50대,성공
2024-07-30 10:56:00,U002702,체크카드,기타,18303.0,경기,20대,성공
2024/06/25 13:36,U002346,포인트결제,쇼핑,57123.0,경기,20대,성공
2024-02-28 06:20:00,U002597,신용카드,쇼핑,76346.0,서울,,실패
2024/03/25 11:51,U003973, 신용카드 ,문화/여가,24469.0,인천,40대,성공
2024-05-17 20:13:00,U000247,신용카드,의료,11412.0,,30대,성공
2024-11-13 15:01:00,U000327,신용카드,쇼핑,84005.0,서울,20대,성공
2024-04-24 21:48:00,U001104,신용카드,의료,63879.0,세종,20대,성공
2024-04-01 20:44:00,U002525,,쇼핑,4029.0,,40대,성공
2024-11-04 13:31:00,U003153,신용카드,식음료,11912.0,부산,30대,성공
2024-07-26 23:38:00,U001206,체크카드,교육,64999.0,서울,30대,성공
2024-04-02 12:58:00,U001160,계좌이체,문화/여가,49308.0,충남,40대,성공
2024-04-11 18:47:00,U003557,휴대폰결제,문화/여가,35910.0,광주,,실패
2024-09-03 14:24:00,U002636,계좌이체,쇼핑,24166.0,경기,20대,성공
2024-08-20 09:59:00,U001290,체크카드,쇼핑,80684.0,서울,20대,성공
2024-03-21 12:59:00,U000045,신용카드,공과금,63554.0,경기,10대,성공
2024-07-14 13:34:00,U001118,신용카드,쇼핑,29894.0,서울,30대,성공
2024/06/30 10:45,U002248,계좌이체,식음료,22049.0,경기,20대,성공
2024-04-18 16:54:00,U001848,신용카드,식음료,39345.0,서울,50대,성공
2024-12-26 21:30:00,U000779,신용카드,식음료,8344.0,경기,,성공
2024-12-27 11:33:00,U002358,신용카드,공과금,102887.0,서울,40대,성공
2024-12-06 13:38:00,U002951,신용카드,교육,40976.0,서울,20대,실패
2024-11-30 22:42:00,U000105,신용카드,여행,86795.0,,30대,성공
2024-08-11 08:43:00,U001411,,식음료,,서울,40대,성공
2024-06-07 20:56:00,U000440,계좌이체,교통,1329.0,서울,20대,성공
2024/09/08 11:30,U003822,신용카드,식음료,44283.0,부산,40대,성공
2024-12-13 07:31:00,U000668,신용카드,교통,4030.0,대구,10대,성공
2024-03-29 21:46:00,U003663,신용카드,식음료,27411.0,대전,30대,성공
2024/09/20 21:55,U003461,체크카드,쇼핑,97109.0,경기,40대,성공
2024-07-18 16:12:00,U003607,신용카드,의료,55032.0,강원,30대,성공
2024-10-02 12:09:00,U002421, 신용카드 ,교육,118657.0,서울,40대,성공
2024-11-07 17:38:00,U001033,신용카드,교통,5228.0,서울,40대,성공
2024-11-26 16:06:00,U003716,체크카드,교통,6221.0,경남,50대,성공
2024-06-22 12:46:00,U000246,신용카드,교육,53491.0,서울,30대,성공
2024-09-19 15:32:00,U002792,포인트결제,교통,3292.0,대구,30대,성공
2024/08/10 19:46,U002818,신용카드,쇼핑,97437.0,서울,50대,성공
2024-07-26 09:27:00,U000349,신용카드,식음료,14168.0,울산,60대 이상,성공
2024-01-10 17:13:00,U000767,체크카드,식음료,52648.0,,30대,취소
2024-10-08 18:32:00,U003382,포인트결제,식음료,21159.0,대전,,성공
2024-05-03 10:03:00,U003253,휴대폰결제,여행,149227.0,제주,40대,성공
2024-02-03 16:18:00,U001196,,교통,2403.0,경기,30대,성공
2024-09-28 17:09:00,U001302,,문화/여가,44639.0,경기,20대,성공
2024-12-30 18:36:00,U001947,포인트결제,식음료,18065.0,서울,30대,성공
2024/01/09 19:58,U000015,신용카드,식음료,33369.0,경기,20대,실패
2024-04-24 20:24:00,U000171,체크카드,쇼핑,50767.0,울산,20대,성공
2024-04-25 04:33:00,U001433,신용카드,교육,71923.0,서울,60대 이상,성공
2024-05-16 11:48:00,U003336,계좌이체,공과금,119218.0,광주,40대,성공
2024-06-29 14:51:00,U001826,체크카드,여행,249335.0,서울,20대,성공
2024-01-02 11:20:00,U002905,포인트결제,식음료,23559.0,광주,50대,성공
2024-07-23 11:04:00,U000555,체크카드,여행,47178.0,서울,10대,성공
2024-12-13 10:32:00,U003369,신용카드,쇼핑,78750.0,제주,20대,성공
2024-01-24 20:15:00,U002124,휴대폰결제,문화/여가,1039.0,대구,50대,성공
2024-10-05 19:45:00,U002193,체크카드,문화/여가,7107.0,,30대,성공
2024/12/25 20:47,U001447,신용카드,기타,16629.0,서울,30대,성공
2024-01-01 20:19:00,U003164,휴대폰결제,쇼핑,39890.0,경기,,성공
2024-05-02 11:11:00,U002403,신용카드,교통,591.0,대전,40대,성공
2024-09-05 16:33:00,U001612,휴대폰결제,의료,59129.0,서울,40대,성공
2024-05-28 22:04:00,U000305,체크카드,식음료,18290.0,세종,30대,성공
2024-07-15 16:17:00,U001830,체크카드,식음료,9030.0,제주,20대,성공
2024-01-09 01:07:00,U003449,계좌이체,쇼핑,9614.0,강원,20대,성공
2024-01-31 14:44:00,U001934,신용카드,의료,116333.0,경기,20대,성공
2024-12-12 12:37:00,U002038,체크카드,쇼핑,95146.0,인천,50대,성공
2024-07-24 19:01:00,U001200,체크카드,쇼핑,73496.0,경기,50대,성공
2024-03-05 18:20:00,U000951,체크카드,식음료,5612.0,서울,20대,성공
2024-08-25 13:14:00,U002681,신용카드,교통,2240.0,경기,40대,성공
2024-03-21 14:41:00,U002083,신용카드,교통,774.0,서울,30대,성공
2024-09-17 12:30:00,U003961, 신용카드 ,교통,,충남,40대,성공
2024-12-21 07:07:00,U002836,휴대폰결제,교육,105960.0,서울,30대,취소
2024-04-09 04:15:00,U000898,휴대폰결제,식음료,19392.0,대구,50대,성공
2024/08/05 14:11,U001532,,의료,28202.0,제주,40대,실패
2024/08/12 10:26,U000290,신용카드,문화/여가,13204.0,세종,60대 이상,성공
2024-03-13 10:44:00,U002475,체크카드,교통,1590.0,울산,20대,성공
2024-07-05 18:32:00,U001824,체크카드,식음료,2512.0,제주,,성공
2024-06-14 12:16:00,U002386,신용카드,식음료,23087.0,인천,20대,성공
2024-03-22 11:14:00,U002777,신용카드,문화/여가,17420.0,서울,50대,성공
2024-01-10 10:28:00,U002873,신용카드,여행,79982.0,전북,40대,성공
2024-07-31 22:07:00,U000905,포인트결제,교통,4564.0,부산,20대,성공
2024-11-21 19:06:00,U002077,신용카드,기타,38270.0,경기,,성공
2024-02-25 17:53:00,U002960,계좌이체,쇼핑,130681.0,울산,60대 이상,성공
2024-12-26 10:47:00,U000341,휴대폰결제,쇼핑,102718.0,서울,50대,성공
2024-03-28 21:46:00,U001258,신용카드,의료,40178.0,경기,20대,성공
2024-08-17 07:58:00,U003394,계좌이체,식음료,18954.0,경기,30대,실패
2024-01-29 00:54:00,U000341,신용카드,교육,51183.0,경기,30대,성공
2024-06-09 10:37:00,U001363,체크카드,기타,45523.0,인천,20대,성공
2024-04-25 20:01:00,U002873,체크카드,쇼핑,75754.0,대구,60대 이상,성공
2024-08-23 16:43:00,U003447,신용카드,기타,52713.0,경기,10대,성공
2024-12-05 20:34:00,U002485,체크카드,식음료,7686.0,강원,10대,성공
2024-02-05 12:34:00,U002228,계좌이체,교통,5318.0,서울,20대,성공
2024-05-24 12:42:00,U001941,체크카드,교통,6442.0,경기,30대,성공
2024-12-08 09:36:00,U003033,신용카드,쇼핑,70413.0,서울,60대 이상,성공
2024-03-25 13:15:00,U002077,계좌이체,교육,184841.0,,60대 이상,성공
2024-07-01 10:07:00,U002028, 신용카드 ,쇼핑,24461.0,서울,30대,성공
2024-09-07 17:55:00,U001611,계좌이체,기타,47086.0,서울,30대,성공
2024/10/26 17:01,U000081,계좌이체,교통,1709.0,경북,20대,성공
2024-04-08 16:52:00,U001872,포인트결제,쇼핑,76397.0,경기,30대,성공
2024-08-08 18:56:00,U001520,신용카드,의료,30759.0,경남,40대,성공
2024-06-16 19:19:00,U000188, 신용카드 ,의료,101641.0,서울,10대,성공
2024-02-25 11:06:00,U003192, 신용카드 ,의료,26004.0,경기,30대,성공
2024-02-06 08:42:00,U000004,계좌이체,기타,46461.0,경기,40대,성공
2024-06-12 09:52:00,U001811,,쇼핑,67092.0,대구,40대,성공
2024-08-14 09:44:00,U000772, 신용카드 ,기타,5772.0,서울,40대,성공
2024/10/06 00:24,U001354,체크카드,쇼핑,45613.0,경남,20대,성공
2024-04-30 19:49:00,U001661,체크카드,교통,9181.0,경기,50대,성공
2024-02-16 21:19:00,U002018,체크카드,식음료,500.0,대전,10대,성공
2024/01/23 23:12,U001775,포인트결제,기타,52116.0,경기,30대,성공
2024-06-18 12:51:00,U003645,체크카드,기타,55631.0,경기,40대,성공
2024-02-22 16:05:00,U001045,체크카드,문화/여가,46586.0,부산,50대,성공
2024/10/31 11:37,U002571,포인트결제,식음료,6595.0,,30대,성공
2024/02/10 22:52,U003207,신용카드,쇼핑,62630.0,경기,50대,성공
2024-05-31 22:35:00,U001370,신용카드,식음료,8150.0,인천,,성공
2024-07-20 17:28:00,U002140,,문화/여가,4906.0,경기,60대 이상,성공
2024-12-18 15:06:00,U001534,신용카드,의료,11572.0,경북,20대,성공
2024-12-08 06:23:00,U001165,휴대폰결제,쇼핑,22030.0,경북,40대,성공
2024-11-17 10:55:00,U003451,신용카드,교통,1567.0,경북,30대,성공
2024-04-16 10:38:00,U002695,신용카드,쇼핑,34396.0,경기,20대,성공
2024-08-03 19:34:00,U002654,휴대폰결제,식음료,3271.0,대구,,성공
2024/06/04 22:10,U002076, 신용카드 ,기타,13056.0,서울,30대,성공
2024-06-23 10:27:00,U001760,체크카드,교육,144086.0,인천,40대,성공
2024-02-01 20:24:00,U002870, 신용카드 ,문화/여가,58824.0,울산,30대,성공
2024-12-15 03:48:00,U002183,신용카드,교육,145661.0,경기,30대,성공
2024-11-28 20:03:00,U002754,휴대폰결제,식음료,9810.0,경남,20대,성공
2024-07-24 17:12:00,U001664,신용카드,식음료,6977.0,충남,30대,성공
2024/11/07 21:18,U000263,신용카드,기타,18147.0,부산,40대,성공
2024-04-02 19:00:00,U000835,신용카드,여행,442144.0,서울,40대,성공
2024-06-21 12:38:00,U001758,신용카드,문화/여가,73238.0,경기,30대,성공
2024-09-28 19:44:00,U001761,신용카드,문화/여가,18074.0,대전,40대,성공
2024-07-03 12:49:00,U001474,신용카드,교통,10492.0,경기,60대 이상,성공
2024-07-11 19:36:00,U003661,계좌이체,교육,113771.0,서울,20대,성공
2024-07-14 03:25:00,U003663,체크카드,문화/여가,9991.0,경기,40대,성공
2024-07-07 22:26:00,U002636,신용카드,교통,987.0,충남,10대,성공
2024/03/08 13:07,U001768,체크카드,식음료,8720.0,대전,50대,성공
2024-08-16 17:06:00,U002972,신용카드,공과금,114583.0,서울,,성공
2024-06-21 12:03:00,U003197,체크카드,교통,4412.0,서울,20대,성공
2024-04-27 22:28:00,U003703,,쇼핑,30712.0,서울,50대,성공
2024-01-06 07:13:00,U002427,신용카드,여행,75079.0,경남,,성공
2024-05-22 18:32:00,U000111,휴대폰결제,교육,85698.0,서울,20대,성공
2024-10-18 07:38:00,U000889,신용카드,교육,67463.0,충북,30대,성공
2024-03-22 18:03:00,U001076,신용카드,식음료,29077.0,서울,30대,성공
2024-05-23 15:40:00,U001704,계좌이체,기타,20232.0,대전,30대,성공
2024-11-13 15:33:00,U002124,신용카드,식음료,7411.0,,30대,성공
2024-08-12 12:50:00,U003832,계좌이체,공과금,192228.0,부산,,성공
2024-10-05 16:06:00,U003953,신용카드,식음료,9644.0,서울,50대,성공
2024-01-06 07:50:00,U003682,신용카드,기타,20031.0,경기,30대,성공
2024-12-09 03:05:00,U000095,신용카드,문화/여가,44960.0,서울,30대,성공
2024-03-02 05:44:00,U000396,계좌이체,쇼핑,55555.0,강원,30대,성공
2024-10-30 19:12:00,U003607,체크카드,쇼핑,63259.0,세종,30대,성공
2024-10-07 19:51:00,U000401,휴대폰결제,공과금,66788.0,경기,30대,성공
2024-06-11 14:47:00,U002023,포인트결제,교통,1283.0,경기,20대,성공
2024-03-16 00:10:00,U003088,,문화/여가,10554.0,경기,20대,실패
2024-09-30 18:29:00,U003454,계좌이체,쇼핑,53596.0,인천,40대,성공
2024-03-25 13:53:00,U003261,신용카드,쇼핑,23118.0,경기,20대,성공
2024/12/11 13:49,U000742,계좌이체,교통,9446.0,광주,30대,성공
2024-03-11 11:08:00,U001870,계좌이체,의료,26169.0,경기,20대,성공
2024-01-31 23:54:00,U002094,포인트결제,쇼핑,66785.0,경기,50대,성공
2024-07-30 12:00:00,U001214,체크카드,쇼핑,39652.0,서울,10대,성공
2024-08-16 02:37:00,U000561,계좌이체,문화/여가,47253.0,경기,20대,성공
2024-08-03 09:42:00,U001647,신용카드,식음료,,대전,60대 이상,성공
2024-03-22 02:54:00,U000868,계좌이체,문화/여가,7472.0,대구,40대,성공
2024/10/05 19:29,U001929,신용카드,교통,4225.0,서울,10대,성공
2024-11-08 14:49:00,U002775,계좌이체,교통,1594.0,경남,30대,성공
2024/12/12 07:49,U003472,체크카드,의료,33602.0,광주,60대 이상,성공
2024-02-04 14:19:00,U003050,휴대폰결제,교육,121267.0,인천,20대,성공
2024-12-28 09:22:00,U003501,포인트결제,여행,196507.0,서울,50대,성공
2024-08-14 16:32:00,U002831,휴대폰결제,쇼핑,40472.0,강원,40대,성공
2024-04-13 03:37:00,U000636,체크카드,쇼핑,44062.0,경북,20대,성공
2024-09-16 18:30:00,U000503,체크카드,공과금,38629.0,경기,,성공
2024-11-17 12:15:00,U001048,체크카드,식음료,14002.0,서울,30대,성공
2024-08-14 14:29:00,U003729,신용카드,쇼핑,31745.0,대구,30대,성공
2024-08-11 09:33:00,U000580,포인트결제,공과금,38805.0,,,성공
2024-11-03 18:04:00,U002494,신용카드,식음료,19736.0,충북,40대,성공
2024-12-09 01:32:00,U001564,신용카드,교육,38218.0,경기,40대,성공
2024-01-03 12:24:00,U000093,체크카드,문화/여가,57336.0,경기,20대,성공
2024-11-30 12:44:00,U002450,신용카드,식음료,12853.0,전북,50대,성공
2024-12-04 07:15:00,U002372,체크카드,식음료,15567.0,서울,20대,성공
2024/03/01 12:08,U002708,체크카드,공과금,33794.0,충남,40대,성공
2024-03-05 00:01:00,U000142,신용카드,문화/여가,24613.0,인천,30대,성공
2024-02-27 19:17:00,U000176,신용카드,여행,322397.0,경기,50대,취소
2024-04-27 10:19:00,U001903,신용카드,의료,80122.0,울산,30대,성공
2024-03-01 13:12:00,U002333,계좌이체,교육,37209.0,경북,50대,성공
2024-04-09 20:07:00,U003449,계좌이체,공과금,48763.0,경북,30대,성공
2024-04-25 16:57:00,U001604,계좌이체,의료,71913.0,서울,50대,실패
2024-09-14 15:35:00,U002077,체크카드,식음료,23157.0,충북,40대,성공
2024-12-18 20:07:00,U000298,체크카드,쇼핑,22932.0,부산,30대,성공
2024-07-17 11:25:00,U003675,신용카드,식음료,6549.0,충남,40대,취소
2024-12-27 12:19:00,U002795,체크카드,문화/여가,15258.0,전북,30대,성공
2024-10-11 10:04:00,U002738,신용카드,기타,49652.0,인천,20대,성공
2024-08-04 19:23:00,U003142,휴대폰결제,의료,36975.0,인천,30대,성공
2024-03-12 22:06:00,U000712,체크카드,식음료,3633.0,경북,50대,성공
2024/10/26 08:14,U003442,계좌이체,교통,3527.0,서울,30대,성공
2024-07-06 18:32:00,U001174,신용카드,문화/여가,65582.0,경기,50대,성공
2024-12-20 06:12:00,U001474,신용카드,식음료,20856.0,광주,60대 이상,성공
2024-01-04 18:10:00,U000801,체크카드,식음료,21058.0,서울,30대,성공
2024-05-08 07:37:00,U001990,체크카드,의료,16569.0,경기,40대,실패
2024-09-03 17:36:00,U000896,휴대폰결제,교통,4008.0,경기,40대,성공
2024-04-06 19:39:00,U003253,체크카드,의료,92890.0,서울,30대,성공
2024-10-08 17:46:00,U000792,체크카드,교통,641.0,충남,50대,성공
2024-07-30 16:36:00,U000621,휴대폰결제,식음료,20360.0,서울,60대 이상,취소
2024-09-13 15:14:00,U002650,신용카드,식음료,3644.0,서울,20대,성공
2024-09-26 18:07:00,U001271,포인트결제,기타,17624.0,서울,30대,성공
2024/05/23 09:44,U002922,계좌이체,쇼핑,26300.0,인천,40대,성공
2024-03-07 23:19:00,U003956,계좌이체,쇼핑,12021.0,대구,20대,성공
2024-01-23 18:03:00,U000201,신용카드,문화/여가,18591.0,경기,,성공
2024-07-03 07:40:00,U003319,체크카드,문화/여가,26091.0,충남,30대,성공
2024-07-28 09:18:00,U000558,신용카드,쇼핑,85494.0,서울,30대,성공
2024-09-29 12:30:00,U000259,체크카드,의료,3229.0,경기,20대,성공
2024-05-23 22:04:00,U003315,체크카드,공과금,85951.0,충북,30대,성공
2024-03-09 12:39:00,U000457,휴대폰결제,문화/여가,,서울,30대,취소
2024-11-20 17:31:00,U001008, 신용카드 ,교육,96766.0,인천,20대,성공
2024-12-02 06:25:00,U000448,,문화/여가,28317.0,경기,30대,성공
2024/06/09 11:10,U000548,,의료,91855.0,인천,20대,성공
2024-12-15 18:22:00,U000017,포인트결제,식음료,19927.0,서울,50대,성공
2024-10-26 21:55:00,U001290,계좌이체,쇼핑,41410.0,경남,20대,성공
2024-01-01 20:35:00,U002906,체크카드,문화/여가,13192.0,서울,20대,성공
2024-09-17 18:57:00,U003501,신용카드,공과금,169615.0,인천,,성공
2024-01-26 08:07:00,U003772,계좌이체,교통,2750.0,서울,40대,성공
2024-08-02 20:37:00,U002432,휴대폰결제,기타,15399.0,,30대,성공
2024-01-20 12:56:00,U001512,,교육,635169.0,충북,,성공
2024-07-24 07:43:00,U003504,계좌이체,공과금,51614.0,서울,40대,성공
2024-10-04 15:27:00,U002409,포인트결제,식음료,8551.0,광주,20대,성공
2024-09-10 11:14:00,U000200,신용카드,쇼핑,34413.0,경기,10대,성공
2024-01-14 15:24:00,U000338,신용카드,공과금,47586.0,경기,30대,성공
2024-12-29 13:27:00,U000661,포인트결제,식음료,11556.0,경기,30대,성공
2024-12-16 07:10:00,U002862,신용카드,쇼핑,62916.0,경기,30대,성공
2024-03-22 08:08:00,U002787,신용카드,식음료,16298.0,광주,30대,성공
2024-03-29 17:21:00,U001514,신용카드,쇼핑,61174.0,세종,40대,성공
2024-03-10 19:32:00,U001887,포인트결제,식음료,9757.0,경기,40대,성공
2024-05-25 16:12:00,U002235,신용카드,문화/여가,46886.0,경기,60대 이상,성공
2024-08-16 21:54:00,U000065,체크카드,여행,144423.0,경기,20대,성공
2024-01-14 08:07:00,U001297,신용카드,쇼핑,16117.0,전남,40대,성공
2024-05-29 22:42:00,U000009,신용카드,식음료,11120.0,서울,20대,성공
2024-01-03 18:30:00,U001806,계좌이체,식음료,31042.0,서울,20대,성공
2024-04-12 22:12:00,U003485,,쇼핑,28912.0,제주,20대,성공
2024-08-25 19:05:00,U003022,신용카드,문화/여가,8292.0,,10대,성공
2024-04-24 16:05:00,U000400,체크카드,교통,6296.0,전남,30대,성공
2024/09/20 09:59,U000434,계좌이체,쇼핑,54992.0,서울,20대,성공
2024-05-11 20:01:00,U001197,신용카드,식음료,18434.0,부산,,성공
2024-09-21 14:53:00,U000421,신용카드,기타,15568.0,대전,40대,성공
2024-05-26 16:11:00,U001074,체크카드,기타,65608.0,대구,,성공
2024-02-14 13:56:00,U002838,포인트결제,교통,982.0,광주,30대,성공
2024-03-14 02:45:00,U000306,신용카드,문화/여가,39489.0,,40대,성공
2024-07-27 09:46:00,U003693,,쇼핑,68514.0,서울,40대,성공
2024-01-28 12:03:00,U002419,신용카드,공과금,129012.0,서울,,성공
2024-01-23 18:13:00,U003482,신용카드,식음료,6987.0,서울,40대,성공
2024/06/16 12:10,U003249,,공과금,116132.0,인천,30대,성공
2024-12-16 23:12:00,U001353,체크카드,문화/여가,37470.0,부산,40대,성공
2024-04-16 10:53:00,U002504,신용카드,문화/여가,18252.0,인천,20대,성공
2024-04-01 20:00:00,U001581,신용카드,식음료,46570.0,대전,30대,성공
2024-04-16 12:13:00,U003636,신용카드,공과금,89489.0,경기,30대,성공
2024-11-24 10:21:00,U000596,신용카드,기타,2848.0,울산,30대,성공
2024-04-03 07:28:00,U001892,신용카드,교통,7057.0,울산,20대,성공
2024-06-06 12:45:00,U001132,신용카드,식음료,12910.0,충북,20대,성공
2024-06-07 12:40:00,U002318,계좌이체,공과금,4387.0,부산,40대,성공
2024-06-19 02:36:00,U000976,포인트결제,식음료,22122.0,충북,50대,성공
2024/12/20 14:03,U000937, 신용카드 ,식음료,7442.0,서울,30대,성공
2024-07-20 12:25:00,U001325,체크카드,교통,4352.0,경기,20대,성공
2024/09/29 18:39,U003337,신용카드,교육,86965.0,서울,40대,성공
2024-04-05 13:04:00,U001817,포인트결제,교육,128636.0,경기,40대,성공
2024-08-01 06:31:00,U002970,체크카드,교통,5993.0,광주,30대,성공
2024-09-06 16:26:00,U003435,계좌이체,교육,141817.0,부산,40대,성공
2024-07-09 20:28:00,U002345,계좌이체,식음료,27585.0,광주,30대,성공
2024-05-17 20:10:00,U002531,체크카드,쇼핑,73002.0,대구,20대,성공
2024-12-10 20:50:00,U000513,계좌이체,교육,28719.0,경기,30대,성공
2024-12-03 11:20:00,U000085,체크카드,식음료,11092.0,울산,10대,성공
2024-11-22 11:10:00,U001411,체크카드,의료,20358.0,대구,30대,성공
2024-08-21 13:27:00,U002783,체크카드,교육,99476.0,경기,40대,성공
2024-08-19 21:31:00,U001911,계좌이체,식음료,15694.0,부산,20대,성공
2024/02/20 23:51,U000817,포인트결제,공과금,21337.0,서울,30대,성공
2024-04-16 20:07:00,U001563,신용카드,쇼핑,8116.0,전남,,성공
2024-08-11 09:45:00,U003723,체크카드,쇼핑,14085.0,인천,50대,성공
2024-01-10 21:20:00,U003658,신용카드,공과금,47402.0,서울,60대 이상,성공
2024-07-12 10:26:00,U002383,체크카드,의료,34490.0,전북,20대,성공
2024/06/16 10:04,U001698,신용카드,식음료,36664.0,서울,20대,성공
2024-09-23 14:05:00,U002371,계좌이체,의료,9739.0,서울,30대,성공
2024-10-20 20:33:00,U000939,체크카드,교통,7769.0,서울,40대,성공
2024-08-17 13:22:00,U003131,체크카드,식음료,33988.0,경기,20대,성공
2024-11-11 07:27:00,U000067,계좌이체,식음료,8180.0,서울,10대,성공
2024-05-21 23:54:00,U000940,계좌이체,문화/여가,31470.0,경기,20대,취소
2024-01-15 16:35:00,U002432,신용카드,공과금,37571.0,경남,30대,성공
2024/03/29 06:49,U003519,신용카드,식음료,22433.0,서울,20대,성공
2024-02-23 17:56:00,U001020,체크카드,쇼핑,21699.0,경기,20대,성공
2024-07-30 18:27:00,U000281,계좌이체,쇼핑,23196.0,경남,30대,성공
2024-05-02 16:43:00,U002927,신용카드,쇼핑,6249.0,대구,10대,성공
2024-04-05 18:55:00,U001355, 신용카드 ,공과금,150274.0,서울,20대,성공
2024-05-17 13:40:00,U001264,체크카드,식음료,12616.0,서울,50대,성공
2024-12-06 21:45:00,U001769, 신용카드 ,쇼핑,8725.0,서울,30대,성공
2024/06/17 20:21,U003259,체크카드,식음료,11359.0,경남,30대,성공
2024/07/01 16:49,U000885,계좌이체,쇼핑,68628.0,대구,20대,성공
2024-10-03 12:39:00,U000532,신용카드,문화/여가,2263.0,경북,40대,성공
2024-09-27 17:40:00,U003959,휴대폰결제,여행,,서울,40대,성공
2024-03-01 18:13:00,U002710,휴대폰결제,식음료,21043.0,대전,30대,성공
2024/12/05 19:55,U002045,포인트결제,여행,327853.0,부산,40대,성공
2024-10-09 20:45:00,U000291,체크카드,식음료,34475.0,경북,20대,실패
2024-03-30 18:27:00,U000779,신용카드,문화/여가,164616.0,인천,10대,성공
2024-10-20 10:08:00,U003980,체크카드,쇼핑,34031.0,서울,30대,성공
2024-01-12 22:52:00,U002453,신용카드,교통,1119.0,부산,30대,성공
2024/02/01 18:19,U003825,포인트결제,쇼핑,25988.0,서울,30대,성공
2024-01-03 12:13:00,U002603,체크카드,쇼핑,21741.0,경기,30대,성공
2024-10-19 12:44:00,U000819,신용카드,교통,2824.0,강원,40대,성공
2024-11-06 10:26:00,U000622,체크카드,쇼핑,21974.0,인천,30대,성공
2024-01-03 15:12:00,U000102, 신용카드 ,쇼핑,36987.0,광주,50대,성공
2024-11-17 04:28:00,U002402,포인트결제,식음료,20561.0,서울,50대,성공
2024-06-12 09:20:00,U001761,휴대폰결제,교통,1047.0,부산,10대,성공
2024-11-25 17:20:00,U002975,체크카드,쇼핑,24964.0,경기,20대,성공
2024-05-09 18:55:00,U002166,포인트결제,교통,6168.0,서울,20대,성공
2024-08-12 22:44:00,U002844,계좌이체,식음료,20182.0,부산,40대,성공
2024-10-17 17:04:00,U000546,체크카드,의료,11760.0,충남,30대,성공
2024-04-19 13:44:00,U002667,계좌이체,기타,10474.0,경기,30대,성공
2024-07-25 20:17:00,U002014,체크카드,쇼핑,22816.0,서울,20대,성공
2024-09-27 23:40:00,U003401,신용카드,여행,178578.0,대구,20대,성공
2024-09-05 13:58:00,U002055,계좌이체,여행,165850.0,경기,10대,성공
2024-05-07 16:33:00,U003275, 신용카드 ,교통,2057.0,인천,20대,성공
2024-01-18 13:59:00,U003471,체크카드,쇼핑,37742.0,충남,40대,성공
2024-06-20 12:18:00,U002588,체크카드,여행,179445.0,대구,,성공
2024-01-21 16:28:00,U003908,계좌이체,식음료,74893.0,경기,20대,성공
2024-12-13 11:48:00,U000221,체크카드,교통,1799.0,부산,30대,성공
2024-01-18 18:50:00,U003906,계좌이체,의료,26868.0,경기,30대,성공
2024/10/04 18:13,U002043,계좌이체,식음료,20385.0,광주,20대,성공
2024-09-12 21:28:00,U001509,체크카드,쇼핑,103138.0,경기,20대,성공
2024-09-03 13:22:00,U000517,신용카드,교통,6812.0,경기,30대,성공
2024-10-22 10:23:00,U003390, 신용카드 ,쇼핑,39573.0,경기,20대,성공
2024-02-21 06:19:00,U002169, 신용카드 ,식음료,14460.0,경기,10대,성공
2024-03-01 19:49:00,U002174,신용카드,문화/여가,61637.0,경기,30대,성공
2024/08/21 19:31,U000158,휴대폰결제,여행,69399.0,경기,20대,성공
2024-07-17 13:51:00,U001172,체크카드,식음료,31818.0,,20대,성공
2024-07-27 17:44:00,U001220,체크카드,공과금,180440.0,서울,30대,성공
2024-03-17 05:43:00,U001942,계좌이체,식음료,31888.0,부산,60대 이상,성공
2024-06-04 18:04:00,U001972,체크카드,의료,71678.0,대전,30대,성공
2024-09-23 12:21:00,U002568,체크카드,문화/여가,33797.0,제주,30대,성공
2024-02-19 11:57:00,U002927,체크카드,기타,22498.0,광주,20대,성공
2024-01-30 11:37:00,U003169,포인트결제,식음료,15546.0,경기,40대,성공
2024/02/23 23:21,U000627,체크카드,기타,48192.0,서울,20대,성공
2024-01-13 08:55:00,U000570,포인트결제,의료,33060.0,서울,30대,성공
2024-08-19 17:34:00,U000944,체크카드,식음료,5240.0,전남,50대,성공
2024-03-07 12:19:00,U000310,신용카드,공과금,66174.0,서울,20대,성공
2024-01-28 13:21:00,U001400,신용카드,식음료,10239.0,서울,30대,성공
2024-11-20 15:20:00,U003541,포인트결제,쇼핑,12917.0,충북,20대,성공
2024-04-25 12:29:00,U000093,체크카드,공과금,16023.0,서울,10대,성공
2024-06-28 22:34:00,U003990,신용카드,교통,1478.0,경기,30대,성공
2024-09-22 13:11:00,U000823,계좌이체,식음료,21000.0,서울,30대,성공
2024-10-06 18:32:00,U002807,체크카드,문화/여가,17062.0,부산,30대,성공
2024-05-12 21:35:00,U003672,포인트결제,공과금,60668.0,서울,50대,성공
2024-03-08 20:41:00,U000366,신용카드,쇼핑,38828.0,인천,,성공
2024-11-25 20:23:00,U002121,신용카드,식음료,15808.0,서울,20대,성공
2024-04-20 06:42:00,U003289,계좌이체,교통,1174.0,전남,20대,성공
2024-01-30 11:37:00,U002693,체크카드,쇼핑,54337.0,광주,40대,성공
2024/01/08 07:24,U002361,포인트결제,기타,5429.0,인천,50대,성공
2024-03-04 03:39:00,U003785,휴대폰결제,공과금,95275.0,서울,40대,성공
2024-06-07 21:46:00,U001838,체크카드,기타,18589.0,경기,50대,성공
2024/11/18 13:24,U003303,신용카드,쇼핑,43263.0,서울,20대,성공
2024-07-27 10:25:00,U000183,체크카드,여행,159590.0,대전,30대,성공
2024-06-17 22:31:00,U002195,신용카드,쇼핑,27673.0,서울,20대,성공
2024-03-20 16:24:00,U002133,계좌이체,쇼핑,28806.0,대전,40대,성공
2024-12-21 23:57:00,U001870,체크카드,식음료,12007.0,서울,20대,성공
2024-10-10 10:33:00,U001676,체크카드,식음료,14309.0,서울,,성공
2024-12-24 07:54:00,U002203, 신용카드 ,공과금,86532.0,서울,20대,취소
2024-12-16 12:33:00,U001913,신용카드,교육,213012.0,서울,50대,성공
2024-06-15 10:19:00,U000008,체크카드,교통,,대전,20대,성공
2024/01/04 22:01,U000150,,공과금,46306.0,경기,20대,성공
2024-11-20 11:39:00,U001670,체크카드,식음료,7029.0,대전,20대,성공
2024-08-07 19:00:00,U003244,신용카드,의료,21916.0,서울,20대,성공
2024-04-19 16:42:00,U001249,계좌이체,문화/여가,24738.0,대구,40대,성공
2024-07-04 08:46:00,U000901,계좌이체,교육,99645.0,부산,30대,취소
2024-05-09 20:53:00,U001035,포인트결제,쇼핑,33785.0,경기,20대,성공
2024-10-20 17:46:00,U002141,신용카드,교통,1815.0,대구,40대,성공
2024-02-19 20:29:00,U002895, 신용카드 ,의료,19968.0,경기,30대,성공
2024-03-12 16:30:00,U003248,체크카드,여행,221601.0,부산,40대,성공
2024-05-27 11:54:00,U003647,체크카드,기타,13598.0,충북,20대,성공
2024-07-29 15:39:00,U002482,,교통,4093.0,부산,60대 이상,성공
2024-10-01 16:33:00,U003084,신용카드,기타,16077.0,충북,20대,성공
2024-06-29 12:15:00,U000933,체크카드,식음료,10684.0,경기,50대,실패
2024-09-11 11:20:00,U001514,체크카드,쇼핑,20171.0,서울,20대,성공
2024-02-04 11:43:00,U002649,계좌이체,교육,91136.0,경기,30대,성공
2024/10/07 12:14,U000871,계좌이체,쇼핑,90298.0,대전,50대,성공
2024-12-30 14:49:00,U003502,체크카드,쇼핑,96805.0,경기,50대,성공
2024-08-17 17:35:00,U002651,포인트결제,문화/여가,97926.0,경기,30대,성공
2024-11-24 12:25:00,U001447,신용카드,식음료,8337.0,경기,20대,성공
2024-06-22 17:53:00,U000724,체크카드,교통,6346.0,세종,60대 이상,성공
2024-08-29 18:53:00,U002910,휴대폰결제,여행,317404.0,경기,50대,성공
2024-04-09 21:51:00,U003489,신용카드,쇼핑,10350.0,경기,40대,취소
2024-04-15 20:29:00,U002842,신용카드,공과금,42862.0,서울,30대,성공
2024-06-03 11:55:00,U001142,계좌이체,쇼핑,43567.0,충남,30대,성공
2024-05-02 18:13:00,U001706,휴대폰결제,공과금,71215.0,서울,20대,성공
2024/03/16 14:07,U003433,체크카드,교통,7543.0,서울,30대,실패
2024-05-11 16:08:00,U003448,,교통,2305.0,경기,20대,성공
2024-07-30 12:09:00,U000521,신용카드,쇼핑,35583.0,서울,20대,성공
2024-03-22 12:30:00,U002600, 신용카드 ,쇼핑,104320.0,경기,20대,성공
2024-02-15 12:43:00,U003293,신용카드,교육,155582.0,서울,60대 이상,성공
2024/09/24 18:57,U002744,포인트결제,식음료,5062.0,대구,30대,성공
2024-05-30 10:54:00,U001548,체크카드,쇼핑,53072.0,대전,10대,실패
2024-03-05 08:49:00,U002361,휴대폰결제,쇼핑,34691.0,인천,30대,성공
2024-12-29 12:48:00,U003428,계좌이체,식음료,18453.0,서울,40대,성공
2024/06/30 21:33,U001745,신용카드,쇼핑,28350.0,대전,20대,성공
2024/06/01 19:50,U000668, 신용카드 ,여행,274267.0,강원,60대 이상,성공
2024-10-12 11:39:00,U002815,휴대폰결제,문화/여가,39337.0,서울,20대,성공
2024-03-21 10:28:00,U001709,신용카드,식음료,19104.0,부산,50대,성공
2024-06-14 17:05:00,U001386,계좌이체,쇼핑,52005.0,경기,30대,성공
2024/10/06 20:04,U002932,신용카드,식음료,7203.0,부산,20대,성공
2024-02-27 10:53:00,U002176,체크카드,식음료,13298.0,서울,10대,성공
2024-07-22 23:47:00,U001308,체크카드,문화/여가,11800.0,전북,20대,성공
2024-08-01 19:56:00,U000169,계좌이체,식음료,42713.0,대구,30대,성공
2024-05-11 14:05:00,U000959,신용카드,식음료,25324.0,경남,30대,성공
2024-02-29 14:04:00,U001298,계좌이체,교육,102574.0,충북,30대,성공
2024-12-11 10:38:00,U003433,휴대폰결제,교통,5118.0,경기,60대 이상,성공
2024-05-08 18:52:00,U002979,체크카드,쇼핑,20614.0,부산,30대,성공
2024-12-24 20:50:00,U003083,신용카드,쇼핑,5768.0,서울,20대,성공
2024/09/26 19:44,U003637,체크카드,식음료,19391.0,광주,40대,성공
2024-03-28 10:12:00,U003578,계좌이체,쇼핑,53612.0,서울,30대,성공
2024-05-24 02:03:00,U003307,체크카드,식음료,8526.0,대전,10대,실패
2024-07-23 07:17:00,U002007,체크카드,의료,23876.0,경기,30대,성공
2024-04-29 11:59:00,U003666,체크카드,쇼핑,45205.0,부산,50대,성공
2024-07-11 11:03:00,U002348,계좌이체,공과금,70726.0,경남,40대,성공
2024-10-16 10:26:00,U003748,계좌이체,기타,29788.0,경기,20대,성공
2024-08-14 15:32:00,U001944,포인트결제,교통,949.0,경기,50대,성공
2024/12/12 14:41,U002409,신용카드,교통,6251.0,제주,40대,성공
2024-05-10 09:49:00,U003250,신용카드,공과금,163766.0,경기,20대,취소
2024-01-31 18:24:00,U000461,신용카드,교육,87809.0,경기,50대,성공
2024-01-12 19:43:00,U003435,신용카드,기타,7438.0,경기,60대 이상,성공
2024-01-02 14:26:00,U000177,체크카드,식음료,8718.0,경기,40대,성공
2024/03/30 23:47,U000467,신용카드,공과금,183396.0,전북,40대,성공
2024-04-25 10:04:00,U001658,신용카드,교육,102220.0,서울,20대,성공
2024/03/23 06:50,U000217,계좌이체,쇼핑,32909.0,전남,50대,성공
2024-02-28 18:11:00,U001412,체크카드,문화/여가,51004.0,서울,60대 이상,성공
2024-04-23 15:52:00,U001097,신용카드,교통,2799.0,부산,20대,성공
2024-07-15 22:34:00,U003098,신용카드,교통,4121.0,서울,20대,성공
2024-04-09 15:38:00,U002736,계좌이체,교육,67420.0,경기,50대,성공
2024-09-09 15:21:00,U000486,신용카드,식음료,48046.0,충남,40대,성공
2024-08-18 15:36:00,U003247,신용카드,공과금,29487.0,경기,30대,성공
2024-01-26 18:26:00,U000047,휴대폰결제,문화/여가,63515.0,강원,20대,성공
2024-07-22 06:42:00,U003156,신용카드,문화/여가,23357.0,서울,50대,성공
2024-03-08 14:22:00,U001954,체크카드,쇼핑,40741.0,강원,20대,성공
2024/09/21 20:23,U003243,신용카드,의료,78297.0,경기,50대,성공
2024-04-28 09:06:00,U002379,계좌이체,식음료,8646.0,서울,20대,취소
2024-06-04 06:52:00,U002607,계좌이체,쇼핑,20438.0,전남,60대 이상,성공
2024/04/10 18:49,U001952,체크카드,쇼핑,128219.0,서울,30대,성공
2024/04/29 11:25,U003493,휴대폰결제,교통,5104.0,부산,30대,성공
2024-02-02 22:31:00,U000651,체크카드,의료,38698.0,인천,30대,성공
2024-04-09 19:12:00,U000971,계좌이체,쇼핑,47652.0,경기,40대,성공
2024-02-02 19:02:00,U000171,체크카드,식음료,11135.0,서울,60대 이상,성공
2024-08-19 12:11:00,U000044,체크카드,식음료,13421.0,서울,40대,실패
2024-07-22 11:27:00,U001984,포인트결제,쇼핑,37560.0,경기,30대,성공
2024-05-04 12:51:00,U003028,체크카드,문화/여가,20181.0,서울,50대,성공
2024-09-01 00:02:00,U002756,포인트결제,쇼핑,22314.0,인천,20대,성공
2024-04-18 19:29:00,U001508,신용카드,문화/여가,2766.0,경기,30대,취소
2024/05/26 16:31,U003004,신용카드,교육,124048.0,인천,40대,성공
2024-06-20 11:27:00,U000197,계좌이체,쇼핑,46162.0,경북,30대,성공
2024-03-09 19:49:00,U002978,체크카드,공과금,29129.0,광주,40대,성공
2024-02-19 21:06:00,U002099,포인트결제,의료,45131.0,충남,30대,성공
2024-10-06 19:28:00,U002617,계좌이체,공과금,158173.0,경기,,실패
2024/09/13 18:22,U002856,신용카드,기타,34445.0,서울,40대,성공
2024-09-05 13:03:00,U003624,포인트결제,문화/여가,8551.0,경기,10대,성공
2024-06-15 20:17:00,U000131,체크카드,식음료,10376.0,충남,40대,성공
2024-06-11 12:33:00,U001233,계좌이체,쇼핑,72846.0,서울,20대,성공
2024-09-13 08:01:00,U000091,신용카드,식음료,17987.0,부산,20대,성공
2024/11/27 07:33,U000917,계좌이체,쇼핑,73973.0,경기,,성공
2024-05-02 11:28:00,U001639,포인트결제,공과금,21099.0,경기,40대,성공
2024-06-30 21:57:00,U000368,신용카드,쇼핑,16268.0,대구,60대 이상,실패
2024/09/29 19:45,U001938,신용카드,식음료,11731.0,대구,,성공
2024/09/27 16:01,U003633,체크카드,문화/여가,34353.0,경기,40대,성공
2024-11-09 20:31:00,U001700,신용카드,교육,128094.0,서울,20대,성공
2024-05-04 13:06:00,U001640,계좌이체,교통,2168.0,경기,40대,성공
2024-09-16 19:03:00,U000686,포인트결제,공과금,86548.0,경기,50대,성공
2024-06-20 19:45:00,U001154,계좌이체,식음료,21101.0,전남,40대,성공
2024-11-20 11:15:00,U003199,체크카드,식음료,5977.0,경남,60대 이상,성공
2024/02/27 12:25,U001626,체크카드,여행,305432.0,서울,30대,성공
2024/01/16 11:03,U001820,체크카드,쇼핑,13651.0,전북,30대,성공
2024/09/10 18:34,U000690,신용카드,쇼핑,71460.0,경기,30대,성공
2024/02/08 09:31,U003807,신용카드,식음료,10343.0,경기,20대,성공
2024-04-18 09:52:00,U003969,신용카드,식음료,45168.0,경기,20대,성공
2024-06-07 20:10:00,U001278,휴대폰결제,교통,3856.0,인천,30대,성공
2024-11-28 14:22:00,U003274,체크카드,여행,81016.0,대구,,성공
2024-11-27 16:03:00,U000873,신용카드,쇼핑,24718.0,서울,20대,성공
2024-07-24 19:11:00,U003699,,기타,48805.0,경기,,성공
2024-03-27 22:45:00,U003240,체크카드,교육,174870.0,충북,30대,성공
2024-04-23 20:19:00,U003459,신용카드,의료,59813.0,,20대,성공
2024-01-31 05:50:00,U000865,체크카드,쇼핑,88470.0,경기,50대,성공
2024-04-03 20:23:00,U001025, 신용카드 ,문화/여가,32567.0,서울,50대,성공
2024-04-17 13:48:00,U002119,신용카드,의료,55235.0,서울,40대,성공
2024-09-18 21:18:00,U002844,신용카드,쇼핑,32758.0,서울,60대 이상,성공
2024-11-08 09:06:00,U003246, 신용카드 ,식음료,-5756.0,경기,50대,성공
2024-06-02 17:05:00,U001328,계좌이체,여행,181582.0,경기,60대 이상,성공
2024-02-06 15:20:00,U003066,신용카드,문화/여가,71907.0,경기,10대,성공
2024-02-15 17:15:00,U003300,신용카드,쇼핑,33446.0,경남,30대,성공
2024-01-18 12:44:00,U000947,신용카드,의료,27151.0,대구,40대,성공
2024-02-08 12:02:00,U001903,신용카드,교통,3119.0,경남,40대,성공
2024-09-23 20:27:00,U002877,신용카드,문화/여가,13364.0,경기,60대 이상,성공
2024-10-19 20:16:00,U000905,체크카드,식음료,23364.0,경북,,실패
2024-09-20 17:58:00,U001207,포인트결제,교육,114377.0,서울,20대,성공
2024-12-05 13:00:00,U002517,체크카드,쇼핑,43113.0,부산,20대,성공
2024-08-03 11:47:00,U001530,휴대폰결제,쇼핑,99723.0,경기,30대,성공
2024-02-12 21:23:00,U002699,신용카드,식음료,14807.0,경기,,성공
2024/03/21 11:27,U002498,신용카드,공과금,26150.0,서울,50대,성공
2024-03-04 18:42:00,U000633,신용카드,식음료,24790.0,대구,20대,성공
2024-10-01 20:52:00,U002466,신용카드,기타,33043.0,서울,30대,성공
2024-09-27 07:05:00,U002837,신용카드,교육,47486.0,서울,30대,성공
2024-11-08 11:34:00,U000005,신용카드,쇼핑,33329.0,경남,10대,성공
2024-04-06 07:08:00,U002374,신용카드,여행,479612.0,경기,40대,성공
2024/07/23 14:44,U003627,신용카드,기타,14761.0,제주,20대,성공
2024-07-24 12:20:00,U002275,신용카드,식음료,5081.0,전북,30대,성공
2024-09-25 18:55:00,U001435,신용카드,쇼핑,69422.0,서울,20대,성공
2024-12-28 20:47:00,U001680,체크카드,여행,106071.0,경기,,성공
2024-08-07 10:07:00,U003909,체크카드,쇼핑,35887.0,서울,20대,성공
2024-09-01 14:07:00,U003376,계좌이체,문화/여가,50097.0,제주,30대,성공
2024-03-26 10:49:00,U000893,체크카드,교육,93234.0,서울,40대,성공
2024-10-30 14:56:00,U001216,체크카드,식음료,33514.0,대구,20대,성공
2024/11/14 18:25,U003889,신용카드,교통,3844.0,경기,30대,성공
2024-11-20 20:23:00,U003293,신용카드,쇼핑,82732.0,경기,30대,성공
2024-08-21 07:11:00,U000407,신용카드,여행,297240.0,경기,20대,성공
2024-10-13 07:47:00,U000916,,쇼핑,2508.0,,30대,성공
2024-08-22 13:20:00,U001663,신용카드,교통,500.0,서울,50대,성공
2024-09-04 22:06:00,U002601,신용카드,식음료,17137.0,서울,50대,성공
2024-12-02 16:03:00,U003830,휴대폰결제,식음료,20859.0,충남,20대,성공
2024-08-11 19:22:00,U000831,체크카드,식음료,37639.0,서울,40대,성공
2024-02-16 11:07:00,U003482,신용카드,쇼핑,98632.0,경기,20대,성공
2024/10/21 07:06,U002074,체크카드,기타,14359.0,서울,60대 이상,성공
2024-07-30 05:20:00,U000088,신용카드,식음료,17717.0,강원,30대,성공
2024/09/21 19:07,U001881,체크카드,기타,23978.0,서울,30대,성공
2024-11-26 14:54:00,U002214,신용카드,식음료,18058.0,인천,50대,성공
2024-07-07 15:30:00,U003848,계좌이체,기타,31958.0,울산,50대,성공
2024-09-13 19:16:00,U001563,신용카드,의료,43985.0,충북,10대,성공
2024-08-10 11:37:00,U000001, 신용카드 ,쇼핑,25986.0,서울,30대,성공
2024/06/24 13:17,U002982,휴대폰결제,교통,3340.0,경기,50대,성공
2024-04-29 12:37:00,U000769,계좌이체,교통,4191.0,부산,30대,성공
2024-01-31 11:05:00,U000542,휴대폰결제,교육,338891.0,경기,20대,실패
2024-12-18 09:49:00,U002107,체크카드,기타,33283.0,경남,20대,성공
2024-05-06 09:04:00,U001094,체크카드,식음료,9003.0,대구,30대,성공
2024-01-26 16:23:00,U003261,신용카드,기타,11386.0,인천,40대,실패
2024-12-03 06:19:00,U000197,신용카드,쇼핑,47370.0,부산,40대,성공
2024-07-15 12:25:00,U001873,체크카드,공과금,74112.0,광주,20대,성공
2024-07-29 15:51:00,U001350,신용카드,문화/여가,20940.0,대전,20대,성공
2024-05-26 09:42:00,U002206,체크카드,의료,98207.0,경기,30대,성공
2024-01-05 19:37:00,U003937,체크카드,식음료,16471.0,서울,40대,성공
2024-02-28 13:49:00,U000547,신용카드,교육,28051.0,서울,40대,성공
2024-09-22 14:32:00,U001283,신용카드,공과금,84914.0,서울,40대,성공
2024-02-28 12:09:00,U001855,체크카드,공과금,133049.0,경기,20대,성공
2024/08/07 14:28,U000309,계좌이체,기타,24513.0,경남,,성공
2024-05-14 20:13:00,U003737,신용카드,쇼핑,26589.0,부산,30대,성공
2024-10-29 00:47:00,U003086,체크카드,교통,1366.0,경기,40대,성공
2024-08-28 14:26:00,U002852,포인트결제,교통,8197.0,경기,50대,성공
2024-01-04 21:32:00,U003232,신용카드,식음료,12815.0,부산,50대,성공
2024/11/23 21:31,U001129,신용카드,쇼핑,20773.0,경기,20대,성공
2024-03-28 15:21:00,U000916,계좌이체,식음료,22554.0,전북,50대,취소
2024-07-18 13:32:00,U002550,신용카드,문화/여가,21455.0,광주,40대,성공
2024/07/21 11:59,U002529, 신용카드 ,교통,1107.0,경기,20대,실패
2024-02-12 18:02:00,U001331,신용카드,문화/여가,50500.0,경기,20대,성공
2024-08-06 10:41:00,U001546,포인트결제,식음료,44669.0,인천,40대,실패
2024-02-01 10:45:00,U000768,,쇼핑,24409.0,서울,60대 이상,성공
2024-03-04 11:10:00,U003317,휴대폰결제,식음료,23782.0,서울,40대,성공
2024-11-25 18:08:00,U000155,신용카드,식음료,17072.0,서울,50대,성공
2024-10-20 23:09:00,U003002,신용카드,의료,34529.0,전남,,성공
2024-01-01 16:18:00,U001033,포인트결제,쇼핑,81608.0,경기,,성공
2024-01-09 16:53:00,U000779,휴대폰결제,쇼핑,55867.0,,30대,성공
2024-08-29 07:33:00,U002114, 신용카드 ,교육,82824.0,부산,20대,취소
2024-02-22 14:05:00,U003945,휴대폰결제,쇼핑,20178.0,경기,,실패
2024/05/13 20:57,U001763,신용카드,식음료,20904.0,서울,30대,성공
2024-07-06 13:45:00,U001112,계좌이체,교육,124087.0,서울,20대,실패
2024-01-11 08:49:00,U003540,휴대폰결제,쇼핑,32191.0,서울,50대,성공
2024-02-29 12:10:00,U002973,신용카드,쇼핑,49949.0,전남,20대,성공
2024-10-13 19:53:00,U000423,신용카드,쇼핑,51287.0,서울,30대,성공
2024-01-16 09:29:00,U002310,계좌이체,쇼핑,60270.0,대구,20대,성공
2024-03-07 19:20:00,U001789,체크카드,기타,22267.0,충북,20대,성공
2024-11-25 18:36:00,U000331,신용카드,식음료,7093.0,울산,20대,성공
2024-01-24 22:48:00,U000277,신용카드,쇼핑,24091.0,충남,30대,성공
2024-10-06 21:46:00,U001205,계좌이체,쇼핑,11374.0,서울,30대,성공
2024-03-17 19:14:00,U001268,체크카드,기타,42493.0,경기,30대,성공
2024-09-12 12:41:00,U001396,신용카드,여행,113440.0,서울,20대,성공
2024-08-11 08:26:00,U001661,신용카드,문화/여가,25033.0,,50대,성공
2024-03-27 17:52:00,U003366,계좌이체,교통,3518.0,경기,30대,성공
2024-12-17 17:14:00,U002211,휴대폰결제,식음료,36085.0,경기,20대,실패
2024-02-16 20:53:00,U001740,신용카드,식음료,11826.0,전북,10대,성공
2024-09-24 21:22:00,U001951,신용카드,쇼핑,20491.0,경기,40대,성공
2024-02-26 21:12:00,U000648,신용카드,교통,1981.0,부산,10대,취소
2024-12-19 13:46:00,U002221,휴대폰결제,식음료,10801.0,충남,40대,성공
2024-03-29 12:14:00,U003542,체크카드,식음료,3791.0,광주,20대,성공
2024-07-15 19:00:00,U003830,신용카드,식음료,11785.0,부산,20대,성공
2024/07/27 08:17,U003991,신용카드,교육,84075.0,경기,20대,성공
2024-12-15 20:40:00,U003563,신용카드,공과금,111671.0,경남,30대,성공
2024/10/19 11:52,U002288,계좌이체,공과금,22090.0,서울,,성공
2024-02-08 18:50:00,U003661,신용카드,교통,3246.0,경남,30대,성공
2024-10-28 20:05:00,U002272,계좌이체,쇼핑,4314.0,광주,60대 이상,성공
2024-10-11 09:16:00,U003159,포인트결제,식음료,5890.0,서울,40대,성공
2024-10-31 23:16:00,U002414,신용카드,교통,5000.0,경기,40대,성공
2024/11/26 12:02,U002593,체크카드,교통,3171.0,서울,20대,성공
2024-01-31 13:10:00,U001937,신용카드,의료,44381.0,대구,10대,성공
2024-05-06 11:00:00,U001724,포인트결제,교통,2081.0,경기,,성공
2024/03/29 19:56,U000719, 신용카드 ,기타,33624.0,대전,20대,성공
2024/09/05 20:33,U003303, 신용카드 ,쇼핑,29274.0,대전,30대,성공
2024-06-26 01:16:00,U002526,신용카드,의료,45243.0,울산,10대,성공
2024-06-12 18:21:00,U000815,신용카드,공과금,100993.0,경기,50대,성공
2024/06/09 09:41,U002694,계좌이체,의료,,서울,30대,성공
2024-05-26 21:06:00,U001098,신용카드,쇼핑,137785.0,경기,20대,성공
2024-08-24 22:18:00,U003468,계좌이체,기타,5079.0,서울,20대,성공
2024/01/05 09:33,U000576,신용카드,교육,104490.0,서울,50대,성공
2024/03/18 09:46,U003859,체크카드,쇼핑,16030.0,대구,,성공
2024-09-23 15:27:00,U002606,신용카드,식음료,34154.0,서울,40대,성공
2024-01-18 11:48:00,U000506,신용카드,식음료,15919.0,대구,30대,성공
2024-08-19 23:31:00,U001067,체크카드,식음료,30989.0,서울,50대,성공
2024-11-30 06:16:00,U003228,신용카드,의료,20093.0,부산,30대,성공
2024-01-04 15:15:00,U001324,신용카드,여행,227176.0,경기,30대,성공
2024/03/26 11:38,U000830,계좌이체,기타,9521.0,서울,30대,성공
2024-07-24 17:08:00,U001328,포인트결제,기타,17176.0,경기,20대,성공
2024-06-06 11:40:00,U003322,계좌이체,기타,32460.0,경기,,성공
2024/10/26 20:52,U000757,신용카드,문화/여가,37784.0,서울,30대,성공
2024-06-12 21:50:00,U000866,포인트결제,기타,34367.0,경기,,성공
2024-09-16 11:14:00,U003241,신용카드,여행,288128.0,강원,30대,성공
2024-01-16 03:53:00,U003404,신용카드,교통,4121.0,서울,20대,성공
2024-04-18 15:03:00,U003174,,공과금,46310.0,경남,40대,성공
2024-08-21 14:44:00,U001224,신용카드,문화/여가,18273.0,대구,30대,성공
2024-08-04 21:52:00,U002463,계좌이체,쇼핑,31919.0,부산,50대,성공
2024/03/27 17:45,U002389,신용카드,교육,167987.0,부산,20대,성공
2024-11-03 20:30:00,U003906,신용카드,식음료,7330.0,강원,20대,성공
2024/04/03 20:24,U002511,포인트결제,교육,45410.0,인천,,성공
2024-03-10 10:36:00,U002923,신용카드,교육,54409.0,제주,30대,성공
2024-03-20 21:01:00,U002411, 신용카드 ,쇼핑,31241.0,대전,40대,성공
2024-11-01 15:42:00,U001640,체크카드,여행,102321.0,경기,40대,성공
2024/05/14 11:56,U002901,계좌이체,기타,25121.0,경기,50대,성공
2024-11-07 17:11:00,U001772,체크카드,식음료,16488.0,경기,30대,성공
2024-04-13 09:37:00,U002815,신용카드,교육,22589.0,경기,20대,성공
2024-03-28 07:00:00,U002962,계좌이체,의료,133886.0,서울,20대,성공
2024-04-19 17:04:00,U003444,체크카드,식음료,17221.0,경기,10대,성공
2024-05-07 07:14:00,U000225,체크카드,공과금,88974.0,서울,,성공
2024-01-28 12:50:00,U003964,신용카드,식음료,19624.0,경기,20대,성공
2024-08-10 10:06:00,U000403,체크카드,공과금,23238.0,경기,40대,성공
2024-04-13 18:16:00,U001885,,문화/여가,69932.0,서울,50대,성공
2024-04-19 18:27:00,U002455,신용카드,교육,119644.0,경기,60대 이상,성공
2024-12-08 09:38:00,U003067,신용카드,교육,37003.0,대구,40대,성공
2024-07-17 15:26:00,U001965,신용카드,쇼핑,9440.0,울산,50대,성공
2024-01-08 21:47:00,U002568,포인트결제,공과금,59714.0,광주,30대,성공
2024-11-30 11:07:00,U003142,계좌이체,교육,65432.0,서울,30대,성공
2024-09-12 11:35:00,U003269,신용카드,쇼핑,46721.0,대구,30대,성공
2024-12-17 12:21:00,U003367,체크카드,기타,20793.0,서울,50대,성공
2024-01-04 07:17:00,U003056,체크카드,쇼핑,106994.0,전북,30대,성공
2024-10-30 19:28:00,U002838,계좌이체,교육,117267.0,대구,30대,성공
2024-06-20 20:49:00,U001381,신용카드,교통,889.0,경기,20대,성공
2024-02-22 18:38:00,U000390,신용카드,교육,5776.0,부산,40대,성공
2024-05-13 23:59:00,U000136,신용카드,식음료,5273.0,경기,60대 이상,성공
2024-05-04 11:44:00,U001745,신용카드,공과금,60451.0,부산,20대,성공
2024-10-14 21:52:00,U002969,포인트결제,식음료,18641.0,부산,30대,성공
2024-04-27 11:04:00,U001971,계좌이체,식음료,16658.0,서울,20대,성공
2024-07-16 17:08:00,U000991,체크카드,여행,161572.0,서울,40대,성공
2024-08-26 07:31:00,U000057,신용카드,공과금,,경기,30대,성공
2024/12/18 19:28,U001814,계좌이체,식음료,9343.0,부산,40대,성공
2024-10-22 22:39:00,U000452,휴대폰결제,교통,901.0,울산,10대,성공
2024-09-18 18:15:00,U000125,체크카드,식음료,15526.0,충북,,성공
2024-11-30 11:00:00,U003940,신용카드,기타,73820.0,서울,20대,성공
2024-04-06 19:01:00,U000834,신용카드,식음료,31458.0,부산,30대,성공
2024-06-18 08:02:00,U002472,체크카드,기타,32403.0,경기,40대,성공
2024-04-08 11:34:00,U002767,체크카드,기타,43611.0,경기,20대,성공
2024-09-23 08:21:00,U001418,,교통,3138.0,부산,30대,성공
2024-12-05 11:36:00,U001463,신용카드,공과금,85621.0,경기,40대,성공
2024-05-19 20:05:00,U001521,신용카드,기타,13076.0,서울,60대 이상,성공
2024-05-24 19:06:00,U003841,신용카드,쇼핑,59544.0,인천,30대,성공
2024/07/11 11:17,U002598, 신용카드 ,쇼핑,27039.0,전남,20대,성공
2024-08-14 16:14:00,U000894,신용카드,식음료,11308.0,부산,20대,취소
2024-06-28 19:48:00,U003851,체크카드,쇼핑,33475.0,부산,40대,성공
2024-09-14 19:45:00,U002160,계좌이체,교통,6675.0,충남,60대 이상,성공
2024-05-11 00:11:00,U002183,체크카드,교육,221162.0,부산,40대,성공
2024-04-06 10:30:00,U003759,포인트결제,문화/여가,5405.0,부산,40대,성공
2024-09-04 11:03:00,U003697,휴대폰결제,공과금,,대구,20대,성공
2024-03-03 19:43:00,U003066,체크카드,식음료,30571.0,서울,30대,성공
2024-01-06 11:11:00,U002282,계좌이체,의료,37266.0,인천,30대,성공
2024/05/04 19:38,U001433,포인트결제,식음료,16869.0,울산,20대,성공
2024/07/09 10:34,U000600,계좌이체,교통,2809.0,경기,10대,성공
2024-08-31 14:26:00,U000348,신용카드,의료,23685.0,경기,20대,성공
2024-10-02 15:03:00,U000436,체크카드,교육,93621.0,제주,30대,성공
2024-07-11 20:24:00,U001096,신용카드,쇼핑,50941.0,광주,40대,성공
2024-12-21 09:56:00,U002457,신용카드,공과금,140226.0,제주,30대,성공
2024-12-30 14:15:00,U003209,신용카드,식음료,5063.0,경기,30대,성공
2024-04-07 12:52:00,U000741,계좌이체,식음료,13187.0,서울,30대,성공
2024/05/21 21:57,U002730,포인트결제,의료,47028.0,서울,30대,성공
2024/09/26 11:11,U003407,신용카드,기타,24980.0,경기,30대,성공
2024/08/13 11:23,U002878,포인트결제,교통,1771.0,인천,20대,성공
2024-08-06 15:53:00,U002517,체크카드,여행,221482.0,서울,30대,성공
2024-10-31 20:23:00,U002301,신용카드,공과금,271544.0,경북,30대,성공
2024-07-12 09:18:00,U003515,신용카드,쇼핑,102962.0,대구,30대,성공
2024/05/29 03:26,U000386,체크카드,공과금,110085.0,전북,40대,성공
2024/09/06 01:46,U001778,체크카드,기타,19293.0,경북,30대,성공
2024-02-27 12:10:00,U000536,휴대폰결제,의료,26276.0,세종,50대,성공
2024-01-28 18:54:00,U003858,신용카드,식음료,17464.0,경남,30대,성공
2024-03-12 14:07:00,U000383,계좌이체,기타,22262.0,울산,50대,성공
2024-04-04 15:46:00,U000650,신용카드,의료,49009.0,경기,20대,성공
2024-04-19 11:03:00,U002492, 신용카드 ,여행,115585.0,강원,30대,성공
2024-08-17 15:58:00,U001703,휴대폰결제,기타,28336.0,경기,20대,취소
2024-12-27 12:49:00,U002913,신용카드,교육,216480.0,강원,50대,성공
2024-12-06 17:47:00,U002227,신용카드,교통,2063.0,경기,50대,성공
2024-11-30 15:24:00,U000028,신용카드,의료,35127.0,서울,20대,성공
2024-04-14 08:16:00,U000263,포인트결제,교육,221127.0,서울,30대,성공
2024/10/31 15:53,U001284,,쇼핑,39419.0,경기,20대,성공
2024-05-20 17:25:00,U001599,계좌이체,교육,105247.0,서울,30대,실패
2024-06-30 15:32:00,U002593, 신용카드 ,문화/여가,45289.0,경기,40대,성공
2024-10-10 14:58:00,U000428,신용카드,쇼핑,21336.0,강원,30대,성공
2024-07-31 11:57:00,U001717,신용카드,문화/여가,6997.0,경기,30대,성공
2024-02-18 18:36:00,U003357,계좌이체,문화/여가,13779.0,대구,,성공
2024-01-14 14:29:00,U000309,포인트결제,기타,15053.0,대구,40대,성공
2024-02-07 08:03:00,U001156,신용카드,쇼핑,23739.0,인천,20대,성공
2024-07-04 10:32:00,U000823,신용카드,쇼핑,99039.0,경북,40대,성공
2024-08-15 09:50:00,U002251,계좌이체,여행,29797.0,서울,30대,실패
2024-03-17 13:58:00,U003199,신용카드,식음료,42787.0,경기,30대,성공
2024-02-05 18:27:00,U001392,신용카드,식음료,16127.0,부산,30대,성공
2024-03-23 10:31:00,U002892,계좌이체,교통,2341.0,울산,10대,실패
2024-10-22 18:54:00,U002760,계좌이체,여행,21579.0,서울,40대,성공
2024-02-17 14:49:00,U002637,체크카드,문화/여가,26021.0,서울,40대,성공
2024-03-07 23:30:00,U002912,신용카드,쇼핑,28172.0,경기,30대,성공
2024-07-25 10:30:00,U001481,신용카드,교육,107866.0,대전,30대,성공
2024-02-17 09:57:00,U000523,,쇼핑,60126.0,경기,50대,성공
2024-02-06 06:02:00,U002042,,문화/여가,17141.0,서울,,성공
2024-06-01 12:22:00,U003422,신용카드,교육,498717.0,서울,30대,성공
2024/03/10 10:24,U001523,체크카드,문화/여가,43545.0,서울,20대,성공
2024-12-13 03:26:00,U000981,체크카드,의료,39865.0,인천,20대,성공
2024-08-15 21:05:00,U002947,신용카드,의료,20507.0,서울,30대,성공
2024/03/02 15:03,U003244,신용카드,교통,856.0,경기,30대,성공
2024-09-26 16:38:00,U001930,계좌이체,공과금,135213.0,경남,20대,성공
2024-05-29 14:18:00,U001795,체크카드,식음료,10371.0,대구,50대,성공
2024-02-13 19:19:00,U003037,포인트결제,식음료,23150.0,충북,20대,성공
2024-09-15 19:23:00,U001388,체크카드,여행,247700.0,,10대,성공
2024-03-14 22:23:00,U001018,신용카드,교통,6128.0,서울,20대,성공
2024-08-22 10:15:00,U000790,신용카드,식음료,12546.0,서울,60대 이상,성공
2024-11-03 10:53:00,U002721,계좌이체,쇼핑,25245.0,경기,,성공
2024-08-05 21:54:00,U003375,계좌이체,의료,29253.0,서울,50대,성공
2024-07-21 20:53:00,U000518,신용카드,공과금,87962.0,대구,40대,성공
2024/08/25 19:14,U000834,신용카드,식음료,35402.0,,50대,성공
2024-12-20 22:23:00,U001099,신용카드,의료,21053.0,,20대,성공
2024-03-10 16:33:00,U001443,포인트결제,여행,162290.0,경기,50대,성공
2024-08-25 08:51:00,U001249,체크카드,식음료,31529.0,울산,40대,성공
2024-01-13 20:34:00,U000057,체크카드,교육,83961.0,,30대,성공
2024-06-04 10:37:00,U002838,계좌이체,문화/여가,64613.0,경북,40대,성공
2024-12-30 15:03:00,U001760,포인트결제,식음료,8979.0,경기,,성공
2024-12-14 09:28:00,U000711,신용카드,식음료,15370.0,경기,30대,성공
2024-03-28 16:29:00,U003921,체크카드,교육,175370.0,인천,20대,성공
2024-09-03 07:24:00,U002780,신용카드,여행,157351.0,경북,20대,성공
2024-10-19 17:43:00,U002798,신용카드,교통,2869.0,서울,,성공
2024-06-01 01:48:00,U002579,계좌이체,기타,17660.0,경기,30대,성공
2024-05-15 14:53:00,U003308,계좌이체,식음료,3425.0,서울,40대,성공
2024/10/31 21:13,U003896,신용카드,여행,465051.0,강원,40대,성공
2024-11-21 11:52:00,U001673,신용카드,의료,29896.0,서울,30대,성공
2024/02/01 12:33,U003452,포인트결제,교통,936.0,인천,30대,성공
2024-01-31 07:18:00,U003852,체크카드,공과금,49209.0,인천,20대,성공
2024-03-01 06:10:00,U001688,신용카드,쇼핑,24092.0,경기,50대,성공
2024-02-01 14:55:00,U000734,체크카드,여행,148609.0,서울,50대,성공
2024-07-17 05:00:00,U003695,체크카드,공과금,47392.0,경남,40대,성공
2024-01-09 19:55:00,U002514,체크카드,문화/여가,41242.0,경기,40대,성공
2024/03/19 11:56,U002040,신용카드,쇼핑,29105.0,인천,40대,성공
2024-09-28 10:50:00,U003741,신용카드,식음료,50523.0,충북,30대,성공
2024-10-21 17:15:00,U002639,체크카드,식음료,12709.0,대구,20대,성공
2024/11/10 02:21,U000260,,식음료,8948.0,광주,30대,성공
2024-05-12 11:59:00,U001437,신용카드,의료,21688.0,경기,20대,실패
2024-04-10 12:45:00,U002122,신용카드,여행,119800.0,서울,50대,성공
2024-04-25 12:51:00,U001307,신용카드,기타,12493.0,인천,50대,성공
2024-04-20 14:02:00,U001983,체크카드,식음료,27850.0,제주,50대,성공
2024-07-25 20:26:00,U003578,체크카드,교육,,대전,,성공
2024/10/27 10:36,U002034,포인트결제,기타,15284.0,경남,30대,성공
2024-11-24 15:54:00,U002537,휴대폰결제,식음료,18573.0,서울,50대,성공
2024-09-12 17:17:00,U002043,계좌이체,기타,731.0,전북,30대,성공
2024-11-21 12:42:00,U001072,체크카드,식음료,6501.0,부산,20대,성공
2024-02-28 19:45:00,U003397,신용카드,공과금,106534.0,경남,40대,성공
2024-07-02 16:24:00,U002126,신용카드,교통,988.0,서울,20대,성공
2024-06-23 14:09:00,U003142,포인트결제,문화/여가,,서울,20대,성공
2024-06-11 18:50:00,U000653,계좌이체,기타,34704.0,서울,30대,성공
2024-10-30 20:53:00,U002355,체크카드,교통,3044.0,인천,40대,성공
2024-05-04 15:53:00,U003771, 신용카드 ,쇼핑,21434.0,부산,20대,성공
2024-11-05 17:13:00,U003816,신용카드,기타,37763.0,서울,30대,성공
2024-11-17 06:06:00,U003048,휴대폰결제,식음료,34456.0,대구,40대,성공
2024-03-22 06:32:00,U000060,신용카드,쇼핑,57414.0,서울,40대,성공
2024-04-03 18:33:00,U000792,신용카드,교통,2357.0,서울,20대,성공
2024-03-21 20:04:00,U001403,신용카드,의료,7273.0,대구,40대,성공
2024-12-27 15:11:00,U001855,체크카드,문화/여가,10583.0,전북,30대,성공
2024-02-16 21:08:00,U000819,휴대폰결제,의료,57103.0,서울,,성공
2024/01/19 19:31,U002923,포인트결제,교육,53648.0,서울,50대,성공
2024-02-02 08:49:00,U003203,체크카드,쇼핑,70566.0,서울,,성공
2024-05-04 15:06:00,U002855,체크카드,기타,33565.0,서울,50대,성공
2024-04-27 19:59:00,U001179,체크카드,공과금,109753.0,부산,30대,성공
2024-02-13 07:35:00,U002962,신용카드,식음료,7883.0,경기,50대,성공
2024/11/27 19:52,U000316,체크카드,쇼핑,44257.0,경기,20대,성공
2024/05/21 06:52,U002369,신용카드,교육,89870.0,부산,,실패
2024-11-16 12:23:00,U002268,휴대폰결제,식음료,-16906.0,경기,20대,성공
2024/03/13 18:37,U002625,신용카드,식음료,6782.0,인천,30대,성공
2024-01-27 12:34:00,U003770,포인트결제,식음료,20010.0,전북,20대,성공
2024/07/14 16:13,U000222,신용카드,쇼핑,109656.0,서울,40대,성공
2024-05-03 21:57:00,U000091, 신용카드 ,교육,129253.0,서울,20대,성공
2024-08-26 20:47:00,U003960,포인트결제,의료,37830.0,서울,60대 이상,성공
2024-02-03 18:58:00,U001569,신용카드,식음료,10662.0,전남,40대,성공
2024-01-18 18:29:00,U000079,체크카드,쇼핑,29770.0,경기,20대,성공
2024/06/11 09:27,U001803,신용카드,식음료,28719.0,대구,30대,성공
2024-09-16 15:19:00,U002389,체크카드,교육,88450.0,경기,40대,성공
2024/05/09 16:56,U000934,계좌이체,기타,33839.0,경기,50대,성공
2024-01-18 19:35:00,U003749,계좌이체,쇼핑,,인천,,성공
2024/12/16 10:57,U002080,신용카드,교통,2736.0,경기,40대,성공
2024-11-10 11:04:00,U002944,신용카드,교통,1891.0,경기,30대,성공
2024-07-24 09:29:00,U001883,포인트결제,쇼핑,1234.0,경기,30대,성공
2024-03-11 06:48:00,U003088,휴대폰결제,교통,839.0,인천,20대,성공
2024-07-07 16:16:00,U002969,포인트결제,기타,20377.0,경기,20대,성공
2024-09-20 15:25:00,U001304,계좌이체,식음료,3588.0,서울,20대,성공
2024-03-11 18:54:00,U002028,신용카드,쇼핑,20302.0,경기,30대,성공
2024/02/04 20:51,U001094,신용카드,쇼핑,68691.0,경기,20대,성공
2024-11-09 08:10:00,U000602,신용카드,의료,55040.0,경기,20대,실패
2024-03-21 11:46:00,U002742,포인트결제,교통,1193.0,서울,60대 이상,성공
2024-11-06 11:29:00,U002653, 신용카드 ,공과금,23826.0,서울,,성공
2024-02-24 19:32:00,U001954,포인트결제,교통,1648.0,서울,50대,실패
2024-03-09 19:04:00,U000017,신용카드,문화/여가,38490.0,서울,30대,성공
2024-07-14 15:22:00,U003383,신용카드,식음료,20990.0,제주,20대,실패
2024-10-26 15:13:00,U001285,신용카드,식음료,27213.0,인천,60대 이상,성공
2024-08-07 18:26:00,U002792,신용카드,교통,4071.0,경기,30대,성공
2024/07/03 14:14,U001397,신용카드,문화/여가,99322.0,서울,20대,실패
2024-07-11 13:11:00,U003145,계좌이체,쇼핑,16474.0,서울,30대,성공
2024-01-09 14:40:00,U003405,체크카드,의료,27047.0,경기,50대,성공
2024-10-12 11:21:00,U003597,신용카드,교통,1214.0,충북,,성공
2024-03-07 05:22:00,U003093, 신용카드 ,식음료,13386.0,대구,30대,취소
2024-05-16 20:38:00,U003475,계좌이체,식음료,8947.0,대구,30대,성공
2024-12-28 11:25:00,U002930,계좌이체,의료,62330.0,경기,10대,성공
2024-06-16 13:08:00,U000576,신용카드,식음료,42004.0,경기,30대,성공
2024-12-14 22:07:00,U002409,체크카드,식음료,17904.0,제주,40대,성공
2024-11-05 11:45:00,U001725,신용카드,교통,2662.0,충남,40대,성공
2024-12-06 21:55:00,U000889,신용카드,식음료,22634.0,경기,30대,성공
2024-06-10 12:21:00,U000339,계좌이체,교통,2872.0,인천,40대,성공
2024-10-12 10:23:00,U002717,계좌이체,쇼핑,49496.0,경기,20대,실패
2024-05-05 10:22:00,U000986,포인트결제,쇼핑,38013.0,서울,20대,성공
2024-07-17 11:00:00,U002422,신용카드,공과금,74253.0,제주,20대,성공
2024-10-13 18:35:00,U003851,신용카드,교통,500.0,광주,50대,성공
2024-07-02 07:48:00,U003734,계좌이체,여행,390669.0,서울,,성공
2024-03-29 13:04:00,U001918,신용카드,교통,637.0,서울,40대,성공
2024-06-01 20:13:00,U000789,신용카드,쇼핑,29849.0,경기,40대,성공
2024-11-25 21:26:00,U000642,신용카드,교육,63801.0,서울,20대,성공
2024-10-26 13:56:00,U003306,신용카드,공과금,,인천,50대,성공
2024-10-27 18:26:00,U002166,신용카드,식음료,21955.0,인천,40대,성공
2024-12-06 08:49:00,U002846,신용카드,의료,18175.0,서울,20대,성공
2024-03-19 17:21:00,U002652,신용카드,여행,246501.0,서울,40대,성공
2024-01-06 12:38:00,U003991,계좌이체,공과금,25441.0,경기,30대,성공
2024-10-31 20:28:00,U003261,포인트결제,의료,21343.0,인천,30대,취소
2024/01/09 23:14,U000356,포인트결제,식음료,16541.0,대전,30대,성공
2024-11-08 05:19:00,U003763,계좌이체,공과금,64923.0,전북,20대,성공
2024-02-14 12:52:00,U001477,신용카드,식음료,23810.0,서울,20대,성공
2024-03-08 20:41:00,U001801,신용카드,문화/여가,7875.0,경기,10대,성공
2024/06/14 10:09,U000392,신용카드,의료,19259.0,서울,40대,실패
2024-03-23 08:09:00,U002748,신용카드,식음료,,대구,50대,성공
2024-12-10 17:05:00,U001660,신용카드,식음료,10316.0,전남,30대,성공
2024-02-18 08:04:00,U003565,포인트결제,쇼핑,38458.0,인천,30대,성공
2024-12-08 14:18:00,U001401,체크카드,교통,3203.0,서울,30대,실패
2024-11-29 11:09:00,U003321,신용카드,쇼핑,26265.0,서울,30대,성공
2024/05/09 09:32,U000299,체크카드,교통,6210.0,광주,50대,성공
2024-08-21 11:25:00,U000255,신용카드,식음료,11634.0,인천,30대,성공
2024-12-03 12:00:00,U000128,신용카드,문화/여가,18856.0,제주,60대 이상,성공
2024-07-14 20:23:00,U002013,체크카드,교통,1409.0,경북,50대,성공
2024-09-12 17:47:00,U000785,체크카드,문화/여가,73481.0,서울,20대,성공
2024-09-10 22:19:00,U002813,휴대폰결제,공과금,37822.0,경남,50대,취소
2024-07-16 07:59:00,U000417,신용카드,쇼핑,78288.0,서울,30대,성공
2024-04-12 13:57:00,U000293,신용카드,쇼핑,36169.0,경기,30대,성공
2024-01-01 06:46:00,U001364,포인트결제,기타,42755.0,경기,50대,성공
2024-08-17 16:41:00,U002365,체크카드,기타,24065.0,경기,30대,성공
2024-12-02 10:50:00,U001834,계좌이체,문화/여가,29962.0,경기,20대,성공
2024-03-14 18:05:00,U002249,계좌이체,교통,2058.0,서울,30대,성공
2024-08-29 20:17:00,U003543,체크카드,여행,236603.0,서울,40대,성공
2024-09-06 18:52:00,U002659,신용카드,기타,43982.0,경기,10대,성공
2024/09/27 18:35,U000757,계좌이체,교통,7109.0,서울,20대,실패
2024-01-31 19:31:00,U000936,신용카드,문화/여가,46044.0,경기,,성공
2024-01-19 20:46:00,U003843,신용카드,식음료,33214.0,서울,20대,실패
2024-08-08 20:37:00,U001071,체크카드,교통,1438.0,서울,60대 이상,실패
2024-07-01 21:35:00,U001608, 신용카드 ,의료,41987.0,울산,60대 이상,성공
2024-12-09 18:47:00,U002048,신용카드,쇼핑,30346.0,충남,30대,성공
2024/03/02 02:27,U000107,신용카드,식음료,10042.0,서울,30대,성공
2024-12-22 08:02:00,U000575,신용카드,쇼핑,35949.0,대구,50대,성공
2024-04-08 21:03:00,U000775,체크카드,의료,25333.0,전남,30대,성공
2024-08-05 11:29:00,U002226,신용카드,식음료,38438.0,서울,30대,성공
2024-09-22 19:21:00,U000443,계좌이체,공과금,87617.0,경기,40대,성공
2024-07-07 03:17:00,U003041,신용카드,교통,1552.0,광주,60대 이상,성공
2024/07/12 12:07,U002155,체크카드,쇼핑,6230.0,강원,20대,성공
2024-09-23 19:44:00,U001413,체크카드,쇼핑,27405.0,서울,30대,성공
2024/12/02 11:44,U001430,체크카드,문화/여가,4263.0,경기,60대 이상,성공
2024-07-05 17:46:00,U002397,체크카드,쇼핑,22190.0,,30대,성공
2024-08-24 21:11:00,U002564,계좌이체,쇼핑,72583.0,전남,50대,성공
2024-03-01 18:46:00,U003766,신용카드,교통,6582.0,서울,20대,성공
2024-02-10 18:21:00,U003215,휴대폰결제,쇼핑,62262.0,울산,40대,취소
2024-10-01 10:21:00,U001329,휴대폰결제,여행,149485.0,서울,40대,성공
2024-02-11 12:58:00,U002776,신용카드,의료,10459.0,경기,40대,성공
2024-08-01 14:11:00,U000381,체크카드,여행,340986.0,경남,60대 이상,성공
2024-09-25 17:00:00,U003581,체크카드,공과금,84802.0,대구,30대,성공
2024-08-16 18:08:00,U002075,계좌이체,교통,1974.0,충북,30대,성공
2024-05-19 18:11:00,U003168,포인트결제,식음료,19880.0,충북,40대,성공
2024/02/13 20:53,U002426,신용카드,쇼핑,14618.0,서울,60대 이상,성공
2024-08-04 18:56:00,U001278,신용카드,쇼핑,40910.0,부산,30대,성공
2024-03-23 21:35:00,U003495,계좌이체,공과금,76856.0,부산,30대,성공
2024-05-02 02:58:00,U001931,신용카드,식음료,18852.0,부산,50대,성공
2024-06-26 04:00:00,U003653,신용카드,교통,3969.0,경기,20대,성공
2024-12-26 16:39:00,U000068,계좌이체,교육,85466.0,경기,20대,성공
2024-04-20 12:29:00,U002125,체크카드,식음료,8437.0,서울,20대,실패
2024-05-12 08:07:00,U000619,계좌이체,쇼핑,54969.0,인천,30대,성공
2024/12/10 22:34,U002571,계좌이체,기타,11837.0,서울,40대,성공
2024-06-13 08:43:00,U002369,신용카드,여행,52037.0,인천,20대,성공
2024-04-19 13:51:00,U003272,계좌이체,쇼핑,16703.0,부산,30대,성공
2024-03-03 21:34:00,U001582,신용카드,공과금,253187.0,서울,,성공
2024-04-22 11:37:00,U000548,계좌이체,교통,1957.0,경남,30대,성공
2024/01/20 13:43,U002205,체크카드,쇼핑,42734.0,강원,60대 이상,성공
2024-03-16 19:35:00,U002394,신용카드,공과금,229993.0,서울,40대,성공
2024-06-28 10:55:00,U001585,계좌이체,기타,18267.0,강원,20대,성공
2024-08-30 00:28:00,U000106,신용카드,의료,17961.0,경남,40대,성공
2024-02-18 18:59:00,U003483,체크카드,교육,136833.0,인천,60대 이상,성공
2024-09-24 23:06:00,U000249,신용카드,식음료,31693.0,서울,20대,취소
2024-10-19 20:05:00,U000379, 신용카드 ,쇼핑,46363.0,경기,30대,성공
2024-04-25 18:03:00,U001900,계좌이체,의료,24669.0,부산,30대,성공
2024-10-18 18:28:00,U003911,신용카드,쇼핑,60207.0,인천,10대,성공
2024-03-28 21:53:00,U002103,,쇼핑,39551.0,경기,,성공
2024-05-16 14:34:00,U003631,휴대폰결제,식음료,31972.0,경기,20대,성공
2024-02-29 13:00:00,U001637, 신용카드 ,문화/여가,4618.0,부산,20대,성공
2024-02-01 12:42:00,U001285,계좌이체,식음료,8082.0,광주,30대,성공
2024-12-21 23:43:00,U003708,체크카드,교통,1939.0,서울,30대,성공
2024/03/07 12:50,U003717,신용카드,식음료,28144.0,경기,50대,성공
2024/09/25 09:45,U003225, 신용카드 ,의료,73361.0,대구,20대,성공
2024-01-13 14:25:00,U001403,체크카드,교통,6252.0,제주,30대,성공
2024-12-07 01:25:00,U001982,신용카드,여행,392215.0,충남,20대,성공
2024-09-07 11:17:00,U002414, 신용카드 ,공과금,68155.0,인천,30대,실패
2024-05-08 06:11:00,U003523,체크카드,기타,12296.0,부산,60대 이상,성공
2024-06-21 12:53:00,U000150,체크카드,공과금,78096.0,서울,40대,성공
2024/07/01 09:02,U002705,체크카드,문화/여가,24404.0,광주,40대,성공
2024-06-20 15:23:00,U000456,체크카드,쇼핑,48839.0,경북,20대,성공
2024-11-22 18:22:00,U003280,체크카드,기타,29560.0,서울,,성공
2024-01-30 21:53:00,U003056,계좌이체,문화/여가,68831.0,부산,20대,성공
2024-05-29 10:31:00,U001034,포인트결제,교통,3086.0,서울,40대,성공
2024/01/11 17:23,U001365,계좌이체,기타,5776.0,전북,30대,성공
2024-08-27 07:48:00,U000561,신용카드,교통,3008.0,서울,20대,성공
2024-08-09 09:53:00,U001641,,식음료,11900.0,경기,40대,성공
2024-06-15 21:39:00,U000522,신용카드,식음료,6865.0,부산,30대,성공
2024-02-05 21:47:00,U002367, 신용카드 ,기타,45952.0,부산,20대,성공
2024-11-18 16:43:00,U000163,계좌이체,식음료,11674.0,경기,30대,성공
2024-08-19 14:35:00,U003990,신용카드,식음료,32658.0,서울,60대 이상,성공
2024-11-11 13:59:00,U002005,신용카드,교통,5092.0,경기,20대,실패
2024-09-04 11:57:00,U000191,신용카드,문화/여가,39429.0,전남,50대,성공
2024-06-13 17:53:00,U002982,신용카드,쇼핑,107521.0,대구,40대,성공
2024/12/11 18:17,U002812,신용카드,기타,46040.0,경기,30대,성공
2024-11-30 11:17:00,U002063,신용카드,문화/여가,36336.0,경기,40대,성공
2024-02-02 18:28:00,U000228,계좌이체,교육,126556.0,서울,40대,성공
2024-12-29 16:45:00,U003590,신용카드,문화/여가,1220.0,부산,30대,성공
2024/06/30 23:56,U001964,신용카드,쇼핑,24547.0,전남,40대,실패
2024-08-27 22:52:00,U001219,포인트결제,식음료,6299.0,부산,30대,성공
2024/03/24 21:10,U003421,신용카드,쇼핑,58880.0,대전,40대,성공
2024/01/06 20:49,U001210,신용카드,식음료,14109.0,서울,30대,성공
2024-01-15 23:44:00,U001886,신용카드,기타,15963.0,서울,40대,성공
2024-05-28 11:18:00,U001994,신용카드,문화/여가,19872.0,경기,30대,성공
2024/06/20 21:11,U000920,체크카드,기타,,경기,50대,실패
2024-12-02 06:25:00,U000448,,문화/여가,28317.0,경기,30대,성공
2024-05-21 12:19:00,U002174,계좌이체,여행,70271.0,서울,40대,성공
2024/03/04 12:23,U002707,휴대폰결제,교육,41667.0,서울,60대 이상,성공
2024-12-07 18:02:00,U003720,계좌이체,공과금,27008.0,서울,30대,성공
2024/01/17 16:50,U002240,포인트결제,공과금,116860.0,인천,,성공
2024-07-03 11:49:00,U002767,체크카드,교통,8592.0,경북,40대,성공
2024-09-05 13:06:00,U000920,신용카드,의료,11635.0,서울,10대,성공
2024-10-13 08:20:00,U001574,신용카드,공과금,26614.0,서울,30대,성공
2024/04/28 19:36,U003493,계좌이체,문화/여가,25341.0,경기,,성공
2024/07/27 20:17,U003694,포인트결제,공과금,40710.0,인천,,성공
2024-12-09 06:03:00,U001508,계좌이체,교육,58856.0,서울,20대,성공
2024-10-09 15:50:00,U000120,체크카드,쇼핑,64078.0,충남,30대,성공
2024-01-31 10:04:00,U001593,계좌이체,쇼핑,27762.0,서울,40대,성공
2024-10-19 11:21:00,U003142,신용카드,식음료,14261.0,서울,50대,성공
2024-06-04 10:35:00,U003291,계좌이체,공과금,67728.0,서울,40대,성공
2024/10/05 20:48,U001224,신용카드,식음료,42801.0,경기,40대,성공
2024-02-29 20:23:00,U001646,신용카드,쇼핑,171229.0,서울,,성공
2024-07-29 20:51:00,U000082,신용카드,의료,19064.0,부산,20대,성공
2024/01/19 19:02,U003257,신용카드,교육,219517.0,경기,30대,성공
2024/01/17 12:09,U001344,체크카드,쇼핑,27067.0,서울,30대,성공
2024-04-23 21:08:00,U001119,휴대폰결제,공과금,50560.0,서울,,성공
2024-11-17 20:10:00,U001103,체크카드,쇼핑,51342.0,,10대,성공
2024-11-14 20:00:00,U000940,계좌이체,식음료,18610.0,부산,50대,실패
2024-12-01 23:50:00,U000518, 신용카드 ,교통,3986.0,서울,50대,성공
2024-02-18 13:52:00,U000653,신용카드,식음료,12469.0,서울,60대 이상,성공
2024-07-23 14:27:00,U002123,체크카드,교통,6064.0,울산,30대,성공
2024-12-19 18:52:00,U002751,포인트결제,문화/여가,128342.0,서울,30대,성공
2024-06-08 22:34:00,U002235,신용카드,식음료,3817.0,서울,20대,성공
2024-10-31 10:41:00,U000954,신용카드,여행,173958.0,대구,10대,실패
2024-06-09 08:15:00,U001225,체크카드,교육,120398.0,서울,40대,성공
2024-03-09 12:38:00,U001778,신용카드,교통,4916.0,광주,40대,성공
2024-02-26 21:11:00,U000919,포인트결제,교통,3455.0,대구,30대,성공
2024-11-06 21:19:00,U002592,신용카드,교육,279028.0,경기,30대,취소
2024-01-22 14:28:00,U001222,체크카드,식음료,38656.0,광주,30대,성공
2024-04-03 20:56:00,U002600,신용카드,의료,60068.0,경기,40대,성공
2024-11-20 18:27:00,U000972,휴대폰결제,문화/여가,34204.0,,20대,성공
2024-10-05 12:40:00,U001795,포인트결제,의료,77682.0,경기,40대,성공
2024-03-25 16:45:00,U001768,체크카드,쇼핑,29011.0,서울,30대,성공
2024-07-22 12:21:00,U000768,신용카드,쇼핑,56588.0,인천,30대,성공
2024-04-10 09:24:00,U001122,체크카드,의료,38654.0,서울,30대,성공
2024-04-14 21:27:00,U000333,체크카드,쇼핑,,서울,30대,성공
2024-09-09 10:19:00,U001631,체크카드,교육,41990.0,서울,50대,성공
2024-10-16 11:53:00,U001385,계좌이체,공과금,95147.0,인천,30대,성공
2024-05-13 16:37:00,U002672,체크카드,교통,705.0,서울,40대,성공
2024-04-30 13:30:00,U001982,신용카드,교통,2225.0,제주,,성공
2024-09-23 19:06:00,U003871,신용카드,식음료,46710.0,서울,30대,성공
2024-10-02 16:21:00,U001935,신용카드,기타,23012.0,경기,30대,성공
2024-12-09 20:39:00,U001622,신용카드,문화/여가,54268.0,인천,20대,성공
2024-11-17 21:44:00,U002487,신용카드,문화/여가,35885.0,서울,20대,성공
2024-06-23 15:57:00,U003505,체크카드,문화/여가,73637.0,전북,30대,성공
2024-09-17 13:48:00,U000892,체크카드,공과금,12302.0,대전,,성공
2024-04-27 21:48:00,U002450,신용카드,식음료,7592.0,경기,30대,성공
2024-01-05 23:12:00,U002083,휴대폰결제,문화/여가,54861.0,경기,60대 이상,성공
2024-10-21 16:36:00,U002293,신용카드,문화/여가,37733.0,대구,30대,성공
2024/06/01 07:22,U002590,계좌이체,기타,15827.0,서울,40대,성공
2024-10-09 18:14:00,U003294,체크카드,교육,88649.0,인천,30대,성공
2024-11-28 19:24:00,U003851,신용카드,식음료,16561.0,서울,20대,성공
2024-02-04 17:47:00,U002648,계좌이체,여행,283422.0,서울,50대,성공
2024-02-23 18:36:00,U000403,휴대폰결제,문화/여가,65155.0,경기,30대,실패
2024-03-18 18:38:00,U003266,체크카드,문화/여가,16101.0,인천,,성공
2024-10-27 12:17:00,U002190,체크카드,식음료,13654.0,경북,,성공
2024-02-23 20:09:00,U003723,체크카드,기타,9465.0,충남,10대,성공
2024-02-17 23:39:00,U000856,체크카드,공과금,57713.0,충남,40대,취소
2024-02-06 19:45:00,U003992,계좌이체,의료,27735.0,강원,30대,성공
2024-06-09 14:35:00,U000972,신용카드,쇼핑,21609.0,경북,30대,성공
2024-12-01 22:29:00,U001043,계좌이체,문화/여가,7758.0,서울,20대,성공
2024-02-07 18:27:00,U002665,체크카드,교통,1351.0,인천,30대,성공
2024-04-02 18:43:00,U003334,휴대폰결제,식음료,23009.0,대구,30대,실패
2024/07/20 07:04,U003634,계좌이체,쇼핑,101047.0,인천,20대,성공
2024-04-15 18:44:00,U003739,체크카드,쇼핑,66365.0,제주,30대,성공
2024-12-16 10:56:00,U003140,신용카드,쇼핑,11890.0,광주,60대 이상,성공
2024/04/21 04:20,U003041,신용카드,교통,,경북,30대,성공
2024-07-06 10:16:00,U000536,체크카드,식음료,34110.0,경기,30대,성공
2024-09-21 11:05:00,U001905,신용카드,여행,56386.0,경남,30대,성공
2024-04-07 19:51:00,U002066,신용카드,식음료,8096.0,전북,50대,성공
2024-05-22 08:47:00,U002924,신용카드,쇼핑,95382.0,충남,20대,성공
2024-12-21 21:08:00,U000964,신용카드,식음료,15685.0,경기,10대,성공
2024/09/22 15:03,U001684,신용카드,기타,78512.0,대구,40대,성공
2024-12-06 18:09:00,U002767,,기타,45157.0,경기,30대,성공
2024-11-10 11:37:00,U000800,신용카드,식음료,7018.0,,20대,성공
2024-01-14 07:39:00,U000488,계좌이체,쇼핑,22367.0,광주,10대,성공
2024-06-17 16:54:00,U000258,휴대폰결제,식음료,15434.0,서울,50대,성공
2024-01-20 20:03:00,U001156,포인트결제,의료,65460.0,경북,60대 이상,성공
2024/02/13 18:40,U000681,포인트결제,쇼핑,59333.0,대구,10대,성공
2024-10-03 02:25:00,U001734,체크카드,공과금,134228.0,경북,30대,성공
2024-11-08 23:38:00,U001811,체크카드,공과금,66473.0,대구,30대,성공
2024/07/31 12:36,U002263,신용카드,문화/여가,46507.0,경기,30대,성공
2024-09-27 08:23:00,U001137,계좌이체,식음료,13985.0,서울,30대,성공
2024-02-03 23:39:00,U000108,체크카드,쇼핑,74940.0,전남,20대,성공
2024/08/22 12:57,U001410,계좌이체,교육,87662.0,인천,30대,성공
2024/11/15 19:12,U000529,신용카드,식음료,2816.0,세종,50대,성공
2024-01-31 20:13:00,U001216,휴대폰결제,문화/여가,75727.0,서울,30대,성공
2024-01-14 22:09:00,U000870,계좌이체,의료,30195.0,부산,50대,성공
2024-11-04 21:29:00,U001507,포인트결제,문화/여가,64682.0,강원,20대,성공
2024-12-19 19:13:00,U003970,계좌이체,식음료,10390.0,전남,30대,성공
2024/05/26 19:18,U002929,휴대폰결제,문화/여가,,서울,60대 이상,성공
2024/08/12 21:41,U001028,체크카드,교육,114473.0,서울,50대,성공
2024-12-16 20:45:00,U002831,신용카드,식음료,21084.0,강원,20대,성공
2024/06/21 16:46,U003393,체크카드,쇼핑,26802.0,서울,30대,성공
2024-09-03 18:23:00,U002093,,교통,3504.0,서울,40대,성공
2024-07-12 20:57:00,U000571,계좌이체,교통,4837.0,서울,30대,성공
2024-04-26 12:01:00,U003744,신용카드,문화/여가,33943.0,대전,40대,성공
2024-07-30 10:37:00,U002356,체크카드,공과금,85236.0,서울,30대,성공
2024-01-31 06:37:00,U002192,체크카드,공과금,91825.0,부산,20대,성공
2024-05-18 13:26:00,U002226,계좌이체,공과금,189633.0,,,성공
2024-06-21 10:11:00,U003103,신용카드,식음료,30098.0,서울,20대,성공
2024-06-10 19:41:00,U003413,체크카드,쇼핑,20692.0,서울,30대,성공
2024-01-30 09:52:00,U000629,체크카드,식음료,16302.0,서울,20대,성공
2024/08/13 20:54,U000295, 신용카드 ,공과금,42067.0,경기,30대,성공
2024-05-20 03:55:00,U002481,계좌이체,교통,6480.0,인천,50대,성공
2024-04-17 20:19:00,U003027,체크카드,의료,4776.0,경기,30대,성공
2024-09-05 11:00:00,U002518,휴대폰결제,교통,1355.0,서울,20대,실패
2024-02-15 03:34:00,U002324,포인트결제,식음료,5497.0,경기,30대,성공
2024-01-08 08:18:00,U001860,계좌이체,의료,57682.0,서울,50대,성공
2024-01-10 11:27:00,U003933, 신용카드 ,교통,5994.0,경기,30대,성공
2024-06-23 13:32:00,U003228,신용카드,쇼핑,15583.0,서울,20대,성공
2024-06-15 19:31:00,U000107,체크카드,기타,22197.0,인천,50대,성공
2024-05-06 16:13:00,U003999,포인트결제,식음료,11138.0,서울,20대,실패
2024-01-02 13:49:00,U000057,신용카드,쇼핑,49735.0,대구,50대,취소
2024-09-21 01:52:00,U002092,계좌이체,식음료,21742.0,서울,,성공
2024-04-19 08:36:00,U000377,신용카드,식음료,5892.0,인천,20대,성공
2024-05-12 11:27:00,U001394,계좌이체,여행,235372.0,경기,20대,성공
2024-02-16 18:28:00,U001100,체크카드,문화/여가,49337.0,서울,20대,성공
2024-11-26 19:38:00,U001643,체크카드,교통,500.0,서울,20대,성공
2024-02-20 21:18:00,U002546,신용카드,식음료,35934.0,서울,40대,성공
2024-10-08 21:25:00,U002289,체크카드,교통,3931.0,경남,20대,성공
2024-10-05 15:04:00,U000041,계좌이체,기타,7408.0,경기,20대,성공
2024-12-08 15:54:00,U001178,체크카드,쇼핑,17976.0,인천,20대,성공
2024-03-22 11:40:00,U002571,신용카드,문화/여가,14303.0,인천,30대,성공
2024-03-07 09:23:00,U001954,체크카드,의료,54455.0,경기,30대,성공
2024-03-21 17:47:00,U001679, 신용카드 ,의료,49095.0,경남,,성공
2024-09-02 08:38:00,U001793, 신용카드 ,식음료,19700.0,경기,60대 이상,성공
2024-03-22 12:51:00,U003340,체크카드,쇼핑,33210.0,경기,60대 이상,성공
2024-04-23 16:27:00,U001513,신용카드,쇼핑,45282.0,서울,20대,성공
2024-10-25 20:42:00,U002229, 신용카드 ,쇼핑,27013.0,부산,30대,성공
2024-07-30 21:05:00,U001186,신용카드,식음료,32246.0,서울,50대,성공
2024/05/18 18:30,U002702,신용카드,교통,760.0,서울,40대,성공
2024-11-09 18:24:00,U001287,체크카드,교육,48918.0,대구,20대,성공
2024-12-12 17:22:00,U003826,신용카드,교통,1815.0,경기,30대,성공
2024-11-06 12:01:00,U000446,계좌이체,식음료,6513.0,경북,20대,성공
2024-07-23 23:39:00,U000339,계좌이체,쇼핑,30778.0,서울,30대,성공
2024-07-14 15:20:00,U001452,신용카드,쇼핑,73549.0,충북,30대,성공
2024/08/14 09:20,U002079,신용카드,교통,3217.0,경남,40대,성공
2024-10-26 12:01:00,U003743,신용카드,교통,2926.0,울산,50대,성공
2024-07-07 08:57:00,U000223,신용카드,쇼핑,19140.0,인천,10대,성공
2024-04-20 10:43:00,U003532,계좌이체,기타,17503.0,인천,30대,성공
2024-01-10 21:07:00,U002364,신용카드,교통,919.0,서울,40대,성공
2024-11-30 07:10:00,U003757,휴대폰결제,기타,14930.0,서울,30대,성공
2024-10-24 05:55:00,U003986,체크카드,문화/여가,22467.0,부산,50대,취소
2024-05-08 18:14:00,U000123,포인트결제,식음료,9201.0,서울,,성공
2024-03-11 20:25:00,U000913,체크카드,교통,2946.0,부산,,성공
2024-09-02 19:23:00,U003109,체크카드,여행,228565.0,경남,20대,성공
2024-01-14 10:05:00,U002200,체크카드,쇼핑,106599.0,서울,30대,성공
2024-08-18 10:48:00,U002054,신용카드,쇼핑,37149.0,경남,10대,실패
2024-07-10 13:55:00,U002647,체크카드,기타,44499.0,인천,30대,성공
2024-05-22 14:22:00,U000379,,교육,89271.0,부산,20대,성공
2024/09/28 12:25,U002007,신용카드,여행,99341.0,경기,10대,성공
2024-07-01 19:51:00,U000067,체크카드,쇼핑,42059.0,서울,20대,성공
2024/01/20 14:44,U002770,계좌이체,쇼핑,40705.0,광주,20대,성공
2024/03/20 03:56,U003478,계좌이체,쇼핑,93468.0,경기,30대,성공
2024-02-07 09:29:00,U003737,계좌이체,쇼핑,13025.0,경기,,성공
2024-05-23 07:31:00,U003056,신용카드,쇼핑,65704.0,경기,30대,성공
2024-12-06 18:01:00,U002271,포인트결제,쇼핑,169907.0,강원,20대,성공
2024/11/01 09:43,U000409,휴대폰결제,식음료,12213.0,경기,20대,성공
2024-11-19 07:06:00,U001808,신용카드,여행,255073.0,대구,30대,성공
2024-05-27 08:21:00,U003396,신용카드,공과금,56410.0,서울,50대,성공
2024-06-07 12:06:00,U001509, 신용카드 ,교육,61846.0,경기,40대,성공
2024-05-26 03:51:00,U002939,포인트결제,쇼핑,157409.0,세종,30대,성공
2024-03-02 17:14:00,U001697,신용카드,식음료,49863.0,경기,20대,성공
2024-09-11 16:46:00,U002341,,기타,14492.0,서울,30대,성공
2024-09-25 13:19:00,U000084,신용카드,공과금,94549.0,경기,30대,성공
2024-09-06 17:41:00,U001295,신용카드,식음료,6314.0,제주,60대 이상,성공
2024-03-20 19:16:00,U000522,계좌이체,공과금,38567.0,서울,10대,성공
2024-10-04 18:36:00,U001693,신용카드,교육,141646.0,,,성공
2024/06/09 11:20,U000332,체크카드,쇼핑,15531.0,충북,30대,성공
2024-03-15 23:54:00,U003905,포인트결제,쇼핑,56037.0,울산,30대,성공
2024-06-07 16:00:00,U002554,계좌이체,공과금,85439.0,경북,30대,성공
2024-04-04 09:51:00,U000518,신용카드,식음료,11858.0,경남,30대,성공
2024/10/15 10:27,U002555, 신용카드 ,쇼핑,46412.0,인천,40대,성공
2024-06-24 10:19:00,U003401,계좌이체,식음료,13597.0,대구,20대,성공
2024-09-04 13:55:00,U000733,휴대폰결제,공과금,11391.0,부산,40대,성공
2024-09-07 09:20:00,U001337,계좌이체,식음료,20602.0,부산,40대,성공
2024-06-07 09:49:00,U000585,신용카드,교통,3550.0,경기,60대 이상,성공
2024-03-22 08:27:00,U001384,신용카드,식음료,20144.0,부산,,성공
2024-09-24 16:32:00,U002381,신용카드,공과금,41174.0,경기,40대,성공
2024-11-26 18:30:00,U003550,신용카드,여행,226466.0,인천,40대,성공
2024-09-28 20:20:00,U001238,신용카드,식음료,11409.0,서울,60대 이상,성공
2024-06-29 14:07:00,U003853,체크카드,식음료,46624.0,강원,10대,성공
2024-07-08 15:33:00,U003581,계좌이체,문화/여가,30258.0,부산,10대,성공
2024-09-29 09:49:00,U002516,신용카드,교육,153014.0,제주,10대,성공
2024/08/09 15:34,U001684,포인트결제,식음료,8829.0,경기,60대 이상,성공
2024-07-13 14:35:00,U002082,포인트결제,교통,3628.0,서울,60대 이상,성공
2024-07-25 22:05:00,U000098,계좌이체,문화/여가,16526.0,인천,20대,성공
2024-04-16 17:54:00,U000450,휴대폰결제,쇼핑,64836.0,인천,20대,실패
2024-06-13 17:22:00,U001284,계좌이체,교통,4379.0,경기,50대,성공
2024/05/01 22:47,U002470,신용카드,의료,37763.0,대구,30대,성공
2024-04-06 18:02:00,U001498,계좌이체,교통,500.0,서울,20대,성공
2024-09-20 17:38:00,U003478,체크카드,공과금,42323.0,경북,30대,성공
2024-04-29 23:20:00,U001886,휴대폰결제,식음료,6346.0,서울,50대,성공
2024-07-22 19:04:00,U003799,신용카드,여행,221274.0,대구,40대,성공
2024-05-03 12:21:00,U003612,신용카드,의료,38033.0,서울,40대,성공
2024-10-29 19:03:00,U001906,,의료,39683.0,서울,50대,성공
2024-03-23 22:29:00,U001989,신용카드,교육,85070.0,부산,60대 이상,성공
2024-05-25 15:58:00,U003725,신용카드,문화/여가,28513.0,서울,30대,성공
2024-06-09 01:09:00,U002662,계좌이체,여행,585784.0,서울,40대,성공
2024-02-22 18:33:00,U000821,휴대폰결제,공과금,69533.0,강원,50대,성공
2024-04-15 16:08:00,U000037,포인트결제,쇼핑,24802.0,충남,60대 이상,성공
2024/08/10 13:06,U003910,신용카드,기타,65188.0,강원,40대,성공
2024-01-23 18:46:00,U001389,체크카드,식음료,21700.0,부산,30대,성공
2024-06-28 11:30:00,U000567,휴대폰결제,쇼핑,43447.0,서울,40대,성공
2024-04-29 08:11:00,U001499,신용카드,교통,1397.0,대전,30대,성공
2024/03/31 08:20,U003040,,교육,150305.0,대전,60대 이상,실패
2024-10-25 23:49:00,U003327,체크카드,쇼핑,67560.0,서울,60대 이상,성공
2024-10-01 15:16:00,U001273,신용카드,쇼핑,53637.0,서울,30대,성공
2024/06/26 19:21,U002648,포인트결제,기타,20543.0,서울,50대,성공
2024-08-12 18:38:00,U000977,신용카드,공과금,144907.0,서울,20대,성공
2024-05-09 20:31:00,U003797, 신용카드 ,기타,25547.0,경기,30대,성공
2024-12-27 21:53:00,U002473,신용카드,교통,5896.0,충북,10대,성공
2024-08-04 17:06:00,U000674,체크카드,공과금,97796.0,경남,,성공
2024-06-10 12:12:00,U000269,계좌이체,식음료,6908.0,경기,30대,성공
2024-03-06 17:36:00,U000569,신용카드,식음료,3358.0,서울,20대,성공
2024/09/08 16:45,U001762,신용카드,쇼핑,13858.0,서울,50대,성공
2024-02-26 09:57:00,U001201,신용카드,쇼핑,35237.0,경기,40대,성공
2024-06-28 11:19:00,U001231,계좌이체,쇼핑,58730.0,전남,30대,성공
2024-07-30 13:27:00,U000302,신용카드,교통,1885.0,경기,20대,성공
2024-10-04 20:49:00,U003089,신용카드,여행,47344.0,경기,50대,성공
2024-09-08 21:08:00,U001167,체크카드,기타,11458.0,서울,20대,성공
2024-04-23 08:07:00,U000988,체크카드,문화/여가,6580.0,전남,60대 이상,성공
2024-06-03 07:15:00,U003761,포인트결제,식음료,18655.0,경남,60대 이상,성공
2024/06/04 21:28,U001369,신용카드,문화/여가,31346.0,경기,30대,성공
2024-06-26 21:49:00,U003366,신용카드,기타,15436.0,서울,20대,성공
2024-10-21 21:54:00,U003709,신용카드,식음료,22909.0,경남,10대,성공
2024-11-21 20:38:00,U003068,체크카드,교통,2894.0,서울,30대,성공
2024-09-06 18:33:00,U003991,신용카드,문화/여가,19313.0,서울,10대,성공
2024-10-05 19:53:00,U000822,포인트결제,쇼핑,54377.0,경기,20대,성공
2024-05-06 10:24:00,U001947,체크카드,교통,3277.0,제주,40대,성공
2024-02-04 04:22:00,U001041,신용카드,문화/여가,52423.0,서울,20대,성공
2024-01-12 13:17:00,U002347,신용카드,공과금,80988.0,경기,20대,성공
2024-02-20 15:12:00,U002942,체크카드,문화/여가,33698.0,경남,30대,성공
2024-09-02 20:00:00,U000643,신용카드,쇼핑,63458.0,서울,20대,실패
2024-03-15 07:59:00,U001468,,기타,7117.0,충북,30대,성공
2024-05-22 15:25:00,U003333,신용카드,식음료,8326.0,경기,20대,성공
2024-07-19 09:08:00,U002399,신용카드,쇼핑,73542.0,경기,30대,성공
2024-08-01 16:29:00,U002987,체크카드,식음료,3009.0,,30대,성공
2024-08-26 19:40:00,U001152,휴대폰결제,식음료,20181.0,전북,40대,성공
2024-10-23 17:41:00,U001927,계좌이체,쇼핑,64931.0,서울,30대,성공
2024-04-18 13:03:00,U001211,포인트결제,교통,2223.0,인천,50대,성공
2024-08-27 12:27:00,U000495,체크카드,문화/여가,30505.0,전북,50대,성공
2024-02-08 11:16:00,U000193,,의료,62967.0,경기,50대,성공
2024/12/22 18:43,U000441,체크카드,식음료,21430.0,인천,30대,성공
2024-11-28 13:42:00,U002655,포인트결제,기타,21001.0,인천,40대,성공
2024/01/14 21:33,U002652,신용카드,교통,4860.0,인천,40대,성공
2024-06-19 14:43:00,U001236,신용카드,쇼핑,37535.0,경남,,성공
2024-11-13 09:03:00,U000215,계좌이체,공과금,50399.0,부산,30대,성공
2024-11-16 14:42:00,U003523,포인트결제,쇼핑,17374.0,전북,30대,성공
2024-07-02 10:07:00,U002627,포인트결제,쇼핑,24500.0,서울,50대,성공
2024/11/02 17:56,U000796,신용카드,문화/여가,44976.0,서울,40대,성공
2024-03-06 10:23:00,U002011,포인트결제,의료,70238.0,서울,30대,성공
2024-07-24 21:33:00,U000436,포인트결제,쇼핑,75600.0,경기,,실패
2024-08-23 07:58:00,U002830,신용카드,의료,99377.0,경남,40대,성공
2024-03-25 09:16:00,U002860,계좌이체,문화/여가,16734.0,경기,40대,성공
2024-11-12 14:32:00,U001119,계좌이체,기타,13557.0,경기,50대,성공
2024-08-20 05:21:00,U001836,신용카드,문화/여가,61084.0,경기,30대,성공
2024-11-18 21:03:00,U001350, 신용카드 ,공과금,184669.0,경기,30대,성공
2024-12-30 09:14:00,U002838,체크카드,교통,3013.0,인천,30대,성공
2024/11/11 01:20,U002643,체크카드,기타,12535.0,경기,40대,성공
2024-04-11 18:14:00,U000810,신용카드,쇼핑,42491.0,인천,30대,성공
2024-11-13 23:54:00,U002522,체크카드,문화/여가,19021.0,경기,20대,실패
2024-09-16 09:25:00,U001970,신용카드,문화/여가,60870.0,서울,60대 이상,성공
2024/06/16 13:31,U003969,신용카드,기타,19586.0,전북,30대,성공
2024-10-25 16:15:00,U002760,신용카드,식음료,10828.0,서울,20대,성공
2024/06/02 19:14,U002333,신용카드,의료,38721.0,광주,40대,성공
2024-05-23 13:46:00,U000900,신용카드,공과금,95630.0,,20대,성공
2024-04-29 11:22:00,U000378,휴대폰결제,식음료,20472.0,충남,20대,성공
2024-06-04 22:59:00,U002832,계좌이체,쇼핑,78718.0,서울,20대,성공
2024-02-22 12:32:00,U003649,포인트결제,식음료,6233.0,경기,30대,성공
2024-12-12 13:29:00,U000114,신용카드,쇼핑,68898.0,경기,50대,성공
2024-02-17 15:41:00,U002365,체크카드,식음료,16369.0,서울,40대,성공
2024-08-19 19:21:00,U002375,신용카드,식음료,7237.0,대구,30대,성공
2024-06-08 18:35:00,U003146,신용카드,문화/여가,25039.0,전북,20대,성공
2024/08/07 19:16,U001941,신용카드,의료,78627.0,서울,60대 이상,성공
2024/02/06 10:14,U000456,체크카드,의료,26012.0,서울,20대,성공
2024-12-05 08:28:00,U003214,체크카드,여행,283972.0,서울,60대 이상,성공
2024-01-23 16:41:00,U001892,체크카드,쇼핑,28712.0,전북,50대,성공
2024-01-04 16:45:00,U003517,계좌이체,식음료,18290.0,부산,30대,성공
2024/04/12 20:22,U000776,체크카드,쇼핑,170395.0,충남,20대,성공
2024-05-28 19:35:00,U001407,휴대폰결제,공과금,214260.0,경기,20대,성공
2024-02-13 11:47:00,U002028,체크카드,공과금,75516.0,충남,30대,성공
2024-04-04 16:30:00,U003107,신용카드,쇼핑,22440.0,경기,,성공
2024-03-23 11:56:00,U001314,포인트결제,식음료,10642.0,서울,40대,성공
2024-07-18 13:49:00,U003947,신용카드,교통,4996.0,대구,50대,성공
2024-09-18 11:25:00,U002590,신용카드,식음료,9388.0,서울,20대,성공
2024/01/02 05:10,U001731,체크카드,기타,30883.0,경기,30대,성공
2024-04-25 11:17:00,U002275,신용카드,쇼핑,38015.0,,30대,성공
2024-03-02 22:50:00,U002059,신용카드,문화/여가,14732.0,세종,,성공
2024/10/09 20:24,U003221,신용카드,교통,,경북,40대,성공
2024-09-23 16:29:00,U002586,신용카드,문화/여가,23920.0,서울,20대,성공
2024-03-04 01:49:00,U000577,계좌이체,식음료,9688.0,서울,20대,성공
2024/03/28 01:45,U000607,신용카드,문화/여가,16439.0,서울,20대,성공
2024-06-26 16:42:00,U000691,계좌이체,문화/여가,59572.0,서울,20대,성공
2024-06-16 13:54:00,U001030,신용카드,식음료,29103.0,경기,30대,성공
2024-08-17 19:55:00,U001781,포인트결제,쇼핑,58134.0,경기,40대,성공
2024-06-16 17:47:00,U000036,신용카드,식음료,4668.0,광주,30대,성공
2024-12-09 23:21:00,U002036,신용카드,교통,2296.0,대전,20대,성공
2024-12-07 00:11:00,U002808,신용카드,문화/여가,73142.0,경기,50대,성공
2024-04-06 13:13:00,U003310,,여행,92456.0,경기,60대 이상,성공
2024-05-31 09:27:00,U000384, 신용카드 ,식음료,18799.0,서울,30대,실패
2024-04-14 15:36:00,U002902,휴대폰결제,의료,22105.0,부산,30대,성공
2024-08-20 14:20:00,U000497,신용카드,문화/여가,11382.0,경기,30대,실패
2024-05-31 23:54:00,U002788,신용카드,식음료,27065.0,서울,40대,성공
2024-09-11 10:28:00,U002378,신용카드,쇼핑,70719.0,광주,20대,성공
2024/09/07 17:54,U002335,계좌이체,교통,3195.0,경기,30대,성공
2024/02/26 15:22,U001967,신용카드,문화/여가,26231.0,서울,60대 이상,성공
2024-10-07 19:55:00,U001871,체크카드,문화/여가,22676.0,경남,20대,성공
2024-05-30 08:07:00,U003442,신용카드,기타,9749.0,경기,40대,성공
2024-01-10 12:54:00,U000946,신용카드,의료,21838.0,,50대,성공
2024-06-18 17:55:00,U003598,계좌이체,식음료,19943.0,서울,20대,성공
2024-02-08 21:24:00,U003525,,식음료,44808.0,부산,30대,성공
2024-05-15 06:20:00,U002531,신용카드,쇼핑,51819.0,서울,20대,성공
2024-11-23 10:33:00,U000445,계좌이체,쇼핑,51207.0,부산,40대,성공
2024-10-26 14:52:00,U000893,포인트결제,의료,26247.0,서울,60대 이상,성공
2024/10/01 16:33,U000308,체크카드,식음료,6942.0,경기,40대,취소
2024-06-30 13:47:00,U003866,휴대폰결제,쇼핑,28630.0,경기,10대,성공
2024-05-03 12:26:00,U002116,포인트결제,교통,2469.0,서울,50대,성공
2024-03-18 19:33:00,U003788,,쇼핑,45672.0,충북,30대,성공
2024/02/01 19:43,U002517,신용카드,기타,25462.0,서울,20대,취소
2024-11-07 18:26:00,U003880,신용카드,쇼핑,17156.0,제주,30대,성공
2024-05-29 10:26:00,U003652,신용카드,식음료,44625.0,경기,,성공
2024-07-11 11:47:00,U002395,체크카드,쇼핑,69083.0,서울,,성공
2024/12/12 11:21,U003608, 신용카드 ,문화/여가,22539.0,경기,20대,성공
2024-01-06 13:49:00,U000165,신용카드,쇼핑,73765.0,부산,20대,취소
2024-07-22 17:34:00,U000763,신용카드,문화/여가,8457.0,서울,20대,성공
2024-05-27 21:52:00,U002133,,여행,326335.0,서울,20대,성공
2024-06-22 11:20:00,U002495,계좌이체,쇼핑,23934.0,서울,60대 이상,성공
2024-03-20 21:04:00,U003559,신용카드,문화/여가,45026.0,부산,40대,성공
2024-06-18 09:22:00,U001650,신용카드,쇼핑,13911.0,대구,30대,성공
2024-05-25 13:07:00,U002937, 신용카드 ,식음료,13818.0,경기,20대,성공
2024-09-29 12:57:00,U003069,체크카드,식음료,13371.0,부산,40대,성공
2024-07-24 21:01:00,U001263,신용카드,공과금,93382.0,경기,30대,성공
2024-04-04 19:48:00,U002620,신용카드,의료,26296.0,인천,,성공
2024-10-07 20:24:00,U000758, 신용카드 ,식음료,28101.0,인천,40대,성공
2024-11-06 14:19:00,U000088,계좌이체,식음료,12971.0,대전,50대,실패
2024-10-16 09:00:00,U000234,휴대폰결제,식음료,4902.0,경기,20대,성공
2024/10/14 21:16,U000545,휴대폰결제,쇼핑,41293.0,경남,50대,성공
2024-09-01 23:42:00,U003154,신용카드,식음료,5473.0,경기,40대,성공
2024-03-06 11:16:00,U000363,신용카드,의료,20927.0,서울,60대 이상,성공
2024-07-22 15:46:00,U000318,신용카드,쇼핑,139125.0,대구,30대,성공
2024-03-20 08:10:00,U000799,체크카드,공과금,21354.0,충북,40대,성공
2024-12-16 22:41:00,U002294,체크카드,쇼핑,23485.0,서울,40대,성공
2024-06-19 15:43:00,U000685,포인트결제,공과금,89016.0,서울,40대,성공
2024-01-27 12:00:00,U003650,계좌이체,기타,18846.0,경기,30대,실패
2024-11-10 11:07:00,U000190,포인트결제,문화/여가,17960.0,서울,20대,실패
2024/09/05 18:19,U002627,체크카드,식음료,13692.0,충남,60대 이상,성공
2024-12-28 13:47:00,U002518,계좌이체,쇼핑,56157.0,대전,20대,성공
2024-09-29 19:53:00,U001049,체크카드,교육,155677.0,인천,50대,취소
2024-10-18 14:09:00,U003539,체크카드,식음료,24216.0,경기,20대,성공
2024-07-03 23:10:00,U002866,신용카드,교통,4323.0,서울,60대 이상,성공
2024-08-08 13:25:00,U002935,신용카드,문화/여가,68816.0,서울,30대,성공
2024-05-09 21:15:00,U002975,신용카드,쇼핑,271518.0,경기,50대,성공
2024-03-11 12:22:00,U001016,체크카드,의료,29833.0,부산,60대 이상,실패
2024-10-04 10:32:00,U002294,신용카드,의료,108850.0,서울,20대,성공
2024/04/27 21:05,U003480, 신용카드 ,공과금,42952.0,서울,40대,성공
2024-01-13 16:07:00,U002997,신용카드,여행,197143.0,,30대,성공
2024-01-13 19:33:00,U002167,체크카드,교육,69350.0,대구,20대,성공
2024-09-25 08:28:00,U002724,계좌이체,공과금,60990.0,대구,30대,실패
2024-08-11 18:25:00,U003353,계좌이체,식음료,5682.0,대구,,성공
2024/12/19 10:25,U003525, 신용카드 ,기타,25516.0,대전,30대,성공
2024-01-06 20:35:00,U002695,휴대폰결제,식음료,19202.0,경기,20대,성공
2024/10/23 22:40,U000820,신용카드,의료,48650.0,경북,30대,성공
2024-05-23 22:13:00,U003412,체크카드,교통,2603.0,서울,20대,성공
2024/12/30 13:17,U002640,계좌이체,기타,7036.0,경기,20대,성공
2024/05/06 14:11,U000618, 신용카드 ,식음료,4671.0,서울,20대,성공
2024/05/16 22:23,U001865,신용카드,여행,162080.0,서울,40대,성공
2024-12-01 10:18:00,U000061,체크카드,식음료,2481.0,서울,20대,성공
2024-05-26 13:06:00,U003032,계좌이체,의료,74022.0,서울,30대,성공
2024-12-13 15:52:00,U003999,신용카드,쇼핑,19821.0,제주,20대,성공
2024-01-26 09:22:00,U001159,포인트결제,교육,100586.0,경남,60대 이상,성공
2024-08-01 15:51:00,U000472,계좌이체,공과금,40532.0,경기,40대,성공
2024-01-10 02:03:00,U000903,체크카드,의료,41323.0,광주,20대,성공
2024-09-01 20:00:00,U003068,신용카드,식음료,10491.0,경북,30대,성공
2024-05-05 17:04:00,U000472,계좌이체,기타,42074.0,경기,20대,성공
2024-04-16 05:10:00,U003428,신용카드,식음료,14941.0,경기,40대,성공
2024-02-06 21:42:00,U002813,신용카드,교육,109157.0,경기,30대,성공
2024-01-23 20:25:00,U003193,체크카드,식음료,18645.0,광주,20대,성공
2024-07-08 11:48:00,U001684,체크카드,기타,15555.0,충북,60대 이상,성공
2024-02-23 11:27:00,U000315,신용카드,식음료,35346.0,서울,40대,성공
2024-01-19 21:54:00,U002520,포인트결제,교통,1026.0,경기,20대,성공
2024-11-25 08:44:00,U001458,신용카드,의료,61685.0,경남,50대,성공
2024-01-08 18:59:00,U000119,신용카드,여행,272691.0,경기,50대,성공
2024-06-30 09:14:00,U000706,체크카드,쇼핑,49849.0,부산,20대,성공
2024-02-18 10:38:00,U002435,신용카드,식음료,21713.0,서울,30대,성공
2024-02-11 13:20:00,U002469,체크카드,여행,156222.0,서울,20대,성공
2024-11-10 09:30:00,U000804,계좌이체,쇼핑,57065.0,경기,20대,성공
2024-04-05 13:11:00,U000468,신용카드,공과금,69927.0,서울,20대,성공
2024-02-01 18:32:00,U003194,신용카드,쇼핑,22282.0,대전,10대,성공
2024-11-28 11:05:00,U000893,체크카드,쇼핑,43946.0,서울,40대,성공
2024-11-12 19:26:00,U003900,체크카드,여행,133399.0,경기,30대,성공
2024-02-29 10:38:00,U000050,신용카드,기타,20484.0,세종,20대,성공
2024-03-02 20:35:00,U001960,포인트결제,교육,133007.0,전북,20대,성공
2024-12-22 01:10:00,U003586,신용카드,공과금,28614.0,충남,30대,실패
2024-08-29 00:41:00,U000745,체크카드,식음료,22642.0,충남,50대,성공
2024-07-07 00:58:00,U003757,신용카드,교통,3233.0,부산,60대 이상,성공
2024-09-25 11:38:00,U000227,포인트결제,문화/여가,21925.0,서울,10대,성공
2024-07-19 19:02:00,U001163,,식음료,768.0,경기,30대,성공
2024-10-29 22:27:00,U001890,신용카드,문화/여가,5053.0,전북,30대,성공
2024-03-14 20:18:00,U003523,신용카드,교통,1572.0,인천,20대,성공
2024-04-23 00:58:00,U001549,포인트결제,식음료,23510.0,경기,30대,성공
2024-03-01 20:53:00,U000964,포인트결제,교육,236259.0,부산,50대,성공
2024-06-04 16:15:00,U003219,신용카드,식음료,31946.0,경기,30대,성공
2024-02-25 12:03:00,U001782,신용카드,쇼핑,42487.0,전남,20대,성공
2024-07-10 12:26:00,U003961,신용카드,식음료,55942.0,경기,40대,성공
2024/02/20 18:42,U000412,신용카드,교육,24332.0,서울,30대,성공
2024-02-29 20:49:00,U003955, 신용카드 ,식음료,12314.0,서울,20대,성공
2024-11-14 19:33:00,U002160,체크카드,교육,85172.0,경북,50대,성공
2024-08-06 10:03:00,U000146,신용카드,문화/여가,22027.0,인천,20대,성공
2024-04-12 09:17:00,U000118,신용카드,쇼핑,61855.0,인천,,성공
2024-05-24 11:10:00,U002280,계좌이체,쇼핑,48022.0,서울,30대,성공
2024-11-21 20:16:00,U000676,체크카드,여행,424396.0,경기,20대,성공
2024-12-17 06:15:00,U000049,계좌이체,기타,15998.0,,10대,성공
2024-11-18 10:09:00,U003980,,문화/여가,27486.0,울산,30대,실패
2024-04-15 09:37:00,U001371,신용카드,공과금,30395.0,경기,40대,성공
2024-04-12 20:48:00,U003540,휴대폰결제,여행,125169.0,경기,40대,성공
2024-11-23 17:43:00,U001277, 신용카드 ,식음료,18979.0,서울,20대,성공
2024-10-27 17:59:00,U000178,신용카드,여행,161550.0,경기,30대,성공
2024-12-24 11:55:00,U003146,체크카드,공과금,118614.0,인천,30대,성공
2024-05-27 12:24:00,U003767,계좌이체,문화/여가,3317.0,경기,,성공
2024/02/24 08:18,U001550,계좌이체,교통,1390.0,서울,40대,성공
2024/12/13 22:54,U000964,신용카드,쇼핑,37818.0,대구,40대,취소
2024-05-10 17:43:00,U000304,신용카드,식음료,9181.0,서울,30대,성공
2024-04-13 22:21:00,U000063,신용카드,문화/여가,43611.0,서울,30대,성공
2024/06/02 18:27,U001337,신용카드,의료,66918.0,경북,50대,성공
2024/11/20 21:16,U001693,포인트결제,문화/여가,37173.0,충북,,실패
2024-05-27 19:38:00,U001384,신용카드,교육,152886.0,서울,30대,성공
2024-06-20 12:55:00,U003445, 신용카드 ,교통,,광주,50대,성공
2024-08-02 19:21:00,U003445,체크카드,식음료,23886.0,,60대 이상,성공
2024-05-27 14:55:00,U003033,,공과금,40294.0,인천,20대,성공
2024-06-03 03:42:00,U001404,신용카드,쇼핑,31919.0,서울,20대,성공
2024-06-04 11:50:00,U000166,신용카드,기타,24612.0,서울,20대,실패
2024/09/07 13:06,U001443,계좌이체,쇼핑,40941.0,충남,20대,성공
2024-05-19 15:57:00,U001644,신용카드,공과금,148805.0,경기,40대,성공
2024-01-29 19:21:00,U000538,신용카드,쇼핑,14163.0,서울,50대,실패
2024-09-24 23:08:00,U000431,신용카드,쇼핑,53702.0,부산,20대,성공
2024-08-30 20:33:00,U001585,계좌이체,의료,54934.0,경기,,성공
2024-10-21 20:13:00,U003082,신용카드,공과금,56875.0,경기,50대,취소
2024-03-01 22:09:00,U001626,계좌이체,문화/여가,,경북,30대,성공
2024-09-23 17:53:00,U003455,휴대폰결제,문화/여가,24207.0,부산,40대,성공
2024-05-18 18:33:00,U000063,계좌이체,공과금,,경기,40대,성공
2024-07-31 18:50:00,U002969,포인트결제,의료,12584.0,부산,40대,성공
2024-12-01 16:14:00,U001028,계좌이체,식음료,35815.0,제주,20대,성공
2024-08-07 20:37:00,U002286,,교육,151320.0,경기,40대,성공
2024/06/08 12:40,U000810,체크카드,식음료,59784.0,부산,40대,성공
2024-10-29 20:33:00,U001382,신용카드,교통,4468.0,광주,20대,성공
2024-02-19 19:47:00,U003189,체크카드,여행,167270.0,전북,20대,성공
2024-03-17 20:47:00,U000883,체크카드,쇼핑,44317.0,대구,40대,성공
2024-08-20 08:49:00,U001907,포인트결제,식음료,21455.0,서울,40대,성공
2024-01-13 17:52:00,U002467,신용카드,공과금,102854.0,경기,30대,성공
2024-02-22 12:39:00,U000517,계좌이체,교통,1758.0,경기,40대,성공
2024-04-20 20:34:00,U002955,체크카드,교육,57783.0,서울,20대,성공
2024-07-17 21:13:00,U000817,신용카드,의료,94838.0,부산,30대,성공
2024-10-15 17:48:00,U002184,휴대폰결제,교통,,충남,30대,성공
2024-07-05 13:11:00,U001136, 신용카드 ,공과금,105612.0,경기,40대,실패
2024-03-06 12:27:00,U001897, 신용카드 ,문화/여가,33069.0,서울,40대,성공
2024-04-10 16:30:00,U003300,신용카드,교육,50705.0,경북,40대,성공
2024/02/10 14:20,U000634,계좌이체,식음료,29436.0,경남,30대,성공
2024-11-18 12:15:00,U002320,포인트결제,공과금,106966.0,부산,20대,성공
2024-06-22 19:13:00,U003977,체크카드,식음료,31601.0,서울,40대,성공
2024-12-03 20:34:00,U000387,신용카드,식음료,3122.0,강원,20대,성공
2024/11/22 11:42,U003340,포인트결제,쇼핑,4961.0,경기,40대,성공
2024-01-14 16:51:00,U000424, 신용카드 ,식음료,34076.0,경기,40대,실패
2024-03-10 13:59:00,U002428,신용카드,교육,206002.0,경기,30대,성공
2024-05-19 04:02:00,U001322,포인트결제,쇼핑,,경기,10대,성공
2024-08-13 18:51:00,U000809,계좌이체,교통,2590.0,경기,60대 이상,성공
2024-09-22 18:44:00,U003095,신용카드,문화/여가,52123.0,충남,30대,성공
2024-12-27 13:30:00,U002764,신용카드,교통,1948.0,경기,20대,실패
2024-11-11 10:29:00,U003541,신용카드,쇼핑,,경남,50대,성공
2024-10-16 20:05:00,U003190,체크카드,쇼핑,51776.0,전북,30대,성공
2024-06-16 09:16:00,U003729,신용카드,쇼핑,-31668.0,서울,30대,성공
2024-08-05 21:48:00,U002431,신용카드,문화/여가,24279.0,,40대,성공
2024-03-21 21:11:00,U000605,신용카드,교육,66564.0,충남,30대,성공
2024-11-15 18:46:00,U001857,계좌이체,식음료,30401.0,경기,10대,성공
2024/04/09 09:00,U001294,신용카드,교육,223134.0,경기,30대,성공
2024-11-02 10:38:00,U002281,신용카드,교육,44968.0,제주,20대,성공
2024-11-25 17:25:00,U000800,휴대폰결제,교육,110098.0,경기,10대,성공
2024-04-12 07:03:00,U001325,계좌이체,공과금,32724.0,경기,30대,성공
2024-11-09 18:33:00,U001704,포인트결제,교육,243095.0,서울,30대,성공
2024-12-13 10:34:00,U002665,휴대폰결제,여행,235449.0,경기,40대,성공
2024/07/23 18:15,U000602,,식음료,41990.0,대전,20대,성공
2024-11-25 18:41:00,U002327,신용카드,식음료,3419.0,경기,20대,성공
2024-11-17 06:39:00,U002672,신용카드,식음료,38173.0,대전,50대,성공
2024-09-13 20:13:00,U003813,계좌이체,식음료,19549.0,인천,30대,성공
2024-09-21 05:13:00,U001740,포인트결제,쇼핑,41985.0,경북,,성공
2024-09-12 18:57:00,U000079,신용카드,교통,6616.0,경기,20대,성공
2024-05-13 20:51:00,U001909,체크카드,여행,81585.0,서울,20대,성공
2024-06-17 08:26:00,U002017,체크카드,식음료,14696.0,경기,30대,실패
2024-03-05 11:53:00,U002425,신용카드,쇼핑,28116.0,경기,20대,성공
2024/01/12 17:09,U003150,신용카드,식음료,3119.0,제주,30대,성공
2024-03-01 08:54:00,U000817,신용카드,의료,30330.0,,30대,성공
2024-09-09 10:44:00,U000189,체크카드,식음료,11863.0,서울,50대,성공
2024-08-16 08:50:00,U002718,신용카드,쇼핑,46841.0,서울,20대,성공
2024-11-25 14:46:00,U002091,포인트결제,의료,40417.0,경북,20대,실패
2024-03-30 22:32:00,U002785,계좌이체,의료,20032.0,대전,40대,성공
2024-09-14 13:05:00,U001371,포인트결제,교통,3168.0,인천,30대,성공
2024-10-18 11:18:00,U000734,포인트결제,교통,1805.0,서울,20대,성공
2024-01-04 20:26:00,U002916,체크카드,여행,82399.0,서울,60대 이상,성공
2024-11-06 23:59:00,U000794,계좌이체,공과금,28214.0,경기,30대,성공
2024-07-27 14:50:00,U003478,신용카드,쇼핑,71995.0,경기,50대,성공
2024/10/03 07:20,U000051,포인트결제,쇼핑,64024.0,서울,10대,성공
2024-01-07 16:55:00,U001187,신용카드,의료,23888.0,경기,20대,성공
2024-03-23 20:46:00,U003452,신용카드,식음료,19512.0,경기,20대,실패
2024-10-12 10:36:00,U000207,신용카드,문화/여가,36467.0,대구,60대 이상,성공
2024/12/10 11:18,U003497,체크카드,기타,25358.0,경기,30대,성공
2024-09-20 18:30:00,U001109,계좌이체,쇼핑,59910.0,경남,20대,성공
2024-05-12 18:52:00,U000129,체크카드,쇼핑,25506.0,서울,40대,성공
2024-01-23 18:28:00,U003090,신용카드,기타,7839.0,경기,10대,성공
2024/08/31 18:18,U000624,신용카드,교통,3173.0,강원,30대,성공
2024-02-28 13:38:00,U003194,계좌이체,교육,190310.0,울산,30대,성공
2024-10-19 14:44:00,U000228,휴대폰결제,식음료,9929.0,서울,50대,성공
2024-10-04 08:19:00,U003486,신용카드,교통,3060.0,인천,40대,성공
2024-02-29 08:01:00,U000244,계좌이체,공과금,23294.0,서울,30대,성공
2024/07/09 00:18,U001297,신용카드,교육,,부산,50대,성공
2024-08-01 20:42:00,U003148,체크카드,쇼핑,28311.0,경기,30대,성공
2024/08/06 20:25,U003511,계좌이체,의료,64046.0,대전,20대,성공
2024-03-02 06:35:00,U003936,신용카드,문화/여가,29301.0,강원,50대,성공
2024-03-27 19:05:00,U000421,포인트결제,의료,41375.0,부산,30대,성공
2024-10-07 09:43:00,U003972,포인트결제,식음료,8359.0,서울,50대,성공
2024-06-14 12:13:00,U001118,계좌이체,쇼핑,42320.0,서울,40대,성공
2024-01-30 18:08:00,U000999,체크카드,쇼핑,78699.0,경기,50대,성공
2024-09-28 17:17:00,U002181,신용카드,기타,20813.0,충남,30대,성공
2024-01-26 09:27:00,U002183,신용카드,의료,36522.0,대구,30대,성공
2024/08/09 18:00,U003930,계좌이체,교통,3809.0,서울,60대 이상,성공
2024/10/15 18:10,U001010,계좌이체,식음료,40382.0,서울,60대 이상,성공
2024/09/15 17:04,U003995,체크카드,공과금,4067.0,대구,30대,성공
2024-02-28 19:55:00,U002368,신용카드,문화/여가,26808.0,충남,50대,성공
2024-09-09 07:56:00,U003777,신용카드,식음료,22421.0,서울,30대,성공
2024-01-05 17:54:00,U001624,신용카드,쇼핑,22678.0,경기,30대,취소
2024-12-04 20:32:00,U001544,체크카드,교통,2028.0,경기,40대,성공
2024-03-27 18:59:00,U002005,신용카드,쇼핑,51159.0,경기,30대,성공
2024-08-01 11:16:00,U002285,포인트결제,의료,82626.0,강원,20대,성공
2024-12-21 16:10:00,U003872,신용카드,교통,1339.0,경기,,성공
2024-07-06 08:47:00,U002303,신용카드,교통,5375.0,서울,,성공
2024-01-30 15:58:00,U000560,체크카드,쇼핑,106123.0,경기,30대,성공
2024-07-03 08:52:00,U000069,신용카드,교통,2451.0,,,성공
2024-02-07 18:44:00,U002884,신용카드,식음료,23834.0,경기,10대,성공
2024-12-18 11:50:00,U003540,신용카드,문화/여가,12822.0,충북,30대,성공
2024-07-30 10:19:00,U002255, 신용카드 ,문화/여가,28471.0,대전,20대,성공
2024-04-17 06:26:00,U002807,,쇼핑,42750.0,서울,20대,성공
2024-01-30 22:43:00,U003112,계좌이체,식음료,3911.0,경기,20대,취소
2024-07-03 13:23:00,U002765,신용카드,쇼핑,28903.0,서울,20대,성공
2024-11-15 12:01:00,U000429,신용카드,공과금,68025.0,경기,20대,성공
2024-05-27 14:39:00,U001921,신용카드,쇼핑,106073.0,충남,20대,취소
2024-11-12 23:59:00,U001428,체크카드,쇼핑,39108.0,서울,30대,성공
2024-04-26 12:54:00,U000366,계좌이체,공과금,113409.0,대구,30대,성공
2024-04-05 12:58:00,U001830,계좌이체,식음료,28320.0,대전,,성공
2024-05-23 20:45:00,U002310,신용카드,의료,43396.0,광주,30대,성공
2024/06/29 13:54,U001894,신용카드,식음료,25570.0,대전,10대,성공
2024-11-17 13:18:00,U000903,신용카드,교통,4282.0,,,성공
2024-03-11 13:48:00,U000698,휴대폰결제,교육,86445.0,서울,20대,성공
2024-09-18 09:47:00,U002052,계좌이체,문화/여가,22806.0,전북,50대,성공
2024-09-11 17:57:00,U002657,신용카드,공과금,25372.0,경기,20대,성공
2024-06-19 11:06:00,U003514,체크카드,공과금,80642.0,,20대,성공
2024-08-23 18:36:00,U000439,신용카드,기타,7512.0,충북,30대,성공
2024/09/02 18:14,U000985,체크카드,식음료,10270.0,강원,40대,성공
2024-08-29 10:26:00,U002434,신용카드,교육,54756.0,경기,20대,성공
2024-12-11 21:21:00,U002197,체크카드,교육,42028.0,경북,50대,실패
2024-03-06 21:25:00,U001960,신용카드,문화/여가,5662.0,서울,50대,성공
2024/09/25 21:11,U000572,휴대폰결제,교통,1361.0,충북,30대,성공
2024-05-05 17:11:00,U001966,신용카드,교육,80753.0,경기,20대,성공
2024-01-30 13:36:00,U001710,신용카드,여행,508782.0,서울,50대,성공
2024-06-11 10:35:00,U002962,계좌이체,의료,21369.0,충남,20대,성공
2024-12-16 20:20:00,U001672,체크카드,문화/여가,20997.0,서울,30대,성공
2024-07-05 20:51:00,U003044,포인트결제,의료,52267.0,서울,,성공
2024/12/11 12:38,U000456,신용카드,식음료,30205.0,대전,20대,성공
2024-01-16 06:00:00,U000066,신용카드,식음료,15231.0,부산,30대,성공
2024-05-29 13:20:00,U002507,신용카드,공과금,53420.0,서울,40대,성공
2024-11-24 13:00:00,U001228,체크카드,쇼핑,-109262.0,대구,20대,성공
2024-08-22 08:41:00,U000038,신용카드,쇼핑,98229.0,경기,20대,성공
2024-10-17 18:56:00,U003323, 신용카드 ,식음료,28089.0,경북,30대,성공
2024-10-25 08:58:00,U002273,계좌이체,교육,156063.0,경북,20대,성공
2024-08-07 08:43:00,U000414,신용카드,식음료,6495.0,서울,20대,성공
2024-09-25 11:00:00,U002548,신용카드,교통,2222.0,서울,40대,성공
2024-06-18 08:54:00,U000691,체크카드,교육,99508.0,서울,30대,성공
2024-07-17 10:15:00,U000997,계좌이체,공과금,182833.0,전북,20대,성공
2024-04-01 17:54:00,U003596,신용카드,식음료,8625.0,인천,30대,성공
2024-03-03 19:42:00,U002932,계좌이체,의료,91307.0,경기,10대,성공
2024/03/31 03:30,U000897,신용카드,공과금,197623.0,서울,60대 이상,성공
2024-05-11 17:42:00,U003150,,의료,165191.0,경기,30대,성공
2024-10-02 20:34:00,U002295,계좌이체,문화/여가,34100.0,경기,40대,성공
2024-07-30 22:04:00,U000227,체크카드,쇼핑,18605.0,경기,30대,성공
2024-10-21 22:18:00,U000876,계좌이체,문화/여가,33500.0,서울,30대,성공
2024-05-06 08:14:00,U003523,포인트결제,식음료,21258.0,서울,40대,성공
2024-06-28 22:29:00,U003273,신용카드,의료,38310.0,인천,20대,성공
2024-03-20 19:38:00,U003473,체크카드,여행,96658.0,대전,40대,성공
2024-09-15 03:01:00,U002404,신용카드,교육,13124.0,,20대,성공
2024-09-18 16:54:00,U003920,포인트결제,쇼핑,21392.0,광주,40대,성공
2024-04-17 13:11:00,U003032,계좌이체,기타,44021.0,경기,40대,실패
2024-03-12 17:35:00,U000054,포인트결제,의료,118458.0,서울,30대,성공
2024-09-17 14:41:00,U001293,체크카드,교통,5727.0,강원,20대,성공
2024-11-21 19:54:00,U000954,신용카드,문화/여가,22149.0,경기,20대,성공
2024/09/26 10:04,U002752,체크카드,기타,24388.0,경기,20대,성공
2024-11-25 20:13:00,U003400,체크카드,공과금,72576.0,,30대,성공
2024-10-27 09:54:00,U003124,신용카드,쇼핑,9625.0,경기,40대,성공
2024/05/12 19:31,U002141,휴대폰결제,여행,155856.0,경기,20대,성공
2024/01/10 10:29,U003935,체크카드,의료,13998.0,서울,40대,성공
2024-08-30 16:17:00,U002818,포인트결제,식음료,7034.0,대구,60대 이상,성공
2024/07/13 12:30,U003362,포인트결제,쇼핑,40768.0,인천,50대,성공
2024-08-28 06:26:00,U001516,계좌이체,쇼핑,27669.0,광주,50대,성공
2024-08-29 20:02:00,U002236,신용카드,교통,3759.0,경북,,성공
2024-05-26 06:31:00,U000687,계좌이체,쇼핑,70038.0,서울,40대,성공
2024-12-04 13:27:00,U002772,체크카드,식음료,8736.0,경기,40대,성공
2024/12/04 08:39,U001410, 신용카드 ,쇼핑,51157.0,인천,50대,성공
2024-11-13 12:44:00,U003584, 신용카드 ,문화/여가,22927.0,서울,30대,성공
2024-06-19 17:34:00,U000875,계좌이체,교통,500.0,서울,40대,성공
2024-01-21 16:40:00,U002960,휴대폰결제,쇼핑,106234.0,경기,30대,성공
2024-01-11 17:20:00,U002134,신용카드,쇼핑,53764.0,전남,30대,성공
2024/08/28 11:18,U001650,포인트결제,교통,3465.0,서울,30대,성공
2024-09-11 09:50:00,U003741,체크카드,쇼핑,106736.0,경기,60대 이상,성공
2024-12-26 18:47:00,U000697,신용카드,식음료,41135.0,제주,50대,성공
2024-01-03 08:57:00,U003653,계좌이체,기타,13418.0,경기,30대,성공
2024-11-29 04:50:00,U000315,계좌이체,식음료,26293.0,,,성공
2024/11/14 11:58,U000145,신용카드,식음료,4739.0,경기,40대,성공
2024-07-24 14:53:00,U002420,신용카드,식음료,18184.0,서울,30대,성공
2024/06/16 01:21,U000502,신용카드,여행,337538.0,부산,30대,성공
2024-05-12 14:16:00,U003142,신용카드,여행,531317.0,경남,10대,성공
2024-03-18 16:08:00,U003205,계좌이체,쇼핑,153487.0,서울,20대,성공
2024-09-24 19:36:00,U003210,,여행,313954.0,전북,50대,성공
2024-03-08 07:54:00,U000188,신용카드,기타,12464.0,,30대,성공
2024/10/12 11:39,U002241,체크카드,교통,1700.0,인천,40대,성공
2024-12-12 14:36:00,U002862,체크카드,기타,48856.0,서울,50대,성공
2024-02-25 08:11:00,U002207,포인트결제,기타,24997.0,경기,20대,성공
2024-07-08 13:20:00,U002333,신용카드,식음료,28764.0,울산,30대,성공
2024-02-09 19:25:00,U000396,신용카드,문화/여가,42364.0,대구,60대 이상,성공
2024-04-01 14:58:00,U000069,신용카드,식음료,10907.0,경기,30대,성공
2024-10-22 11:15:00,U001312,휴대폰결제,여행,97503.0,대전,20대,성공
2024-09-20 17:57:00,U003109,신용카드,쇼핑,52518.0,서울,30대,성공
2024-06-11 17:51:00,U000601,신용카드,쇼핑,70750.0,경기,20대,성공
2024-04-04 09:28:00,U001835,휴대폰결제,식음료,27400.0,서울,40대,성공
2024-06-27 20:11:00,U000207,신용카드,교통,3202.0,광주,30대,성공
2024-12-16 18:01:00,U002202,체크카드,공과금,45924.0,인천,40대,성공
2024/05/16 13:22,U000881,신용카드,공과금,140945.0,전남,30대,성공
2024-07-12 05:45:00,U002929,신용카드,식음료,29089.0,인천,20대,성공
2024-03-14 08:07:00,U001840,신용카드,식음료,11886.0,경기,20대,성공
2024-02-11 08:20:00,U002227,신용카드,쇼핑,61713.0,경기,30대,성공
2024-07-18 17:29:00,U000210,휴대폰결제,식음료,15142.0,대구,40대,성공
2024-09-22 20:23:00,U000556,신용카드,쇼핑,13272.0,대전,20대,성공
2024-07-15 20:41:00,U003455,신용카드,식음료,7001.0,전북,20대,성공
2024/01/12 03:30,U003983,신용카드,교통,3426.0,대구,40대,성공
2024/09/22 07:40,U001516,신용카드,쇼핑,47456.0,서울,20대,성공
2024-01-14 12:52:00,U003574,포인트결제,쇼핑,50943.0,전북,20대,성공
2024-06-30 09:31:00,U002026,신용카드,공과금,40308.0,울산,20대,성공
2024-12-06 23:01:00,U002213,체크카드,교통,6109.0,광주,,성공
2024/11/30 16:16,U000542,신용카드,기타,16612.0,,40대,성공
2024-04-26 10:54:00,U002516,신용카드,식음료,10788.0,부산,20대,성공
2024/12/01 10:13,U000402,신용카드,쇼핑,9487.0,대구,30대,성공
2024-05-09 21:26:00,U000613,체크카드,교통,679.0,대구,20대,실패
2024-08-09 17:27:00,U003760,계좌이체,공과금,48426.0,서울,40대,성공
2024/12/05 12:57,U000304, 신용카드 ,쇼핑,87939.0,부산,60대 이상,성공
2024-03-19 17:32:00,U003941,체크카드,식음료,26176.0,경기,20대,성공
2024-06-11 10:14:00,U002221,신용카드,교통,831.0,전남,30대,성공
2024-02-18 18:14:00,U000903,계좌이체,의료,95995.0,전남,20대,성공
2024-10-29 12:25:00,U002851,포인트결제,의료,29624.0,부산,50대,실패
2024-09-12 10:42:00,U001387,포인트결제,의료,12068.0,서울,40대,성공
2024-06-29 08:00:00,U003824,체크카드,쇼핑,23847.0,세종,50대,성공
2024-10-25 20:38:00,U002560,포인트결제,식음료,14239.0,서울,,성공
2024-07-27 22:58:00,U001503,신용카드,식음료,20742.0,경기,30대,성공
2024/04/30 15:39,U003510,신용카드,식음료,-23451.0,경기,30대,성공
2024-07-03 08:22:00,U001295,계좌이체,교통,3758.0,대전,30대,성공
2024-06-30 12:18:00,U003403,신용카드,교통,3865.0,인천,60대 이상,성공
2024-07-05 09:05:00,U002524,체크카드,교육,130580.0,대구,,성공
2024-10-28 10:11:00,U000398,신용카드,여행,172917.0,서울,20대,성공
2024-04-29 20:54:00,U003179,계좌이체,기타,1304.0,부산,40대,성공
2024-05-12 16:12:00,U001548, 신용카드 ,기타,8616.0,충북,10대,성공
2024-06-16 10:54:00,U003898,계좌이체,교육,206612.0,서울,20대,성공
2024-08-18 08:31:00,U003602,신용카드,의료,20507.0,경북,50대,성공
2024-03-25 13:29:00,U000970,계좌이체,문화/여가,9465.0,경기,20대,성공
2024/05/22 08:57,U003684,신용카드,쇼핑,6334.0,세종,20대,성공
2024-01-06 18:18:00,U000348,신용카드,식음료,7524.0,경남,30대,성공
2024-09-21 09:14:00,U001433,계좌이체,식음료,21143.0,경기,30대,성공
2024-01-23 18:10:00,U000282, 신용카드 ,교육,32372.0,서울,30대,성공
2024-11-23 19:44:00,U003289,신용카드,기타,2728.0,전남,20대,실패
2024-10-11 02:19:00,U000138,포인트결제,기타,41607.0,부산,40대,취소
2024-09-28 19:08:00,U002518,신용카드,쇼핑,22688.0,인천,20대,성공
2024-12-30 14:45:00,U000661,신용카드,공과금,108039.0,서울,50대,실패
2024/07/03 21:45,U001849,신용카드,식음료,13232.0,광주,50대,성공
2024-08-30 04:05:00,U000215,신용카드,식음료,22665.0,부산,20대,성공
2024-01-30 14:02:00,U000556,계좌이체,기타,7378.0,서울,60대 이상,성공
2024-05-26 19:02:00,U001984,포인트결제,기타,15951.0,경기,20대,성공
2024/11/02 18:08,U000903,신용카드,의료,11444.0,경기,30대,성공
2024-04-15 14:36:00,U001015,신용카드,교통,9311.0,서울,40대,성공
2024/10/04 21:18,U002046,신용카드,쇼핑,177803.0,서울,20대,성공
2024-07-13 11:10:00,U003805,신용카드,교통,2574.0,서울,30대,성공
2024-09-26 22:54:00,U001457,포인트결제,교육,87224.0,경남,40대,성공
2024-03-30 15:21:00,U002673,체크카드,공과금,55859.0,부산,30대,성공
2024-01-14 19:25:00,U000380,계좌이체,쇼핑,48034.0,전남,,성공
2024-09-26 22:15:00,U001154,신용카드,교통,1364.0,서울,20대,성공
2024-05-18 19:10:00,U002169,신용카드,의료,75793.0,울산,30대,성공
2024/01/18 16:01,U000786,포인트결제,여행,192746.0,서울,50대,성공
2024-09-11 21:35:00,U003892,계좌이체,여행,381555.0,서울,30대,성공
2024-10-10 16:36:00,U000399,계좌이체,문화/여가,41073.0,서울,50대,성공
2024-11-04 22:33:00,U000761,체크카드,식음료,27744.0,광주,40대,성공
2024-02-02 15:35:00,U003598, 신용카드 ,공과금,75579.0,울산,40대,성공
2024-01-28 20:05:00,U003219,계좌이체,쇼핑,40057.0,대전,30대,성공
2024-06-13 15:29:00,U002254,포인트결제,공과금,47755.0,강원,20대,성공
2024-02-26 22:57:00,U002514,신용카드,식음료,18625.0,경기,40대,실패
2024-02-21 17:32:00,U001207,체크카드,교통,1467.0,충남,,성공
2024-09-07 11:30:00,U002048,포인트결제,교육,79350.0,경기,30대,성공
2024/03/20 16:37,U001768,휴대폰결제,공과금,54791.0,경북,30대,성공
2024-01-24 06:57:00,U000812,체크카드,기타,11772.0,서울,50대,성공
2024-01-30 22:25:00,U001454,신용카드,문화/여가,34484.0,인천,20대,취소
2024-04-11 13:33:00,U001133,휴대폰결제,문화/여가,53054.0,경기,20대,성공
2024-04-05 12:59:00,U001872,신용카드,교통,2351.0,경기,,성공
2024-08-30 12:42:00,U001186,계좌이체,식음료,9723.0,인천,40대,성공
2024-08-15 20:23:00,U002688,신용카드,식음료,21520.0,전북,40대,성공
2024-04-03 06:01:00,U000962,신용카드,식음료,18588.0,전남,50대,성공
2024-06-21 13:59:00,U000665,계좌이체,식음료,17063.0,대구,30대,성공
2024/02/24 19:18,U001818, 신용카드 ,교통,2960.0,서울,20대,성공
2024-05-07 17:34:00,U003239,신용카드,기타,10785.0,충북,20대,성공
2024-02-27 16:46:00,U000957,신용카드,교통,1804.0,부산,20대,성공
2024-12-18 19:16:00,U001229,신용카드,의료,11855.0,인천,,성공
2024/09/04 21:04,U000710,포인트결제,문화/여가,108235.0,전남,40대,성공
2024-08-22 10:40:00,U003338,포인트결제,기타,54671.0,경기,20대,성공
2024/07/21 13:58,U001223,,교육,238643.0,부산,20대,성공
2024/04/14 13:34,U002723,,문화/여가,79965.0,경기,40대,성공
2024-02-03 07:29:00,U003223,포인트결제,공과금,16530.0,강원,30대,성공
2024-10-19 07:26:00,U000793,신용카드,식음료,15420.0,경남,40대,성공
2024-01-01 12:13:00,U002013,체크카드,의료,,경기,40대,성공
2024-05-27 23:41:00,U002337, 신용카드 ,식음료,9656.0,경기,40대,성공
2024-12-16 18:16:00,U003609,신용카드,식음료,2740.0,서울,20대,성공
2024-08-29 14:25:00,U003878,체크카드,교통,5659.0,서울,50대,성공
2024-11-08 12:49:00,U001519,신용카드,문화/여가,26273.0,경기,50대,성공
2024/01/11 11:19,U003120,체크카드,의료,17971.0,경기,50대,성공
2024-04-23 19:01:00,U001172,계좌이체,쇼핑,3929.0,서울,30대,성공
2024-01-15 11:04:00,U001004, 신용카드 ,교육,97583.0,세종,30대,성공
2024-06-27 09:14:00,U003460,포인트결제,식음료,10173.0,인천,20대,실패
2024-06-28 13:39:00,U003088,포인트결제,교육,45026.0,서울,10대,성공
2024-05-04 20:43:00,U000923,포인트결제,의료,17227.0,서울,40대,성공
2024-08-15 03:13:00,U002433,계좌이체,여행,139612.0,서울,20대,성공
2024/07/18 18:29,U002047,신용카드,의료,22752.0,서울,,성공
2024-05-18 12:04:00,U000972,신용카드,교통,935.0,대구,30대,성공
2024-08-19 19:06:00,U001010,신용카드,공과금,43724.0,인천,20대,성공
2024-01-11 17:30:00,U001463,체크카드,기타,19045.0,경북,40대,성공
2024-09-12 10:10:00,U003950,체크카드,기타,4338.0,경기,40대,성공
2024-03-21 09:59:00,U000956,계좌이체,식음료,7585.0,울산,30대,성공
2024-01-04 20:54:00,U002770,체크카드,쇼핑,39887.0,전북,30대,성공
2024-07-07 20:28:00,U000121,신용카드,식음료,19869.0,서울,60대 이상,성공
2024-04-24 15:55:00,U001829,체크카드,의료,17273.0,서울,30대,취소
2024-05-21 12:19:00,U001552,신용카드,쇼핑,67874.0,대전,40대,성공
2024-11-28 19:27:00,U002817,신용카드,교육,233637.0,서울,20대,성공
2024-08-28 17:31:00,U003177,휴대폰결제,식음료,18283.0,제주,40대,성공
2024-12-18 10:07:00,U002774,신용카드,교육,68919.0,인천,20대,성공
2024-08-05 20:05:00,U001647,계좌이체,식음료,1656.0,경기,30대,성공
2024-03-04 18:09:00,U001975,휴대폰결제,교육,30499.0,경기,20대,취소
2024-08-23 10:32:00,U001381,신용카드,기타,24164.0,경기,30대,성공
2024-06-27 07:03:00,U001715,포인트결제,공과금,64339.0,경기,50대,성공
2024/05/11 19:34,U002038,체크카드,교육,70535.0,서울,60대 이상,성공
2024-02-02 20:42:00,U000881,체크카드,쇼핑,32978.0,충남,30대,성공
2024-09-17 19:20:00,U003464,체크카드,식음료,22552.0,강원,60대 이상,성공
2024-09-06 19:25:00,U003401,신용카드,교육,29816.0,충남,20대,성공
2024/12/18 19:20,U001389,포인트결제,문화/여가,33403.0,서울,30대,성공
2024-03-09 03:37:00,U003231,포인트결제,식음료,2118.0,대구,40대,성공
2024-10-25 17:54:00,U000469,계좌이체,의료,54472.0,부산,30대,성공
2024-09-09 22:16:00,U000328,신용카드,식음료,3900.0,경기,30대,취소
2024/08/07 19:48,U003011,체크카드,교통,819.0,서울,40대,성공
2024-12-06 15:55:00,U001447,신용카드,쇼핑,28208.0,제주,30대,성공
2024-03-25 13:56:00,U000518,신용카드,식음료,4738.0,대전,20대,성공
2024-10-08 16:39:00,U001128,신용카드,식음료,13699.0,서울,40대,성공
2024-12-27 15:33:00,U000471,신용카드,문화/여가,48391.0,서울,30대,성공
2024-01-16 21:01:00,U002817,체크카드,교통,7203.0,경기,30대,취소
2024-02-28 19:25:00,U002208,신용카드,식음료,14780.0,인천,40대,성공
2024/02/29 10:22,U001525,신용카드,교통,2446.0,경기,40대,성공
2024-03-04 11:51:00,U002015,계좌이체,의료,68589.0,경기,20대,성공
2024-07-31 18:35:00,U002060,휴대폰결제,교육,41308.0,부산,40대,성공
2024-08-20 12:42:00,U000383,체크카드,교통,2797.0,서울,30대,성공
2024-04-27 21:28:00,U003606,신용카드,식음료,18256.0,충북,40대,성공
2024-03-01 10:19:00,U000548,신용카드,교육,144507.0,강원,40대,성공
2024/07/11 06:47,U001943,포인트결제,교육,46914.0,서울,60대 이상,성공
2024/07/19 15:17,U001986,계좌이체,교육,312558.0,부산,50대,성공
2024-03-09 15:41:00,U003348,체크카드,의료,83603.0,서울,40대,성공
2024-08-07 10:28:00,U000594, 신용카드 ,문화/여가,15132.0,경북,20대,성공
2024-11-29 21:33:00,U003802, 신용카드 ,식음료,8454.0,제주,40대,성공
2024-10-29 13:52:00,U001089,체크카드,쇼핑,35979.0,전남,40대,성공
2024-01-01 14:34:00,U001144,신용카드,문화/여가,32408.0,서울,40대,성공
2024-01-14 19:33:00,U001783,계좌이체,의료,76474.0,부산,20대,성공
2024-06-02 17:31:00,U001707,신용카드,쇼핑,81960.0,서울,,성공
2024-04-24 19:02:00,U003044,신용카드,문화/여가,109809.0,대전,20대,성공
2024-02-22 19:02:00,U000380,체크카드,의료,31472.0,경기,40대,성공
2024-02-01 16:03:00,U001158,신용카드,쇼핑,60679.0,경기,20대,성공
2024-03-12 15:49:00,U001820,신용카드,교통,3812.0,서울,30대,성공
2024-02-07 16:24:00,U003549,포인트결제,식음료,13161.0,경남,20대,취소
2024-07-19 18:00:00,U000802,체크카드,교통,3876.0,전북,20대,성공
2024-12-01 12:06:00,U000981,신용카드,식음료,15655.0,서울,50대,성공
2024-08-02 18:41:00,U000218,휴대폰결제,기타,5846.0,경남,20대,성공
2024-08-28 10:08:00,U001858,체크카드,쇼핑,4959.0,울산,30대,성공
2024/05/15 19:38,U002778,체크카드,문화/여가,48600.0,서울,40대,성공
2024-12-20 09:07:00,U001273,계좌이체,교통,2503.0,부산,40대,성공
2024-03-06 00:08:00,U000212,신용카드,의료,14955.0,서울,30대,성공
2024-12-10 01:15:00,U000448,신용카드,문화/여가,23733.0,충남,40대,성공
2024-11-23 18:59:00,U002862,체크카드,문화/여가,23226.0,경남,30대,성공
2024-09-22 18:17:00,U002300,신용카드,식음료,22520.0,경기,60대 이상,성공
2024-03-27 18:21:00,U002890,계좌이체,쇼핑,97508.0,전남,30대,성공
2024-01-30 10:22:00,U001781,신용카드,교통,2046.0,경기,50대,성공
2024-07-16 12:25:00,U003183,포인트결제,공과금,122119.0,부산,20대,성공
2024-03-06 12:42:00,U000790,포인트결제,공과금,70378.0,경기,40대,취소
2024-06-10 10:33:00,U002364,신용카드,교통,4106.0,전북,20대,성공
2024-04-15 11:03:00,U002830,휴대폰결제,식음료,5775.0,경기,20대,성공
2024-08-18 19:41:00,U000798,포인트결제,쇼핑,12132.0,대구,30대,성공
2024-06-02 16:45:00,U002212,신용카드,교통,7822.0,전남,40대,성공
2024/11/12 07:13,U000020,체크카드,교통,7388.0,서울,60대 이상,성공
2024-09-12 09:45:00,U000139,신용카드,식음료,13683.0,제주,40대,성공
2024-02-16 11:40:00,U001578,신용카드,기타,20432.0,인천,30대,성공
2024-11-09 16:18:00,U003896,계좌이체,의료,65687.0,인천,30대,성공
2024-03-19 15:41:00,U002695,포인트결제,공과금,123390.0,서울,20대,성공
2024/02/04 15:21,U001778,신용카드,교통,1593.0,경기,30대,성공
2024-11-30 16:11:00,U003566,신용카드,교통,2127.0,서울,30대,성공
2024/07/15 19:13,U001153,신용카드,의료,62674.0,서울,50대,성공
2024-10-05 15:15:00,U000179,체크카드,식음료,21336.0,서울,30대,성공
2024-02-17 08:57:00,U001514,신용카드,공과금,127682.0,서울,30대,성공
2024/09/20 12:49,U001187,포인트결제,쇼핑,29852.0,경기,20대,성공
2024-06-06 12:35:00,U000739, 신용카드 ,쇼핑,24771.0,경기,30대,성공
2024-02-20 03:14:00,U002291,체크카드,교통,6417.0,경기,20대,성공
2024-03-25 20:00:00,U000239,신용카드,식음료,13101.0,경기,40대,성공
2024/04/07 17:52,U002450,체크카드,공과금,53874.0,경기,20대,성공
2024-04-17 18:25:00,U001234,신용카드,기타,15439.0,충남,10대,성공
2024-06-24 03:09:00,U002932,신용카드,의료,14413.0,대구,40대,성공
2024-02-10 20:12:00,U003444,체크카드,쇼핑,63520.0,경기,30대,성공
2024/01/24 18:22,U002903, 신용카드 ,의료,43271.0,광주,20대,성공
2024-12-25 13:13:00,U002752,신용카드,쇼핑,50974.0,서울,30대,성공
2024-09-29 18:04:00,U003116,신용카드,쇼핑,76937.0,서울,20대,성공
2024/02/21 11:38,U000196,휴대폰결제,공과금,55480.0,경남,40대,성공
2024-09-05 12:28:00,U001119,신용카드,쇼핑,31015.0,,20대,성공
2024-11-01 10:19:00,U003464,휴대폰결제,쇼핑,14277.0,인천,20대,성공
2024-06-20 11:56:00,U000202,계좌이체,교통,5592.0,경기,50대,성공
2024-02-14 06:42:00,U000895,신용카드,식음료,36889.0,제주,30대,실패
2024-03-14 12:02:00,U001704,포인트결제,여행,,서울,40대,성공
2024-07-12 11:14:00,U003728,계좌이체,쇼핑,5175.0,대구,20대,성공
2024-06-21 14:14:00,U002068,포인트결제,식음료,2727.0,경기,40대,성공
2024-02-13 15:39:00,U001915,신용카드,쇼핑,45784.0,경기,60대 이상,성공
2024-11-08 14:10:00,U001316,계좌이체,교육,262310.0,경기,30대,성공
2024-07-27 09:03:00,U000240,신용카드,교통,968.0,대전,30대,성공
2024/12/29 09:01,U001267,신용카드,식음료,9802.0,부산,,성공
2024/11/16 20:33,U000853,체크카드,교통,3510.0,부산,20대,성공
2024-06-23 18:19:00,U003161, 신용카드 ,기타,49097.0,경북,30대,성공
2024-10-30 17:05:00,U002907,체크카드,기타,13518.0,서울,30대,성공
2024-12-15 21:14:00,U002551,계좌이체,식음료,9524.0,서울,60대 이상,성공
2024-02-23 06:14:00,U000151,계좌이체,쇼핑,85263.0,전남,40대,성공
2024-01-19 22:33:00,U002791,신용카드,기타,18675.0,대전,20대,성공
2024/03/31 18:46,U000324,계좌이체,기타,16222.0,서울,20대,성공
2024-11-15 20:59:00,U002905,체크카드,쇼핑,40006.0,대구,20대,성공
2024-06-22 15:41:00,U002053,휴대폰결제,식음료,7872.0,서울,20대,성공
2024-01-16 13:30:00,U001111,신용카드,교통,4506.0,충남,30대,성공
2024/11/12 19:49,U001214,신용카드,교통,1726.0,서울,,성공
2024-03-22 08:28:00,U000458,신용카드,교육,318423.0,경기,60대 이상,성공
2024-06-10 19:35:00,U001464,,쇼핑,34804.0,광주,60대 이상,성공
2024-08-21 10:04:00,U001776,신용카드,문화/여가,19216.0,경남,,취소
2024-08-16 19:46:00,U000684,신용카드,식음료,3939.0,경기,40대,성공
2024-08-29 09:50:00,U003386,계좌이체,쇼핑,62496.0,서울,20대,성공
2024-10-14 00:13:00,U001822,체크카드,식음료,10861.0,부산,40대,성공
2024-09-20 21:27:00,U001530,신용카드,쇼핑,41174.0,울산,30대,성공
2024/03/14 19:16,U000555,계좌이체,식음료,32859.0,경기,40대,성공
2024-12-05 12:03:00,U003427,신용카드,쇼핑,22273.0,경기,20대,성공
2024/04/13 11:53,U001130,신용카드,공과금,107107.0,경기,,성공
2024-01-30 15:48:00,U001525,신용카드,교통,2794.0,인천,20대,성공
2024-10-26 12:00:00,U002638,신용카드,식음료,18032.0,,30대,성공
2024/05/14 09:13,U003881,신용카드,쇼핑,61482.0,서울,30대,성공
2024-05-22 16:00:00,U002102,체크카드,식음료,23172.0,인천,30대,성공
2024-01-19 07:38:00,U000301,신용카드,교통,840.0,전남,20대,성공
2024-06-21 17:49:00,U003480,신용카드,교통,2551.0,서울,20대,성공
2024-02-13 23:06:00,U000657,포인트결제,교통,776.0,광주,10대,성공
2024/12/11 19:57,U003506,체크카드,쇼핑,119618.0,서울,20대,성공
2024-09-29 19:13:00,U000413,신용카드,쇼핑,49122.0,부산,50대,성공
2024-11-02 17:29:00,U002983,,식음료,3171.0,경기,30대,성공
2024-03-14 12:34:00,U002841,신용카드,기타,57054.0,서울,40대,성공
2024-10-31 06:57:00,U003667,계좌이체,공과금,45979.0,광주,30대,성공
2024/06/28 22:51,U002715,신용카드,교통,3170.0,서울,20대,성공
2024-05-09 14:22:00,U000323,신용카드,문화/여가,38047.0,서울,20대,성공
2024-07-31 06:19:00,U003165,체크카드,문화/여가,44293.0,,10대,성공
2024-05-08 12:17:00,U001051,휴대폰결제,식음료,11045.0,서울,60대 이상,성공
2024-07-23 19:34:00,U002855,체크카드,쇼핑,55188.0,부산,20대,성공
2024-09-08 12:31:00,U001171,신용카드,쇼핑,30239.0,서울,40대,성공
2024-08-14 07:22:00,U002315,신용카드,교통,500.0,대전,,성공
2024-09-10 08:40:00,U000580,계좌이체,식음료,10801.0,서울,50대,성공
2024-05-19 15:14:00,U000966,체크카드,기타,20044.0,경기,30대,성공
2024/01/28 12:38,U002148,체크카드,문화/여가,18874.0,서울,40대,성공
2024-08-18 11:44:00,U000765,체크카드,쇼핑,26357.0,대구,30대,실패
2024-10-18 11:14:00,U002208,신용카드,교통,6330.0,서울,,성공
2024-04-29 00:39:00,U002685,신용카드,식음료,12542.0,경기,60대 이상,성공
2024-03-05 14:20:00,U001009,계좌이체,쇼핑,44188.0,서울,40대,성공
2024-12-08 20:46:00,U002466,신용카드,쇼핑,27179.0,서울,,성공
2024-06-08 14:10:00,U003012,휴대폰결제,식음료,15548.0,인천,60대 이상,성공
2024-01-06 16:06:00,U002882,계좌이체,공과금,109728.0,경기,30대,성공
2024-02-19 12:26:00,U001474,신용카드,문화/여가,,충남,50대,성공
2024-03-08 14:14:00,U001336,체크카드,교통,1194.0,경남,50대,성공
2024-01-04 10:19:00,U000206,포인트결제,문화/여가,33680.0,,30대,취소
2024-06-06 13:53:00,U003926,체크카드,쇼핑,63153.0,경기,30대,성공
2024-07-16 09:46:00,U002484,계좌이체,교통,2624.0,경남,50대,성공
2024/08/26 09:32,U003094,체크카드,식음료,7021.0,경기,30대,성공
2024-06-18 15:29:00,U003516,계좌이체,식음료,22598.0,서울,20대,성공
2024-08-30 22:43:00,U000636,체크카드,쇼핑,50608.0,충남,30대,성공
2024-07-28 20:48:00,U002901,신용카드,교통,4809.0,전북,30대,성공
2024-07-15 17:52:00,U002698,신용카드,쇼핑,42917.0,전북,30대,성공
2024-01-10 12:17:00,U003274,체크카드,여행,369686.0,부산,20대,성공
2024-11-02 16:48:00,U000898,신용카드,교통,3048.0,서울,20대,성공
2024-11-01 10:55:00,U003578,신용카드,공과금,190592.0,전북,20대,성공
2024-01-20 14:18:00,U001026,체크카드,기타,16202.0,경기,20대,성공
2024-03-12 20:33:00,U000783,신용카드,기타,38459.0,경기,30대,취소
2024/03/05 12:18,U001248,체크카드,문화/여가,19141.0,부산,30대,성공
2024/03/07 08:14,U002886,휴대폰결제,의료,58128.0,서울,30대,성공
2024-09-21 09:07:00,U000464,신용카드,여행,323626.0,충남,50대,성공
2024/04/19 13:26,U000629,체크카드,쇼핑,37445.0,,30대,성공
2024-10-16 19:15:00,U003670,신용카드,공과금,,경기,60대 이상,성공
2024-07-05 15:33:00,U003262,계좌이체,문화/여가,64853.0,서울,20대,성공
2024-08-10 21:08:00,U001858,신용카드,쇼핑,25473.0,충북,20대,성공
2024-04-08 21:07:00,U000440,체크카드,쇼핑,9377.0,전북,10대,성공
2024-02-26 17:13:00,U002495,신용카드,교통,2044.0,인천,40대,성공
2024-06-10 20:32:00,U003281,신용카드,쇼핑,53220.0,경남,30대,실패
2024/02/13 03:03,U001863,신용카드,식음료,8946.0,서울,10대,성공
2024-07-13 23:51:00,U001896,신용카드,식음료,3326.0,대전,,성공
2024-10-13 17:35:00,U003237,신용카드,교육,197759.0,경북,50대,성공
2024-03-27 14:44:00,U000148,포인트결제,문화/여가,44187.0,전남,40대,성공
2024/04/16 15:52,U001316,체크카드,문화/여가,10569.0,서울,20대,성공
2024-05-25 05:30:00,U000220,신용카드,교통,2102.0,서울,20대,성공
2024-06-03 21:18:00,U003821,신용카드,쇼핑,20516.0,경기,30대,성공
2024-09-23 08:10:00,U000736,계좌이체,쇼핑,51274.0,인천,50대,성공
2024-10-26 13:57:00,U002959,신용카드,쇼핑,46198.0,제주,50대,성공
2024-01-25 10:30:00,U000676,신용카드,교육,45402.0,서울,10대,성공
2024-03-01 18:17:00,U001364,체크카드,쇼핑,43844.0,서울,20대,성공
2024-09-03 21:17:00,U002745,체크카드,문화/여가,39469.0,서울,10대,실패
2024-12-04 21:42:00,U000394,신용카드,식음료,3693.0,경기,60대 이상,성공
2024-12-26 19:47:00,U000521,계좌이체,문화/여가,26407.0,서울,60대 이상,성공
2024/07/10 23:18,U003886,신용카드,쇼핑,12141.0,인천,20대,성공
2024-10-28 11:58:00,U002056,신용카드,식음료,12063.0,서울,20대,성공
2024-04-20 20:51:00,U001900,신용카드,교육,111179.0,서울,20대,성공
2024-07-14 20:05:00,U001275,신용카드,문화/여가,51379.0,,,성공
2024-09-11 10:12:00,U001591,체크카드,쇼핑,3139.0,경남,50대,성공
2024-01-29 16:24:00,U003289,체크카드,문화/여가,60693.0,인천,40대,성공
2024/02/09 20:24,U002334,체크카드,식음료,6271.0,서울,40대,성공
2024-05-17 08:21:00,U003223,체크카드,쇼핑,33180.0,서울,30대,성공
2024-02-11 13:11:00,U000048,체크카드,쇼핑,41844.0,경기,50대,성공
2024-02-11 10:01:00,U003982,신용카드,교육,218010.0,강원,20대,성공
2024-12-09 10:46:00,U002733,포인트결제,쇼핑,107298.0,제주,50대,성공
2024-08-26 09:23:00,U000066,계좌이체,기타,12661.0,제주,40대,성공
2024-10-30 11:20:00,U002578,신용카드,문화/여가,18486.0,서울,40대,성공
2024/03/17 00:20,U001459,휴대폰결제,쇼핑,44043.0,서울,,성공
2024-10-18 20:43:00,U002278,포인트결제,공과금,8431.0,충북,60대 이상,성공
2024-07-23 17:27:00,U003803,체크카드,교육,142534.0,전북,50대,성공
2024-12-13 20:24:00,U002921,체크카드,교통,2009.0,전남,50대,성공
2024-11-19 17:39:00,U001517,체크카드,식음료,30097.0,,20대,성공
2024-05-06 10:52:00,U001195,신용카드,식음료,8467.0,부산,20대,취소
2024-06-21 11:57:00,U000411,신용카드,공과금,76475.0,충남,20대,성공
2024-10-12 08:56:00,U003240,신용카드,문화/여가,108068.0,서울,30대,성공
2024-08-01 05:41:00,U000823,신용카드,교통,2401.0,경남,20대,성공
2024-03-19 07:26:00,U002200,신용카드,쇼핑,63703.0,세종,20대,성공
2024-05-14 20:27:00,U002038,신용카드,식음료,2460.0,서울,20대,성공
2024/11/07 19:38,U002036, 신용카드 ,식음료,24873.0,서울,30대,성공
2024-06-17 20:41:00,U003406,,식음료,14816.0,서울,,성공
2024-12-06 07:10:00,U002476,계좌이체,기타,10688.0,인천,40대,성공
2024-11-27 05:23:00,U001015,포인트결제,교통,1145.0,,40대,성공
2024-05-03 13:55:00,U002496,체크카드,공과금,63654.0,서울,50대,실패
2024-09-23 17:55:00,U000385,신용카드,공과금,99776.0,서울,20대,성공
2024-08-28 20:31:00,U000875,신용카드,식음료,39009.0,충남,50대,성공
2024-03-29 20:19:00,U000091,계좌이체,식음료,49934.0,경기,40대,성공
2024-05-31 17:05:00,U003740,포인트결제,식음료,19969.0,전남,20대,성공
2024-03-28 18:54:00,U001327,휴대폰결제,교통,1216.0,부산,60대 이상,성공
2024-02-07 11:04:00,U003439,휴대폰결제,쇼핑,,서울,30대,성공
2024-12-17 17:52:00,U002323,포인트결제,교통,3261.0,서울,20대,성공
2024-09-27 08:36:00,U001111,신용카드,문화/여가,29693.0,경기,10대,성공
2024-05-04 11:42:00,U002471,체크카드,식음료,14463.0,서울,50대,성공
2024/05/21 21:08,U000643,신용카드,교육,140560.0,경북,20대,성공
2024/06/14 09:54,U003141,계좌이체,교통,2889.0,서울,20대,실패
2024-11-18 14:08:00,U001215,계좌이체,식음료,19769.0,서울,20대,성공
2024-11-14 19:26:00,U002500,신용카드,공과금,134525.0,전남,40대,성공
2024-05-04 15:32:00,U001298,포인트결제,의료,28352.0,서울,20대,실패
2024/08/17 06:39,U002132,계좌이체,식음료,1040.0,경기,30대,성공
2024-01-14 06:02:00,U000975,신용카드,공과금,98557.0,서울,50대,성공
2024-03-15 13:00:00,U002408,신용카드,기타,17548.0,경기,20대,성공
2024-10-30 13:11:00,U000314,포인트결제,교통,3684.0,대구,20대,성공
2024-08-08 18:07:00,U002104,체크카드,식음료,11243.0,대전,,성공
2024-05-08 11:11:00,U000111,체크카드,교통,1310.0,부산,30대,성공
2024-12-07 17:59:00,U000740,체크카드,교육,33559.0,서울,20대,성공
2024-09-23 12:31:00,U000481,포인트결제,쇼핑,,경남,50대,성공
2024/03/22 12:40,U001541,계좌이체,교통,2534.0,경남,30대,성공
2024-12-27 07:22:00,U000789,,식음료,15207.0,경기,50대,성공
2024-06-19 08:52:00,U003244,신용카드,쇼핑,36223.0,서울,20대,성공
2024-10-07 05:39:00,U002120,체크카드,공과금,127218.0,경기,40대,성공
2024-02-13 18:06:00,U002954,신용카드,문화/여가,42033.0,서울,,성공
2024-01-02 07:01:00,U001805,체크카드,교통,5704.0,전북,20대,성공
2024/08/28 19:00,U002785, 신용카드 ,의료,80302.0,경기,30대,성공
2024-02-09 06:34:00,U001405,체크카드,의료,34870.0,충북,30대,성공
2024-12-26 12:45:00,U001553,포인트결제,교육,183153.0,경기,30대,실패
2024-12-27 12:16:00,U000962,계좌이체,쇼핑,17186.0,대전,40대,성공
2024-05-09 00:14:00,U001444,신용카드,의료,12208.0,,30대,성공
2024-08-26 16:06:00,U000724,신용카드,교통,925.0,경기,20대,성공
2024-12-03 18:56:00,U001975,체크카드,식음료,8507.0,서울,20대,취소
2024/10/29 11:26,U000922,신용카드,쇼핑,36475.0,경기,40대,성공
2024-08-19 22:33:00,U003105,휴대폰결제,쇼핑,56118.0,서울,20대,성공
2024-07-27 07:34:00,U003108,포인트결제,식음료,9267.0,대전,20대,실패
2024/01/13 10:39,U001436,신용카드,기타,17257.0,전남,50대,성공
2024-08-03 11:42:00,U000412,계좌이체,여행,330569.0,부산,50대,성공
2024-01-21 21:54:00,U002998,체크카드,쇼핑,107143.0,경남,30대,성공
2024-03-15 18:02:00,U001633, 신용카드 ,교통,796.0,경기,50대,성공
2024-02-13 18:49:00,U002462,신용카드,교육,24824.0,부산,40대,성공
2024/10/13 18:33,U002593,신용카드,식음료,10294.0,경기,20대,성공
2024-12-02 15:38:00,U000972,신용카드,식음료,16299.0,서울,20대,성공
2024-06-06 09:15:00,U001668,계좌이체,식음료,13950.0,부산,40대,성공
2024/08/29 17:34,U003609,체크카드,쇼핑,132994.0,서울,20대,성공
2024-10-24 14:06:00,U000836,포인트결제,문화/여가,14301.0,부산,40대,성공
2024/06/01 13:00,U003186,신용카드,의료,27215.0,경남,40대,성공
2024-11-24 20:31:00,U002098,휴대폰결제,의료,56414.0,서울,30대,성공
2024-03-05 19:17:00,U002346,체크카드,기타,17892.0,서울,20대,성공
2024-07-21 20:28:00,U001657,신용카드,공과금,14568.0,경남,30대,성공
2024-04-01 13:00:00,U001047,포인트결제,식음료,-17239.0,충남,20대,성공
2024-04-10 17:17:00,U003046,신용카드,문화/여가,21943.0,경기,30대,성공
2024/11/03 04:54,U001723,포인트결제,교육,140801.0,,40대,성공
2024-08-03 14:16:00,U001828,신용카드,식음료,20140.0,서울,10대,성공
2024-03-24 17:05:00,U001830,신용카드,쇼핑,42716.0,경기,30대,성공
2024-08-21 17:35:00,U001026,계좌이체,교통,2087.0,서울,30대,성공
2024-01-18 22:06:00,U000824,계좌이체,식음료,17702.0,경북,40대,성공
2024/09/17 17:47,U002589,신용카드,교육,58897.0,경기,20대,성공
2024-02-15 03:49:00,U000213,휴대폰결제,쇼핑,23478.0,서울,50대,성공
2024/04/27 20:30,U002678,신용카드,식음료,20705.0,서울,50대,성공
2024-04-06 08:27:00,U001727,신용카드,쇼핑,6247.0,서울,10대,실패
2024/09/19 17:35,U003601,체크카드,문화/여가,29283.0,경기,30대,취소
2024-02-15 11:26:00,U000244,신용카드,문화/여가,82021.0,세종,40대,성공
2024-09-01 18:14:00,U003819,체크카드,쇼핑,104973.0,서울,50대,성공
2024-11-23 22:31:00,U002717,체크카드,식음료,27970.0,서울,50대,성공
2024-11-24 03:49:00,U002559,신용카드,쇼핑,80148.0,부산,20대,취소
2024-09-05 11:45:00,U001190,포인트결제,식음료,21355.0,대구,40대,성공
2024-08-05 14:07:00,U000050,계좌이체,쇼핑,197356.0,광주,40대,성공
2024-10-30 21:11:00,U003418,신용카드,기타,46438.0,서울,20대,성공
2024-05-14 13:59:00,U000604,계좌이체,기타,33715.0,경기,20대,실패
2024-04-05 20:12:00,U002218, 신용카드 ,식음료,17630.0,대구,30대,성공
2024-12-01 19:57:00,U001187,계좌이체,기타,50791.0,인천,10대,성공
2024-03-18 16:57:00,U003365,체크카드,쇼핑,70808.0,서울,30대,성공
2024-02-18 18:26:00,U003917,신용카드,문화/여가,61430.0,세종,10대,성공
2024-09-03 17:23:00,U000810,신용카드,교육,40786.0,광주,20대,성공
2024-11-18 15:45:00,U001953,계좌이체,쇼핑,35671.0,,30대,성공
2024-11-20 19:03:00,U002480,신용카드,기타,5516.0,서울,,성공
2024-06-08 06:04:00,U002326,휴대폰결제,식음료,6176.0,전북,30대,성공
2024-12-08 07:36:00,U000246,,공과금,109870.0,서울,20대,실패
2024-10-28 21:47:00,U002794,신용카드,여행,195426.0,경기,40대,실패
2024-08-31 19:09:00,U003088,체크카드,교통,3430.0,대구,30대,성공
2024-05-01 12:39:00,U000616,신용카드,식음료,9708.0,서울,,성공
2024-08-01 04:57:00,U002628, 신용카드 ,교육,218055.0,대구,60대 이상,성공
2024-11-21 07:48:00,U000863,포인트결제,교육,225610.0,충남,20대,성공
2024-01-03 19:06:00,U001258,계좌이체,교통,2113.0,경기,10대,성공
2024-11-02 01:45:00,U002653,포인트결제,쇼핑,100456.0,서울,40대,성공
2024-01-06 10:00:00,U002623,신용카드,의료,32045.0,대구,30대,성공
2024-09-19 11:09:00,U001196,신용카드,식음료,44248.0,경기,30대,성공
2024-02-22 06:12:00,U000149,포인트결제,식음료,38460.0,서울,40대,성공
2024-02-10 15:35:00,U001559,계좌이체,쇼핑,120090.0,서울,60대 이상,성공
2024-05-23 07:58:00,U000016,계좌이체,문화/여가,33071.0,경기,20대,성공
2024-09-24 09:18:00,U001016,계좌이체,교통,4063.0,부산,60대 이상,성공
2024-01-28 08:08:00,U000657,신용카드,식음료,5824.0,충남,50대,성공
2024-08-19 10:09:00,U001187,계좌이체,의료,35071.0,,50대,성공
2024-05-07 21:11:00,U003992,휴대폰결제,문화/여가,5724.0,경기,20대,성공
2024-06-09 13:36:00,U000712,계좌이체,여행,312512.0,,60대 이상,성공
2024/04/02 18:58,U002605,포인트결제,식음료,30031.0,서울,30대,실패
2024-04-02 13:28:00,U001912,신용카드,의료,58558.0,경기,50대,성공
2024-04-02 22:51:00,U000537,신용카드,의료,45563.0,서울,30대,성공
2024-07-30 17:42:00,U001085,체크카드,식음료,31775.0,경기,20대,성공
2024-12-28 18:52:00,U001099,신용카드,교육,167476.0,인천,40대,성공
2024-11-25 17:31:00,U002404,신용카드,의료,61545.0,제주,20대,성공
2024/11/01 22:52,U002745,신용카드,문화/여가,12299.0,광주,10대,성공
2024-01-23 13:02:00,U002175,체크카드,식음료,33892.0,대전,50대,취소
2024-08-12 21:50:00,U000225,신용카드,기타,17067.0,서울,,성공
2024-11-17 18:30:00,U000806,체크카드,쇼핑,27764.0,대구,20대,성공
2024-07-20 04:18:00,U000552,체크카드,쇼핑,28412.0,대구,10대,성공
2024-07-22 23:50:00,U001360,신용카드,식음료,,서울,30대,성공
2024-11-08 17:48:00,U000238,신용카드,의료,35139.0,전남,50대,성공
2024-02-19 13:08:00,U002728,,문화/여가,-20317.0,경기,20대,성공
2024-06-25 15:36:00,U000160,체크카드,의료,28531.0,경기,50대,성공
2024-08-19 08:38:00,U002520,체크카드,교통,2739.0,서울,20대,성공
2024-08-06 11:48:00,U002508,포인트결제,문화/여가,68118.0,충북,60대 이상,성공
2024-05-14 10:56:00,U000478,계좌이체,공과금,32227.0,서울,40대,성공
2024-12-17 08:53:00,U001085, 신용카드 ,쇼핑,42645.0,광주,50대,성공
2024-09-14 18:33:00,U002606,포인트결제,여행,199087.0,서울,20대,성공
2024-02-03 18:16:00,U003645, 신용카드 ,교통,2036.0,세종,40대,성공
2024-12-06 13:13:00,U002169,신용카드,식음료,42164.0,인천,40대,성공
2024/09/16 14:23,U003154,계좌이체,교통,5264.0,경기,20대,성공
2024-11-01 13:14:00,U000345,신용카드,교육,33308.0,인천,50대,성공
2024-12-30 10:16:00,U000926,신용카드,교통,2631.0,부산,20대,성공
2024-09-27 11:10:00,U000095,신용카드,기타,25636.0,경기,20대,성공
2024-03-10 04:24:00,U002208,체크카드,기타,54242.0,서울,30대,성공
2024/06/15 21:00,U002369,체크카드,식음료,15099.0,경기,40대,성공
2024-12-11 13:23:00,U002268,신용카드,의료,58572.0,경기,20대,성공
2024-02-22 12:06:00,U003560, 신용카드 ,교육,78647.0,경기,40대,성공
2024-10-23 10:14:00,U000436,휴대폰결제,공과금,51541.0,서울,30대,성공
2024/07/26 21:45,U003165,신용카드,식음료,12583.0,경기,30대,성공
2024-05-30 17:38:00,U001683,신용카드,식음료,4618.0,경북,30대,성공
2024-03-04 12:53:00,U003036,신용카드,식음료,,서울,60대 이상,성공
2024-05-18 03:14:00,U003133,포인트결제,식음료,38915.0,경기,20대,성공
2024-02-17 17:36:00,U003395,계좌이체,공과금,346897.0,경남,20대,성공
2024/05/20 19:55,U001874,,쇼핑,15204.0,경기,20대,성공
2024-02-23 10:10:00,U002206,계좌이체,교육,246796.0,대전,40대,성공
2024-09-01 17:19:00,U002755,포인트결제,식음료,7562.0,전남,20대,성공
2024/01/21 10:36,U001435,신용카드,쇼핑,44144.0,경기,10대,성공
2024-09-08 15:43:00,U000818,신용카드,의료,38573.0,경기,10대,성공
2024-04-08 14:42:00,U000157,체크카드,쇼핑,37506.0,충남,40대,실패
2024-05-31 21:16:00,U000866,신용카드,쇼핑,62528.0,경기,20대,성공
2024/05/11 19:03,U003008,신용카드,교통,9998.0,,60대 이상,성공
2024-04-26 20:16:00,U003999,체크카드,식음료,33168.0,서울,10대,성공
2024-11-27 07:07:00,U001136,계좌이체,문화/여가,14108.0,경기,30대,성공
2024-10-12 08:38:00,U001293,신용카드,식음료,20934.0,울산,10대,성공
2024-03-31 07:10:00,U003190,신용카드,의료,18639.0,서울,20대,성공
2024-05-21 22:43:00,U000660,신용카드,쇼핑,13880.0,서울,30대,성공
2024-02-23 16:52:00,U000204,체크카드,문화/여가,14503.0,강원,20대,성공
2024-12-21 00:55:00,U000549,신용카드,교통,3613.0,전북,20대,성공
2024-07-08 20:07:00,U001633,신용카드,의료,4739.0,서울,,성공
2024-10-28 22:44:00,U001438,휴대폰결제,문화/여가,63043.0,인천,20대,성공
2024-02-22 17:33:00,U001151,포인트결제,쇼핑,30307.0,충북,30대,성공
2024-03-04 10:06:00,U002017,신용카드,쇼핑,104020.0,경기,50대,성공
2024-09-01 21:57:00,U002140,신용카드,식음료,21922.0,부산,40대,성공
2024-07-16 19:37:00,U003395,계좌이체,쇼핑,61699.0,서울,30대,성공
2024-02-17 10:16:00,U003932,포인트결제,교통,6196.0,경기,20대,성공
2024-10-27 21:21:00,U001369,포인트결제,쇼핑,37372.0,전남,20대,성공
2024-02-08 22:30:00,U000991,신용카드,교육,263028.0,서울,30대,성공
2024-10-20 14:40:00,U003844,계좌이체,기타,15832.0,경기,20대,성공
2024-04-02 08:15:00,U003393,체크카드,문화/여가,25949.0,서울,40대,성공
2024/09/03 15:16,U002386,신용카드,식음료,38816.0,서울,40대,성공
2024-02-28 14:18:00,U000105,휴대폰결제,식음료,20056.0,서울,20대,성공
2024-06-29 15:25:00,U002599,계좌이체,교육,72535.0,경기,30대,성공
2024-04-30 10:04:00,U003805,휴대폰결제,쇼핑,93603.0,인천,20대,성공
2024-06-24 09:22:00,U003114,포인트결제,기타,22070.0,서울,50대,성공
2024-08-09 19:03:00,U002795,계좌이체,공과금,83782.0,경기,20대,성공
2024/03/24 12:11,U002705,계좌이체,교육,79196.0,경기,60대 이상,성공
2024-10-27 15:24:00,U002476,포인트결제,기타,17282.0,,20대,성공
2024-03-26 19:24:00,U002053,신용카드,공과금,57456.0,경기,30대,성공
2024/11/28 21:34,U002171,신용카드,식음료,10578.0,서울,20대,성공
2024-09-22 08:31:00,U001827, 신용카드 ,의료,60860.0,대구,30대,성공
2024-03-19 21:50:00,U001559,체크카드,기타,14785.0,인천,20대,성공
2024/02/11 22:26,U000603,계좌이체,교통,16599.0,충북,50대,성공
2024-11-30 16:16:00,U002173,계좌이체,교육,252773.0,경기,30대,실패
2024-06-07 12:40:00,U002318,계좌이체,공과금,4387.0,부산,40대,성공
2024-03-27 18:48:00,U003580,포인트결제,쇼핑,93274.0,경기,20대,실패
2024/12/26 01:27,U001609,포인트결제,식음료,41080.0,경남,40대,성공
2024-02-17 10:51:00,U001905,신용카드,식음료,7286.0,경기,40대,성공
2024-05-17 11:24:00,U000320, 신용카드 ,교통,8406.0,인천,30대,성공
2024-09-03 19:21:00,U002778,체크카드,식음료,10702.0,충남,40대,성공
2024-04-08 13:11:00,U000442,체크카드,문화/여가,26445.0,부산,20대,성공
2024/06/19 13:57,U000185,체크카드,쇼핑,18103.0,부산,60대 이상,성공
2024-07-07 21:28:00,U000636,,여행,270093.0,서울,30대,성공
2024-12-07 17:44:00,U003482,체크카드,쇼핑,32433.0,대구,60대 이상,성공
2024-03-03 10:58:00,U003474,포인트결제,여행,294397.0,서울,50대,성공
2024-07-30 22:08:00,U000949,신용카드,여행,133963.0,서울,50대,성공
2024-11-06 16:55:00,U000519,신용카드,쇼핑,57525.0,제주,30대,성공
2024/10/05 06:39,U000265,신용카드,쇼핑,48214.0,광주,30대,성공
2024-01-10 19:10:00,U001030,신용카드,쇼핑,8012.0,충북,30대,성공
2024-09-01 10:07:00,U000139,계좌이체,교통,1423.0,세종,40대,성공
2024-06-01 02:46:00,U002579,계좌이체,식음료,20401.0,경기,30대,성공
2024-02-20 10:13:00,U002049,신용카드,여행,214380.0,경기,,성공
2024-01-12 12:06:00,U003827,신용카드,식음료,,경기,20대,성공
2024-05-09 15:25:00,U003480,체크카드,기타,41642.0,경기,20대,성공
2024-07-29 20:42:00,U003891,신용카드,쇼핑,44011.0,서울,20대,성공
2024-01-19 09:40:00,U000576,계좌이체,공과금,74782.0,부산,40대,성공
2024-02-14 20:48:00,U002682,신용카드,식음료,7738.0,부산,50대,성공
2024-06-22 18:01:00,U003312,포인트결제,식음료,15860.0,,30대,성공
2024-06-27 09:38:00,U002040,신용카드,문화/여가,41791.0,경기,10대,성공
2024-06-05 23:57:00,U002062,체크카드,쇼핑,75143.0,부산,20대,성공
2024-08-14 14:42:00,U002626,체크카드,기타,18559.0,경기,30대,성공
2024-02-01 18:16:00,U002443, 신용카드 ,의료,42698.0,대전,,성공
2024/11/25 10:30,U002323,체크카드,쇼핑,74372.0,서울,30대,실패
2024/11/03 16:55,U003671,휴대폰결제,쇼핑,24911.0,서울,60대 이상,성공
2024-02-14 18:38:00,U000739,신용카드,문화/여가,4207.0,광주,40대,성공
2024-07-10 11:52:00,U002877,휴대폰결제,교통,1373.0,경기,20대,성공
2024-03-30 10:53:00,U002678,체크카드,문화/여가,19336.0,충남,30대,성공
2024-07-11 16:21:00,U003696,신용카드,공과금,104997.0,대구,20대,성공
2024-02-24 05:47:00,U003076,체크카드,식음료,20283.0,인천,20대,성공
2024-08-24 20:21:00,U003342,신용카드,쇼핑,75741.0,경기,40대,취소
2024-10-27 13:39:00,U003829,신용카드,쇼핑,44037.0,제주,50대,성공
2024-09-19 19:44:00,U003956,포인트결제,기타,27074.0,서울,60대 이상,성공
2024-11-07 20:48:00,U000504,신용카드,교통,3922.0,서울,30대,성공
2024-08-14 16:30:00,U002406,신용카드,쇼핑,51247.0,충북,10대,성공
2024/01/12 19:35,U001786,신용카드,식음료,15599.0,경기,40대,성공
2024-11-27 22:51:00,U001163,포인트결제,문화/여가,2401.0,경기,,성공
2024-08-22 00:41:00,U002948,계좌이체,식음료,21576.0,경기,30대,성공
2024-02-19 21:55:00,U000712,신용카드,기타,41504.0,제주,50대,성공
2024-07-02 20:34:00,U002695,신용카드,식음료,31978.0,경남,10대,성공
2024-10-11 14:59:00,U002419,신용카드,교육,147022.0,서울,30대,성공
2024-08-08 22:56:00,U003675, 신용카드 ,공과금,77001.0,서울,40대,성공
2024-12-01 11:34:00,U000335,신용카드,의료,7869.0,경기,30대,성공
2024-06-28 08:23:00,U000400,계좌이체,쇼핑,25441.0,광주,20대,성공
2024-09-26 21:17:00,U002553,체크카드,의료,105635.0,전북,50대,성공
2024-06-11 12:21:00,U000652,신용카드,식음료,7218.0,강원,30대,실패
2024-03-20 19:36:00,U002882,신용카드,문화/여가,21216.0,경북,20대,성공
2024-12-01 14:25:00,U000791,포인트결제,식음료,6717.0,서울,40대,성공
2024-12-11 19:47:00,U003760,신용카드,공과금,29633.0,서울,20대,성공
2024-11-11 18:09:00,U002523,신용카드,교통,1120.0,제주,30대,성공
2024-01-04 18:33:00,U003021,포인트결제,교통,1512.0,서울,10대,성공
2024-05-16 22:16:00,U002820,계좌이체,교통,3397.0,서울,30대,성공
2024-01-11 09:54:00,U003289,계좌이체,쇼핑,90063.0,부산,30대,취소
2024-12-25 21:03:00,U002924,계좌이체,공과금,56434.0,전남,,성공
2024-11-13 10:47:00,U003530,휴대폰결제,식음료,19178.0,인천,30대,성공
2024-01-10 10:33:00,U001623,신용카드,교통,3207.0,전북,10대,성공
2024-01-15 16:35:00,U002432,신용카드,공과금,37571.0,경남,30대,성공
2024-03-06 21:03:00,U000521,신용카드,의료,14151.0,경기,20대,성공
2024-05-04 14:33:00,U002978,신용카드,교통,825.0,부산,20대,성공
2024/02/12 12:56,U002155,신용카드,쇼핑,3425.0,충북,30대,성공
2024-03-19 20:29:00,U000305,신용카드,공과금,117381.0,강원,20대,성공
2024-05-13 20:20:00,U000741,신용카드,식음료,9046.0,경북,10대,성공
2024/06/18 17:55,U003886,체크카드,교육,243400.0,,50대,성공
2024/03/05 10:53,U000377, 신용카드 ,식음료,17711.0,충남,30대,성공
2024-08-30 13:30:00,U003206,포인트결제,쇼핑,90784.0,부산,20대,성공
2024-01-05 21:01:00,U002641,신용카드,교통,1077.0,서울,20대,성공
2024/08/09 22:58,U001091,계좌이체,문화/여가,34251.0,대전,30대,성공
2024-03-22 12:20:00,U001926,체크카드,교통,5072.0,경기,20대,성공
2024/10/30 23:37,U001469,신용카드,의료,49808.0,서울,60대 이상,성공
2024/03/11 12:53,U003466,신용카드,여행,,서울,20대,취소
2024-02-29 12:42:00,U000766,신용카드,식음료,5342.0,,20대,성공
2024-05-07 17:37:00,U002151,계좌이체,식음료,16987.0,충북,30대,성공
2024-09-25 11:00:00,U002548,신용카드,교통,2222.0,서울,40대,성공
2024-09-30 18:40:00,U001954,신용카드,쇼핑,50109.0,경기,30대,성공
2024-03-16 20:38:00,U000051,신용카드,교통,1822.0,,40대,성공
2024-11-05 19:36:00,U002898,신용카드,교육,156301.0,부산,30대,성공
2024/07/27 09:08,U000424,신용카드,식음료,13887.0,부산,20대,성공
2024-02-22 12:02:00,U000652,신용카드,식음료,18163.0,대구,30대,성공
2024-05-16 17:11:00,U003164,포인트결제,문화/여가,37585.0,,30대,성공
2024-08-23 08:42:00,U000623, 신용카드 ,의료,62888.0,충남,,성공
2024-09-13 22:50:00,U003949,,쇼핑,165558.0,충북,20대,성공
2024-06-24 09:57:00,U002300,체크카드,교통,1559.0,전북,20대,성공
2024-06-25 20:40:00,U002187,신용카드,문화/여가,29793.0,서울,,성공
2024-04-17 17:20:00,U001012,계좌이체,공과금,77746.0,대전,30대,성공
2024-01-23 09:42:00,U002529,신용카드,의료,24950.0,서울,20대,성공
2024/12/23 19:44,U002266,신용카드,쇼핑,21564.0,경기,20대,성공
2024-08-16 10:44:00,U000954,체크카드,의료,10833.0,경기,10대,성공
2024-03-24 05:54:00,U000898,신용카드,식음료,12828.0,경북,30대,성공
2024-08-26 19:33:00,U002885,신용카드,문화/여가,40494.0,경기,40대,성공
2024-07-25 21:46:00,U003989,신용카드,문화/여가,28443.0,경기,30대,성공
2024-09-24 20:56:00,U000855,신용카드,교통,5915.0,경기,30대,성공
2024-03-06 12:20:00,U001003,체크카드,공과금,133381.0,울산,40대,성공
2024-12-16 13:15:00,U000116,신용카드,쇼핑,52130.0,경기,50대,성공
2024-08-09 11:09:00,U002079,계좌이체,교통,528.0,경남,20대,성공
2024-03-17 08:57:00,U002776,계좌이체,교통,3234.0,대구,30대,성공
2024-03-31 19:27:00,U002175,체크카드,기타,27184.0,경기,50대,성공
2024/09/22 02:25,U003931,,의료,12950.0,경기,50대,성공
2024-10-25 09:54:00,U002419,체크카드,쇼핑,64788.0,경북,30대,성공
2024/10/11 15:08,U001019,신용카드,교통,2004.0,강원,40대,성공
2024-07-13 19:33:00,U003868,계좌이체,식음료,32383.0,경남,,취소
2024-09-09 18:40:00,U000312,계좌이체,기타,47247.0,경기,40대,성공
2024-03-31 12:31:00,U000038,포인트결제,식음료,9115.0,서울,30대,성공
2024-08-31 13:05:00,U003718,신용카드,교통,3262.0,경남,20대,성공
2024-09-18 18:21:00,U002275,포인트결제,식음료,6928.0,인천,,성공
2024-12-29 20:55:00,U000911,계좌이체,식음료,14108.0,대구,,성공
2024-06-27 20:48:00,U002649,계좌이체,공과금,43529.0,경기,40대,실패
2024/10/28 18:34,U001565,신용카드,문화/여가,24065.0,,,성공
2024-10-12 16:51:00,U000993,체크카드,식음료,23970.0,충북,50대,성공
2024-07-20 13:03:00,U000356,신용카드,교육,22357.0,서울,30대,성공
2024-10-20 07:14:00,U001274,휴대폰결제,교통,2713.0,경기,40대,성공
2024-10-05 18:26:00,U001165,체크카드,교육,71031.0,경남,20대,성공
2024-01-23 21:25:00,U001769,체크카드,교육,50848.0,경북,20대,성공
2024-01-09 21:31:00,U002247,신용카드,교통,3055.0,인천,20대,성공
2024-12-15 15:33:00,U003400,,문화/여가,14883.0,대구,30대,성공
2024-03-21 11:41:00,U003871,계좌이체,교통,1730.0,서울,20대,성공
2024-10-15 20:54:00,U003529,신용카드,의료,66152.0,경기,60대 이상,성공
2024-01-07 09:50:00,U001912,체크카드,문화/여가,14541.0,부산,40대,성공
2024-03-09 06:17:00,U001402,신용카드,문화/여가,38775.0,서울,10대,성공
2024/12/17 09:45,U001566,신용카드,의료,18986.0,대구,30대,성공
2024-03-05 18:57:00,U001191,,의료,42713.0,울산,30대,성공
2024-01-16 23:22:00,U000459,신용카드,기타,34807.0,서울,60대 이상,성공
2024-03-06 15:46:00,U001572, 신용카드 ,쇼핑,8113.0,제주,60대 이상,성공
2024-04-30 09:52:00,U001469,체크카드,식음료,9022.0,경기,40대,성공
2024-05-25 11:52:00,U000767,신용카드,공과금,53201.0,경기,50대,실패
2024-05-22 09:14:00,U003724,체크카드,교통,6122.0,경기,40대,성공
2024/08/04 13:08,U001633,체크카드,여행,399005.0,인천,20대,실패
2024-08-14 19:46:00,U000220,계좌이체,식음료,9454.0,인천,50대,성공
2024-07-02 19:25:00,U002088,포인트결제,교통,751.0,,50대,성공
2024-11-28 09:16:00,U000871,신용카드,쇼핑,47352.0,경기,30대,성공
2024-06-22 09:28:00,U001933,체크카드,여행,358485.0,경기,20대,성공
2024-10-28 19:39:00,U000903,휴대폰결제,교육,27883.0,광주,30대,성공
2024-06-16 15:56:00,U003300,신용카드,식음료,-1000.0,서울,40대,성공
2024-11-30 15:45:00,U001640,신용카드,교통,4418.0,서울,50대,성공
2024-05-15 16:29:00,U000842,계좌이체,기타,4752.0,경남,20대,성공
2024-07-02 13:44:00,U003026,,교육,47441.0,서울,50대,성공
2024-02-16 18:49:00,U001943,포인트결제,의료,53606.0,제주,,성공
2024-02-09 20:15:00,U000590,체크카드,쇼핑,51068.0,부산,20대,성공
2024-11-02 19:11:00,U000649,신용카드,쇼핑,49644.0,서울,40대,성공
2024-01-23 18:43:00,U003278,체크카드,쇼핑,218369.0,서울,50대,성공
2024-02-09 17:35:00,U001233,체크카드,쇼핑,37659.0,경기,40대,성공
2024-09-04 15:07:00,U001978, 신용카드 ,식음료,14864.0,서울,50대,성공
2024/07/23 23:22,U002282,,식음료,35931.0,경기,30대,성공
2024-08-16 20:37:00,U002698,,식음료,6059.0,충북,40대,성공
2024-06-15 07:08:00,U000049,체크카드,교육,56317.0,경기,50대,성공
2024-09-15 17:16:00,U003016,포인트결제,쇼핑,23714.0,인천,60대 이상,성공
2024-02-27 14:42:00,U000687,신용카드,여행,153913.0,충남,20대,성공
2024-11-16 14:29:00,U001883,신용카드,쇼핑,9372.0,서울,30대,성공
2024-07-05 17:38:00,U000733,계좌이체,쇼핑,17413.0,경기,20대,성공
2024-07-24 19:09:00,U001613,포인트결제,문화/여가,94340.0,인천,30대,성공
2024-12-05 11:03:00,U001291, 신용카드 ,의료,110600.0,서울,30대,성공
2024-03-16 20:06:00,U003201,신용카드,쇼핑,12012.0,충남,20대,성공
2024-03-14 10:59:00,U000337,포인트결제,교통,1660.0,경남,50대,취소
2024-09-01 19:08:00,U002387,신용카드,기타,42170.0,경북,30대,성공
2024-01-03 07:45:00,U000615,신용카드,쇼핑,23914.0,충남,60대 이상,성공
2024-12-06 18:46:00,U003754,포인트결제,교통,2028.0,대전,50대,성공
2024-05-15 06:22:00,U000612, 신용카드 ,식음료,16404.0,경기,40대,성공
2024-03-31 10:37:00,U001337,신용카드,쇼핑,73167.0,경기,20대,성공
2024-12-14 06:51:00,U002001,신용카드,공과금,121995.0,경기,20대,성공
2024-01-09 10:18:00,U002542,계좌이체,기타,34404.0,전북,50대,성공
2024-06-19 12:44:00,U001345,휴대폰결제,식음료,15810.0,대구,40대,성공
2024-02-24 22:51:00,U000727, 신용카드 ,쇼핑,11159.0,경기,50대,성공
2024-10-07 17:07:00,U002293,신용카드,의료,20280.0,전남,30대,성공
2024-10-29 23:23:00,U003904,체크카드,기타,6466.0,서울,20대,성공
2024-03-28 14:24:00,U002444,신용카드,식음료,18233.0,서울,20대,성공
2024-10-01 04:18:00,U001969,체크카드,교육,208907.0,인천,50대,성공
2024/08/23 11:40,U001699,체크카드,쇼핑,61561.0,인천,10대,성공
2024-04-07 08:16:00,U000326,포인트결제,기타,156929.0,충북,60대 이상,성공
2024/11/07 20:23,U002201,,쇼핑,43184.0,경기,50대,성공
2024-04-25 19:16:00,U000868, 신용카드 ,식음료,21330.0,부산,20대,성공
2024-04-20 21:45:00,U003590,체크카드,식음료,24380.0,인천,20대,성공
2024-02-02 07:50:00,U001203,계좌이체,식음료,61981.0,경기,20대,실패
2024-10-17 09:46:00,U003531,휴대폰결제,식음료,11152.0,경북,60대 이상,성공
2024-04-22 07:20:00,U000225,신용카드,공과금,71572.0,경기,40대,성공
2024-06-27 16:43:00,U002456,계좌이체,공과금,36314.0,광주,20대,성공
2024-07-30 15:05:00,U001758,체크카드,식음료,16393.0,인천,30대,성공
2024-11-22 14:02:00,U001949,체크카드,공과금,140715.0,서울,30대,성공
2024/05/20 19:50,U002558,신용카드,여행,95791.0,대전,50대,성공
2024-05-31 13:37:00,U000229,계좌이체,쇼핑,108054.0,서울,30대,성공
2024-08-05 15:15:00,U001471,신용카드,쇼핑,34066.0,울산,30대,실패
2024-09-06 17:12:00,U002352,휴대폰결제,교통,-3212.0,경기,50대,성공
2024/02/11 08:59,U001573,포인트결제,의료,32773.0,경기,10대,성공
2024-12-28 18:14:00,U002603,체크카드,식음료,16988.0,충북,20대,성공
2024-03-03 13:56:00,U001447,신용카드,식음료,15482.0,,30대,성공
2024-03-27 08:05:00,U002673,신용카드,쇼핑,21405.0,서울,30대,성공
2024-06-29 11:05:00,U000152,체크카드,문화/여가,30517.0,전북,50대,성공
2024-04-14 06:01:00,U001450,휴대폰결제,의료,38695.0,광주,20대,성공
2024-08-27 08:50:00,U001526,휴대폰결제,공과금,31482.0,경기,40대,성공
2024-09-22 11:06:00,U001981,계좌이체,쇼핑,33496.0,서울,50대,실패
2024-01-02 21:12:00,U000514,신용카드,교육,45066.0,서울,30대,취소
2024/02/15 20:44,U003483,신용카드,의료,57271.0,서울,20대,성공
2024-05-21 15:38:00,U003312,계좌이체,문화/여가,55243.0,경기,40대,성공
2024-10-29 17:17:00,U002610,체크카드,문화/여가,17554.0,경기,40대,성공
2024-06-03 09:00:00,U002476,신용카드,공과금,175510.0,,60대 이상,성공
2024-01-26 08:07:00,U003772,계좌이체,교통,2750.0,서울,40대,성공
2024-05-15 09:42:00,U003448,체크카드,교육,139950.0,경기,20대,성공
2024-03-23 14:35:00,U003097, 신용카드 ,쇼핑,47974.0,경기,20대,성공
2024-06-30 17:01:00,U001355,체크카드,식음료,11765.0,서울,30대,성공
2024-05-05 00:52:00,U001633,신용카드,쇼핑,28657.0,인천,40대,성공
2024-01-15 17:27:00,U001232, 신용카드 ,교육,31133.0,서울,20대,성공
2024/01/23 14:42,U002040,포인트결제,식음료,2988.0,서울,20대,성공
2024-11-30 23:18:00,U001367,계좌이체,기타,8348.0,경남,30대,실패
2024-04-18 18:41:00,U001568, 신용카드 ,문화/여가,45546.0,충남,50대,성공
2024-09-04 19:52:00,U001884,체크카드,공과금,133074.0,경기,20대,성공
2024-10-20 20:17:00,U000141,휴대폰결제,문화/여가,9896.0,경기,60대 이상,성공
2024-07-01 09:08:00,U002578, 신용카드 ,문화/여가,29724.0,서울,40대,성공
2024-01-20 13:02:00,U000671,신용카드,식음료,13110.0,서울,60대 이상,성공
2024-07-21 16:03:00,U002012,신용카드,기타,62649.0,인천,30대,성공
2024-08-20 22:53:00,U002735,신용카드,쇼핑,71216.0,서울,20대,성공
2024-12-04 10:31:00,U000831,신용카드,식음료,31686.0,경기,30대,성공
2024/02/06 21:14,U000769,신용카드,쇼핑,96859.0,경기,30대,성공
2024-08-18 11:58:00,U000839,체크카드,쇼핑,113762.0,서울,50대,성공
2024-04-15 17:35:00,U003412, 신용카드 ,식음료,4050.0,경기,40대,성공
2024-02-26 12:38:00,U000015,신용카드,식음료,33657.0,부산,30대,성공
2024/09/21 17:39,U001043,신용카드,공과금,63691.0,부산,10대,성공
2024-03-24 00:15:00,U000088,신용카드,식음료,9923.0,부산,30대,성공
2024-05-13 08:02:00,U003695,신용카드,공과금,6366.0,서울,20대,성공
2024-06-26 15:45:00,U001357,계좌이체,식음료,31815.0,광주,,취소
2024-12-11 19:55:00,U002700,체크카드,식음료,8526.0,세종,20대,성공
2024-09-19 12:50:00,U002471,체크카드,교통,1595.0,경기,10대,성공
2024-10-04 17:56:00,U001303,신용카드,교통,1633.0,인천,20대,성공
2024-08-12 20:48:00,U001918,신용카드,식음료,28997.0,경기,30대,성공
2024-06-03 17:26:00,U000613,체크카드,식음료,14442.0,인천,40대,성공
2024/05/09 14:49,U003322,신용카드,식음료,32539.0,전남,50대,성공
2024-06-01 10:21:00,U002343,휴대폰결제,의료,58333.0,인천,30대,성공
2024-06-10 17:53:00,U003124,포인트결제,공과금,109708.0,서울,20대,성공
2024-05-18 16:13:00,U003442,계좌이체,교통,3452.0,부산,30대,성공
2024-12-13 13:35:00,U002258,신용카드,쇼핑,42892.0,경남,20대,성공
2024-03-11 19:22:00,U001036,신용카드,교육,203871.0,강원,40대,성공
2024/09/14 09:46,U000814,체크카드,쇼핑,61197.0,경기,20대,성공
2024/05/03 20:45,U003884,신용카드,기타,5378.0,대구,30대,성공
2024-04-25 07:08:00,U001081,신용카드,쇼핑,52148.0,경기,20대,성공
2024-08-28 11:47:00,U000995,체크카드,여행,29817.0,서울,30대,성공
2024-01-24 16:38:00,U003070,계좌이체,의료,107635.0,경기,30대,취소
2024-12-09 07:29:00,U001334,포인트결제,식음료,23318.0,경기,,성공
2024-05-25 13:35:00,U002757, 신용카드 ,공과금,43653.0,강원,20대,성공
2024-06-03 21:41:00,U001828,신용카드,교통,2241.0,충남,30대,성공
2024-01-01 16:12:00,U000221,계좌이체,교통,4114.0,서울,20대,성공
2024-12-19 10:51:00,U000731,체크카드,기타,30666.0,대전,20대,성공
2024/10/27 20:34,U002409,휴대폰결제,기타,38751.0,서울,,성공
2024-05-27 20:54:00,U002229,포인트결제,문화/여가,8572.0,광주,20대,성공
2024-04-04 12:04:00,U001270,신용카드,식음료,17047.0,대전,30대,성공
2024-03-03 18:43:00,U000547,신용카드,식음료,37373.0,경기,30대,성공
2024/08/23 06:00,U001501,신용카드,공과금,79519.0,,30대,성공
2024-04-10 11:24:00,U003761,신용카드,쇼핑,166017.0,부산,50대,성공
2024-04-28 09:34:00,U003074,신용카드,여행,254377.0,전북,40대,실패
2024-10-02 07:55:00,U002377,신용카드,교통,501.0,서울,20대,성공
2024-03-29 19:39:00,U001138, 신용카드 ,여행,179758.0,전남,20대,성공
2024-09-25 08:46:00,U001229,휴대폰결제,의료,26983.0,울산,,성공
2024-04-13 18:47:00,U000607,계좌이체,쇼핑,60144.0,서울,40대,성공
2024-04-03 12:20:00,U002795,체크카드,식음료,11877.0,서울,30대,성공
2024-12-11 22:34:00,U001434,신용카드,공과금,93801.0,경기,40대,성공
2024-08-21 09:27:00,U002670,계좌이체,교통,3519.0,충남,40대,성공
2024-09-21 23:31:00,U000824,계좌이체,공과금,25627.0,서울,40대,성공
2024-10-20 17:12:00,U003291,휴대폰결제,식음료,32989.0,광주,30대,성공
2024-04-08 11:21:00,U000931,신용카드,교통,3737.0,경기,60대 이상,성공
2024-05-07 21:04:00,U002937,체크카드,식음료,14023.0,전북,20대,실패
2024/03/12 00:54,U001432,계좌이체,의료,41774.0,경기,40대,성공
2024-06-11 17:44:00,U003062,계좌이체,쇼핑,11725.0,서울,30대,성공
2024-09-16 13:15:00,U000665,계좌이체,의료,50543.0,광주,20대,성공
2024-09-06 19:39:00,U001481,체크카드,의료,46559.0,충남,40대,성공
2024-07-27 21:57:00,U000358,계좌이체,식음료,15591.0,경기,40대,성공
2024-01-20 18:02:00,U003480, 신용카드 ,교통,5481.0,서울,40대,성공
2024-12-09 11:22:00,U002056,신용카드,기타,14512.0,대전,40대,성공
2024-07-21 17:44:00,U002995, 신용카드 ,교육,14440.0,,20대,성공
2024-02-24 12:19:00,U000928,신용카드,쇼핑,6096.0,경남,20대,성공
2024-12-15 14:33:00,U000981,신용카드,공과금,34177.0,부산,30대,성공
2024-11-14 11:05:00,U003823,체크카드,식음료,15303.0,서울,60대 이상,성공
2024-05-27 18:59:00,U000111,신용카드,쇼핑,30286.0,경기,30대,성공
2024-12-27 18:26:00,U000963,신용카드,교통,7007.0,서울,,실패
2024/06/12 16:46,U003652,신용카드,의료,74064.0,경남,50대,성공
2024-10-06 09:29:00,U003955,신용카드,식음료,5970.0,서울,,성공
2024-11-28 19:41:00,U001053,신용카드,식음료,13661.0,경기,,성공
2024-10-19 18:09:00,U001591,체크카드,쇼핑,17365.0,대구,30대,성공
2024-08-25 11:53:00,U003994,체크카드,공과금,28213.0,전남,,성공
2024-05-30 19:54:00,U001581,계좌이체,여행,337683.0,서울,,성공
2024-11-28 19:27:00,U002817,신용카드,교육,233637.0,서울,20대,성공
2024/05/29 20:54,U001010,계좌이체,교통,2994.0,충남,30대,성공
2024-07-06 16:21:00,U000590,신용카드,교통,2870.0,전북,10대,성공
2024-12-27 17:41:00,U001019,신용카드,교육,111497.0,경기,20대,성공
2024-05-15 09:13:00,U001255, 신용카드 ,쇼핑,16413.0,서울,20대,성공
2024-12-07 21:07:00,U000804,포인트결제,교통,2489.0,경기,40대,성공
2024-10-28 20:15:00,U002566,신용카드,식음료,1246.0,전남,20대,성공
2024-08-12 15:34:00,U001726,신용카드,교통,993.0,서울,10대,성공
2024-09-23 22:24:00,U000221,계좌이체,쇼핑,25072.0,인천,30대,성공
2024-12-10 16:16:00,U001532,신용카드,교통,,경기,20대,성공
2024-08-10 08:25:00,U001612,체크카드,식음료,7325.0,전북,30대,성공
2024-12-23 09:48:00,U003999,,식음료,5595.0,경기,30대,성공
2024-06-10 11:35:00,U001596,체크카드,교통,2476.0,대구,40대,성공
2024/01/28 20:25,U000003,계좌이체,식음료,25921.0,부산,30대,성공
2024-10-16 19:13:00,U002407,체크카드,쇼핑,66561.0,서울,40대,성공
2024-09-13 17:59:00,U000928,신용카드,교통,3091.0,제주,40대,실패
2024-09-25 13:08:00,U003166,신용카드,교통,7183.0,서울,30대,성공
2024-06-08 14:18:00,U001438,계좌이체,교육,26091.0,부산,50대,성공
2024-12-12 20:09:00,U000050,계좌이체,문화/여가,13614.0,부산,30대,성공
2024-10-18 11:16:00,U003121,신용카드,교통,9529.0,경기,10대,성공
2024-03-01 01:11:00,U003091,계좌이체,여행,55503.0,광주,40대,성공
2024-01-29 18:13:00,U001236,계좌이체,쇼핑,102994.0,서울,40대,성공
2024-08-03 16:59:00,U000180,체크카드,쇼핑,78164.0,경기,30대,성공
2024/02/29 20:12,U002427,신용카드,쇼핑,9831.0,서울,30대,성공
2024-02-28 21:44:00,U003473,체크카드,식음료,30080.0,대구,40대,성공
2024-10-06 19:09:00,U002246,체크카드,여행,43381.0,부산,10대,성공
2024-02-13 17:37:00,U000694,신용카드,식음료,13463.0,경기,30대,성공
2024-12-22 19:23:00,U000271,신용카드,공과금,27518.0,서울,50대,성공
2024-02-17 16:30:00,U000430,신용카드,식음료,3295.0,경북,40대,성공
2024/06/02 21:19,U002463,휴대폰결제,식음료,20551.0,울산,40대,성공
2024-05-23 14:18:00,U003006,신용카드,여행,424382.0,서울,20대,성공
2024/09/07 12:42,U001990,신용카드,식음료,20964.0,전남,20대,성공
2024-07-11 20:20:00,U002703,체크카드,문화/여가,38219.0,대전,20대,성공
2024-05-11 06:31:00,U002594,계좌이체,기타,33419.0,서울,20대,성공
2024/02/19 12:00,U000248,계좌이체,공과금,41153.0,부산,20대,성공
2024/08/12 19:31,U000558,신용카드,식음료,41852.0,,60대 이상,성공
2024-03-30 07:13:00,U002436,신용카드,교육,148642.0,서울,30대,성공
2024-09-10 21:50:00,U000456,신용카드,기타,34730.0,,20대,성공
2024-01-07 15:05:00,U003966, 신용카드 ,의료,34685.0,부산,50대,성공
2024-09-09 12:51:00,U000044,휴대폰결제,쇼핑,131653.0,대구,40대,실패
2024-02-01 14:09:00,U001489,신용카드,의료,40852.0,대구,50대,성공
2024-02-02 18:53:00,U003771,계좌이체,의료,63763.0,대전,50대,실패
2024-08-09 22:53:00,U001853,체크카드,쇼핑,107766.0,광주,30대,실패
2024-03-18 18:24:00,U003230,체크카드,쇼핑,110894.0,서울,,성공
2024-07-31 08:35:00,U002550,휴대폰결제,교통,3629.0,부산,20대,성공
2024-09-17 14:51:00,U001411,체크카드,교육,81070.0,부산,20대,성공
2024-07-15 20:39:00,U001248,체크카드,문화/여가,51052.0,서울,20대,성공
2024-09-28 14:26:00,U000300,신용카드,쇼핑,41886.0,경기,20대,취소
2024-11-30 12:06:00,U003832,포인트결제,쇼핑,64031.0,광주,20대,성공
2024-05-30 18:18:00,U001981,계좌이체,식음료,8820.0,광주,30대,성공
2024-06-03 12:10:00,U002287,,식음료,58622.0,인천,20대,성공
2024-06-25 10:38:00,U000110,계좌이체,쇼핑,167194.0,경북,20대,성공
2024-10-26 09:08:00,U000416,신용카드,쇼핑,52926.0,경북,20대,성공
2024-11-11 11:07:00,U002204, 신용카드 ,쇼핑,30168.0,대구,30대,성공
2024-02-11 12:44:00,U000099, 신용카드 ,교통,1008.0,,20대,성공
2024-09-28 13:05:00,U002835, 신용카드 ,쇼핑,126573.0,경기,40대,성공
2024-09-15 19:44:00,U001195,체크카드,문화/여가,89560.0,서울,20대,성공
2024-10-29 17:49:00,U003388,신용카드,식음료,10078.0,충남,20대,성공
2024/06/02 18:48,U001641,신용카드,교통,1576.0,경기,20대,성공
2024-11-30 12:10:00,U003561,신용카드,쇼핑,3219.0,대구,20대,실패
2024-08-11 13:15:00,U003614,포인트결제,문화/여가,,전북,,성공
2024/11/16 03:14,U001901,휴대폰결제,교통,731.0,서울,50대,성공
2024-09-13 20:57:00,U000630,포인트결제,여행,124172.0,대구,,성공
2024/07/22 17:05,U000809,체크카드,쇼핑,97014.0,제주,20대,성공
2024/09/10 14:31,U001493,신용카드,식음료,3005.0,경남,30대,성공
2024-04-18 15:32:00,U000303,신용카드,교육,,서울,30대,성공
2024-03-24 19:05:00,U002056,신용카드,기타,16556.0,전남,40대,성공
2024-12-17 18:35:00,U003026,포인트결제,의료,29008.0,경기,30대,성공
2024-03-16 19:50:00,U002840,,공과금,92642.0,충북,30대,성공
2024-06-13 09:28:00,U002479,신용카드,쇼핑,40587.0,서울,20대,성공
2024-12-12 20:36:00,U002037,신용카드,식음료,22899.0,경기,20대,성공
2024-12-09 14:52:00,U001703,계좌이체,교통,4768.0,경남,20대,취소
2024/11/10 08:32,U003931,체크카드,공과금,129144.0,경기,40대,성공
2024-02-04 03:44:00,U000168,신용카드,식음료,15504.0,,20대,실패
2024-06-25 21:24:00,U002347,체크카드,식음료,11620.0,경기,30대,성공
2024-02-04 11:19:00,U002803,체크카드,문화/여가,50582.0,경기,30대,성공
2024-05-31 12:05:00,U002601,신용카드,의료,52642.0,서울,50대,실패
2024-01-07 20:36:00,U003866,신용카드,쇼핑,44590.0,경기,60대 이상,실패
2024-04-27 11:38:00,U001197,신용카드,교통,3752.0,대전,20대,성공
2024-03-01 22:47:00,U000385,신용카드,문화/여가,31870.0,충북,20대,성공
2024-08-07 17:10:00,U000474,체크카드,문화/여가,19096.0,서울,60대 이상,성공
2024-10-02 16:35:00,U003106,체크카드,식음료,4437.0,광주,20대,성공
2024-12-02 12:50:00,U001331,체크카드,식음료,3941.0,,30대,성공
2024-09-12 13:47:00,U000098,신용카드,쇼핑,22113.0,서울,60대 이상,성공
2024-02-06 21:57:00,U001072,신용카드,의료,42191.0,서울,40대,성공
2024-12-09 12:49:00,U002023,계좌이체,식음료,4492.0,대전,60대 이상,성공
2024-12-22 13:25:00,U002290,신용카드,식음료,4059.0,충남,30대,취소
2024-10-09 19:02:00,U003358,체크카드,식음료,41528.0,대구,60대 이상,성공
2024-10-02 18:00:00,U000062,체크카드,교통,7545.0,서울,50대,성공
2024-03-30 19:37:00,U000625,신용카드,식음료,8232.0,인천,20대,성공
2024-05-24 11:16:00,U003362,계좌이체,기타,39917.0,부산,40대,성공
2024-07-20 23:08:00,U000477,신용카드,쇼핑,25684.0,전남,50대,성공
2024-04-12 14:39:00,U001728, 신용카드 ,기타,11839.0,경기,30대,성공
2024-09-20 15:35:00,U003885,신용카드,식음료,5199.0,경북,50대,성공
2024-12-10 19:00:00,U001638,포인트결제,쇼핑,31443.0,경남,30대,성공
2024-12-07 21:11:00,U002418,체크카드,쇼핑,19257.0,서울,50대,성공
2024-09-27 01:53:00,U000999,신용카드,쇼핑,85170.0,서울,50대,성공
2024-05-13 15:34:00,U000199,계좌이체,의료,33433.0,서울,30대,성공
2024-12-06 04:25:00,U003652,신용카드,교육,91961.0,서울,20대,성공
2024-09-23 08:43:00,U001515,신용카드,공과금,,부산,30대,성공
2024-04-27 18:03:00,U000700,휴대폰결제,식음료,32866.0,경기,50대,성공
2024-01-08 22:44:00,U000062,신용카드,기타,15612.0,서울,20대,성공
2024/05/01 19:51,U002050,포인트결제,교통,1890.0,대구,30대,성공
2024-01-06 20:00:00,U000516,계좌이체,의료,33631.0,광주,60대 이상,성공
2024-01-12 18:59:00,U000277, 신용카드 ,식음료,15406.0,서울,10대,성공
2024-05-14 18:09:00,U003057,계좌이체,교육,105075.0,전북,20대,성공
2024-07-08 11:44:00,U000249,신용카드,식음료,26349.0,서울,20대,성공
2024-11-08 19:58:00,U001139,신용카드,여행,110424.0,강원,30대,성공
2024-04-15 02:06:00,U000366,신용카드,공과금,100477.0,충남,40대,성공
2024/05/07 12:31,U003662,휴대폰결제,교육,164422.0,,30대,성공
2024/07/09 19:43,U001461,포인트결제,의료,11899.0,경기,20대,성공
2024-08-27 15:43:00,U000743,신용카드,교통,4091.0,서울,40대,성공
2024-10-16 01:53:00,U003522,체크카드,쇼핑,106400.0,경남,20대,성공
2024-07-10 22:15:00,U000040,신용카드,식음료,28810.0,광주,30대,성공
2024-09-29 18:50:00,U003824,신용카드,식음료,7798.0,경기,30대,성공
2024-08-22 19:49:00,U001158,신용카드,쇼핑,211351.0,전북,60대 이상,성공
2024-03-21 22:56:00,U002117,신용카드,식음료,14137.0,전북,30대,성공
2024-01-19 21:35:00,U003681,신용카드,교육,136490.0,서울,40대,성공
2024-04-03 21:59:00,U001747,신용카드,문화/여가,48795.0,,30대,성공
2024-11-11 16:35:00,U002506,포인트결제,쇼핑,6085.0,서울,10대,성공
2024-07-11 21:18:00,U001474,신용카드,의료,8075.0,서울,30대,성공
2024-05-19 10:54:00,U000792,신용카드,의료,9964.0,경기,50대,실패
2024-06-01 16:18:00,U000026,체크카드,쇼핑,83354.0,전남,30대,성공
2024-12-21 19:09:00,U001229,신용카드,쇼핑,62714.0,서울,20대,성공
2024-08-31 20:03:00,U002643, 신용카드 ,의료,86793.0,인천,30대,성공
2024-03-06 08:23:00,U001483,신용카드,교육,148108.0,서울,30대,성공
2024-04-23 13:55:00,U000032,계좌이체,쇼핑,62643.0,경기,20대,성공
2024/11/03 14:46,U001365,,교육,138533.0,경기,,성공
2024-06-07 17:24:00,U001002,신용카드,쇼핑,22471.0,인천,,성공
2024-10-09 20:52:00,U002499,휴대폰결제,의료,22938.0,서울,40대,성공
2024-02-06 11:26:00,U002718,계좌이체,식음료,26022.0,충북,40대,성공
2024-03-30 14:14:00,U001817,휴대폰결제,식음료,5850.0,경기,40대,성공
2024-04-05 12:01:00,U001344,신용카드,쇼핑,61156.0,경기,40대,성공
2024-05-08 11:42:00,U001135,휴대폰결제,쇼핑,87496.0,서울,30대,성공
2024-12-20 13:46:00,U003531,신용카드,쇼핑,8002.0,광주,60대 이상,성공
2024-08-27 14:29:00,U000241,신용카드,식음료,46017.0,경기,20대,성공
2024-05-19 11:49:00,U003285,,쇼핑,65684.0,서울,40대,실패
2024-07-13 22:22:00,U003712,신용카드,쇼핑,67250.0,경남,,성공
2024-09-10 07:33:00,U000813,신용카드,문화/여가,7480.0,부산,60대 이상,성공
2024/12/29 10:46,U003738,신용카드,교통,6154.0,인천,40대,성공
2024-08-24 18:57:00,U001670,계좌이체,교육,113007.0,경남,20대,성공
2024-07-09 14:53:00,U000371,포인트결제,식음료,11658.0,경기,30대,성공
2024-03-16 09:47:00,U003133,신용카드,교육,154566.0,울산,30대,성공
2024-11-27 16:22:00,U002567,신용카드,문화/여가,42907.0,경기,20대,성공
2024-06-14 19:58:00,U003232,신용카드,기타,19143.0,강원,50대,취소
2024-11-08 08:27:00,U001685,신용카드,식음료,8701.0,서울,20대,성공
2024-10-29 12:48:00,U001951,신용카드,식음료,22197.0,부산,20대,성공
2024-02-16 00:31:00,U000864,신용카드,의료,72035.0,서울,40대,성공
2024/10/31 05:25,U001511,체크카드,의료,60372.0,전남,20대,성공
2024-10-11 10:31:00,U003478,신용카드,여행,149720.0,서울,30대,성공
2024-08-20 10:06:00,U001271,체크카드,쇼핑,27295.0,전북,30대,성공
2024-04-26 08:30:00,U000154,계좌이체,쇼핑,25594.0,경기,30대,성공
2024-02-02 21:03:00,U003297,휴대폰결제,식음료,11007.0,경기,60대 이상,성공
2024/01/11 17:17,U001419,휴대폰결제,문화/여가,23672.0,대구,10대,성공
2024-03-17 18:05:00,U003865,체크카드,식음료,34872.0,대전,,성공
2024-04-26 16:40:00,U001060,계좌이체,문화/여가,18424.0,충남,50대,성공
2024-09-03 10:00:00,U003424,신용카드,쇼핑,16801.0,서울,20대,취소
2024-11-01 18:20:00,U000955,포인트결제,식음료,22010.0,서울,20대,실패
2024-05-22 07:09:00,U003148,계좌이체,식음료,19108.0,서울,40대,성공
2024-04-23 05:04:00,U003083,계좌이체,쇼핑,146368.0,,40대,성공
2024-10-26 16:34:00,U001903,신용카드,기타,10355.0,서울,50대,성공
2024-12-13 18:36:00,U001284,체크카드,여행,689449.0,광주,30대,실패
2024-04-21 06:21:00,U001838, 신용카드 ,쇼핑,48413.0,경기,,성공
2024-09-26 18:56:00,U003422, 신용카드 ,쇼핑,69314.0,서울,20대,성공
2024-07-31 11:45:00,U001359,신용카드,기타,14332.0,전남,40대,성공
2024-01-26 05:08:00,U003440,계좌이체,교통,1528.0,서울,30대,성공
2024-06-14 17:00:00,U001046,계좌이체,식음료,12268.0,경기,40대,성공
2024-01-22 07:21:00,U000612,신용카드,식음료,8873.0,서울,60대 이상,성공
2024-10-16 11:41:00,U001281,신용카드,쇼핑,47436.0,서울,60대 이상,성공
2024-12-09 19:14:00,U003832,계좌이체,쇼핑,113703.0,충북,20대,실패
2024/10/11 10:30,U000369,계좌이체,식음료,4680.0,서울,40대,성공
2024-02-16 18:00:00,U003046,체크카드,기타,46793.0,전북,30대,실패
2024/10/03 10:07,U000186,체크카드,식음료,6223.0,,30대,성공
2024-02-12 11:55:00,U002197,체크카드,문화/여가,11887.0,경기,30대,실패
2024-12-24 14:31:00,U002930,체크카드,쇼핑,14951.0,,50대,성공
2024-07-30 09:15:00,U003581,체크카드,쇼핑,51255.0,경기,20대,성공
2024-04-25 15:09:00,U003167,포인트결제,여행,300064.0,전남,40대,실패
2024-08-15 06:35:00,U003274,포인트결제,쇼핑,39287.0,강원,30대,성공
2024-04-02 10:33:00,U001318,체크카드,쇼핑,6420.0,서울,20대,실패
2024-05-10 08:49:00,U001969,신용카드,쇼핑,39824.0,경기,40대,성공
2024-04-14 16:27:00,U001403,신용카드,공과금,110451.0,경기,30대,성공
2024-11-30 00:08:00,U001956,신용카드,의료,16840.0,충북,20대,성공
2024-09-02 14:26:00,U003675,포인트결제,여행,345406.0,세종,30대,실패
2024-10-12 11:29:00,U003047,포인트결제,문화/여가,58245.0,경북,,성공
2024-12-29 11:41:00,U001667,신용카드,식음료,15668.0,경기,30대,성공
2024-10-02 16:09:00,U002477,신용카드,문화/여가,77207.0,부산,30대,성공
2024-01-07 16:18:00,U001355, 신용카드 ,기타,28482.0,경기,,실패
2024-09-16 14:12:00,U000564,신용카드,쇼핑,32792.0,경남,20대,성공
2024-04-16 15:09:00,U003510, 신용카드 ,쇼핑,35042.0,경기,60대 이상,실패
2024-12-05 08:33:00,U000168,신용카드,쇼핑,17120.0,경북,40대,성공
2024-03-16 10:12:00,U003433,신용카드,교육,89621.0,충북,40대,성공
2024-02-29 10:05:00,U002854,체크카드,교육,192402.0,경기,10대,실패
2024-12-24 13:56:00,U002971, 신용카드 ,쇼핑,32444.0,경남,30대,성공
2024-12-28 10:41:00,U003489,신용카드,기타,20178.0,서울,20대,성공
2024-04-20 19:29:00,U002107,체크카드,교통,3029.0,경남,30대,성공
2024-10-28 13:02:00,U001245,신용카드,의료,43674.0,경북,60대 이상,성공
2024-10-12 11:48:00,U003244,신용카드,문화/여가,28270.0,광주,20대,성공
2024-03-09 07:58:00,U002438, 신용카드 ,문화/여가,61045.0,서울,40대,성공
2024-07-13 12:59:00,U002948,포인트결제,식음료,16564.0,서울,40대,성공
2024-07-31 11:52:00,U001166,신용카드,쇼핑,67364.0,서울,30대,실패
2024-06-13 20:24:00,U001032,체크카드,식음료,25068.0,울산,50대,성공
2024-07-18 21:56:00,U003076,휴대폰결제,식음료,50406.0,서울,10대,성공
2024-12-18 23:32:00,U001464,휴대폰결제,식음료,9883.0,서울,60대 이상,성공
2024-11-08 20:34:00,U000576,휴대폰결제,기타,29750.0,서울,30대,성공
2024-01-08 08:21:00,U002501,신용카드,쇼핑,46998.0,대구,30대,성공
2024-10-27 13:07:00,U001366,신용카드,교육,191388.0,전북,30대,성공
2024-11-11 04:15:00,U000651,휴대폰결제,의료,44689.0,경기,,성공
2024-12-17 11:20:00,U002156,체크카드,쇼핑,49130.0,서울,30대,성공
2024-11-15 22:19:00,U003784,체크카드,의료,52984.0,인천,20대,성공
2024-08-20 17:11:00,U003001, 신용카드 ,교통,3584.0,,30대,성공
2024-04-04 22:09:00,U002098,계좌이체,식음료,13909.0,경기,30대,성공
2024/07/24 23:17,U000034,휴대폰결제,쇼핑,28524.0,경기,30대,실패
2024-04-24 16:54:00,U003043,체크카드,쇼핑,43732.0,서울,20대,성공
2024-08-22 21:01:00,U003538,휴대폰결제,식음료,2030.0,경기,50대,성공
2024-04-05 14:08:00,U002128,체크카드,교통,6573.0,경남,40대,성공
2024/01/29 17:08,U001528,휴대폰결제,교통,1370.0,경기,20대,성공
2024-02-19 09:27:00,U003623,계좌이체,식음료,15147.0,서울,20대,성공
2024-09-12 11:19:00,U000249,신용카드,식음료,9064.0,인천,,실패
2024-11-30 19:15:00,U001799,신용카드,공과금,,경기,30대,성공
2024-06-01 20:35:00,U001669,신용카드,교통,1444.0,서울,20대,성공
2024-04-13 08:23:00,U000804,,교통,3922.0,경남,40대,성공
2024-10-17 10:26:00,U003133,신용카드,문화/여가,34652.0,광주,20대,성공
2024-06-03 10:17:00,U000035,신용카드,식음료,19902.0,경기,30대,성공
2024-01-06 20:42:00,U003485,계좌이체,기타,34145.0,부산,40대,성공
2024-05-13 17:55:00,U003632,체크카드,식음료,13628.0,인천,40대,성공
2024/09/05 11:58,U002162,휴대폰결제,교통,3756.0,울산,50대,성공
2024-03-06 20:25:00,U000863,신용카드,교통,2538.0,서울,30대,성공
2024-03-25 21:03:00,U001825,포인트결제,식음료,48449.0,부산,40대,성공
2024-11-27 23:26:00,U000169,계좌이체,공과금,13370.0,경기,40대,성공
2024-04-14 13:00:00,U000900,신용카드,여행,223031.0,서울,50대,성공
2024-10-01 08:11:00,U002304,,의료,135430.0,부산,,성공
2024-03-30 16:20:00,U002589,체크카드,교육,172133.0,광주,30대,성공
2024-02-12 10:31:00,U001833,신용카드,문화/여가,41416.0,경기,20대,성공
2024/07/23 12:34,U002731,휴대폰결제,공과금,6983.0,인천,50대,실패
2024-10-10 14:39:00,U003504,계좌이체,식음료,28054.0,경기,30대,성공
2024-07-14 09:27:00,U002074,휴대폰결제,의료,38883.0,대구,40대,성공
2024-04-17 10:05:00,U002718,계좌이체,쇼핑,6618.0,광주,50대,성공
2024-08-07 09:25:00,U000577,포인트결제,교통,6997.0,광주,50대,성공
2024-08-24 09:32:00,U000010,계좌이체,쇼핑,157013.0,경기,20대,성공
2024-06-20 10:09:00,U000236,신용카드,공과금,51507.0,서울,20대,성공
2024-01-02 13:18:00,U002093,계좌이체,식음료,6936.0,전북,40대,성공
2024-06-10 07:46:00,U000490, 신용카드 ,교통,1408.0,경기,30대,성공
2024-08-28 11:06:00,U003239,신용카드,교육,100477.0,경기,50대,성공
2024-12-29 22:18:00,U002750,신용카드,교통,5229.0,부산,20대,성공
2024-11-04 06:35:00,U003334,신용카드,식음료,15900.0,부산,40대,성공
2024-08-18 19:29:00,U001694,포인트결제,교통,5564.0,경기,20대,성공
2024-06-04 19:34:00,U002362, 신용카드 ,여행,227200.0,경북,40대,성공
2024-03-03 20:10:00,U000404,체크카드,교통,2907.0,서울,60대 이상,성공
2024-04-15 09:40:00,U000665,계좌이체,식음료,49211.0,인천,20대,성공
2024-11-07 22:56:00,U001974,계좌이체,식음료,8704.0,전북,30대,성공
2024-12-27 02:50:00,U000753,포인트결제,공과금,74521.0,경기,20대,성공
2024-06-17 11:43:00,U000114,포인트결제,쇼핑,30961.0,경기,50대,성공
2024-04-08 17:19:00,U000611,신용카드,교육,238108.0,경기,60대 이상,성공
2024/05/06 09:39,U002564,신용카드,교통,2395.0,서울,30대,성공
2024-03-12 08:15:00,U002212,체크카드,의료,32906.0,경기,50대,성공
2024-09-17 16:22:00,U001785,신용카드,쇼핑,57312.0,,20대,성공
2024-05-05 21:58:00,U001188,휴대폰결제,교통,500.0,부산,30대,성공
2024-02-27 22:56:00,U000162,신용카드,쇼핑,100103.0,충남,40대,성공
2024-03-09 14:15:00,U000672,체크카드,식음료,30343.0,,20대,성공
2024-10-22 17:45:00,U002677,휴대폰결제,식음료,24728.0,부산,30대,실패
2024-02-24 18:55:00,U003877,체크카드,기타,22972.0,경기,30대,성공
2024-09-16 12:33:00,U000430,체크카드,쇼핑,70744.0,경기,30대,성공
2024-07-29 16:12:00,U000713,체크카드,식음료,15271.0,서울,30대,성공
2024-07-10 11:29:00,U002659,체크카드,여행,72950.0,서울,20대,성공
2024-11-09 09:55:00,U001476,계좌이체,교육,157284.0,서울,40대,성공
2024-08-13 14:25:00,U003052,신용카드,공과금,84013.0,대구,60대 이상,성공
2024-12-17 10:22:00,U001469,신용카드,식음료,35514.0,대구,50대,취소
2024-03-09 09:18:00,U002249,휴대폰결제,문화/여가,6828.0,경기,20대,성공
2024-05-05 23:21:00,U000317,계좌이체,문화/여가,41932.0,서울,20대,성공
2024-09-20 18:29:00,U003409,신용카드,식음료,24096.0,서울,10대,성공
2024-11-29 19:07:00,U001243,신용카드,식음료,6517.0,경기,30대,성공
2024-04-07 10:56:00,U002467,신용카드,공과금,65183.0,서울,30대,성공
2024/11/10 17:24,U000850,포인트결제,교통,849.0,경기,30대,성공
2024-01-01 22:14:00,U002493,계좌이체,쇼핑,69588.0,울산,20대,성공
2024-12-17 09:00:00,U002534,포인트결제,의료,6173.0,서울,10대,성공
2024-12-14 22:10:00,U001253,신용카드,공과금,26072.0,대전,50대,실패
2024-01-26 17:07:00,U003049,포인트결제,식음료,47365.0,서울,40대,성공
2024-05-13 09:29:00,U002476,체크카드,쇼핑,50766.0,경기,30대,성공
2024/09/09 00:39,U003116,체크카드,의료,71666.0,서울,40대,성공
2024-06-25 15:52:00,U002438,신용카드,의료,9680.0,부산,40대,실패
2024/03/06 18:24,U002152,체크카드,교육,105059.0,경기,40대,성공
2024-02-23 09:41:00,U003138,신용카드,식음료,16992.0,경기,40대,성공
2024/07/15 20:52,U003821,신용카드,식음료,41870.0,경기,50대,성공
2024-05-22 21:02:00,U000725,신용카드,식음료,17006.0,경남,30대,성공
2024-09-20 06:43:00,U002594,체크카드,교육,102851.0,대전,30대,성공
2024-11-09 16:40:00,U002766,휴대폰결제,식음료,7174.0,전남,40대,성공
2024-08-26 17:59:00,U001158,신용카드,의료,25502.0,인천,40대,성공
2024-04-25 05:27:00,U002261,계좌이체,식음료,1186.0,서울,50대,성공
2024/12/23 17:19,U000668,신용카드,의료,65922.0,대구,50대,성공
2024-03-31 09:35:00,U003672,신용카드,식음료,17215.0,경기,30대,성공
2024-08-23 15:43:00,U001228,포인트결제,교통,10263.0,서울,20대,성공
2024-08-27 17:48:00,U003525,신용카드,식음료,16617.0,서울,,성공
2024-06-08 18:01:00,U001842,계좌이체,교육,150588.0,대구,30대,취소
2024-04-07 15:18:00,U003571,포인트결제,기타,23772.0,세종,50대,성공
2024-05-01 18:42:00,U001106, 신용카드 ,쇼핑,40675.0,울산,10대,성공
2024-07-07 09:10:00,U001027,신용카드,식음료,23104.0,광주,30대,성공
2024-03-04 11:18:00,U002003,휴대폰결제,쇼핑,11335.0,서울,30대,성공
2024-09-18 14:55:00,U003580,,문화/여가,83695.0,경기,30대,성공
2024-02-23 21:30:00,U000150,포인트결제,쇼핑,56685.0,서울,30대,성공
2024-05-26 21:25:00,U003578,계좌이체,식음료,8651.0,대구,20대,성공
2024-10-12 18:43:00,U000160,계좌이체,공과금,32549.0,서울,20대,성공
2024-04-17 20:23:00,U003165,신용카드,기타,11297.0,인천,50대,성공
2024/01/06 17:45,U001269,체크카드,식음료,22023.0,광주,30대,성공
2024-07-02 14:56:00,U001830,신용카드,공과금,10394.0,,20대,성공
2024-03-02 07:11:00,U003682, 신용카드 ,쇼핑,84417.0,서울,40대,성공
2024-11-01 18:28:00,U001366,체크카드,문화/여가,59417.0,서울,50대,성공
2024/06/08 09:58,U001088,신용카드,공과금,50936.0,전남,20대,성공
2024-02-14 16:13:00,U002314,신용카드,쇼핑,63709.0,전남,20대,성공
2024-05-10 16:40:00,U003439,포인트결제,기타,4683.0,서울,60대 이상,성공
2024-01-03 14:49:00,U001509,체크카드,교육,72211.0,경남,20대,성공
2024-03-10 19:34:00,U003607,신용카드,쇼핑,49858.0,광주,40대,성공
2024-07-25 12:44:00,U002951,신용카드,식음료,9040.0,서울,20대,성공
2024-09-23 14:27:00,U001260, 신용카드 ,의료,7945.0,전남,30대,성공
2024-02-20 17:07:00,U002293,신용카드,공과금,26706.0,부산,50대,성공
2024-07-25 20:26:00,U003176,신용카드,문화/여가,21273.0,경기,20대,성공
2024-12-08 01:42:00,U001290,체크카드,교육,308106.0,전북,20대,성공
2024-04-06 10:55:00,U001528, 신용카드 ,식음료,7923.0,충남,20대,성공
2024-02-04 14:52:00,U003586,신용카드,기타,27811.0,인천,20대,성공
2024-04-14 11:12:00,U001513,포인트결제,쇼핑,25206.0,서울,20대,성공
2024/01/24 15:52,U000597, 신용카드 ,문화/여가,37456.0,경기,20대,성공
2024/09/13 16:45,U001427, 신용카드 ,기타,6593.0,서울,30대,성공
2024-07-13 18:27:00,U001846,계좌이체,교육,95041.0,부산,10대,성공
2024-12-04 17:41:00,U000837,신용카드,문화/여가,104356.0,대전,,취소
2024/03/20 13:49,U003490,신용카드,쇼핑,40905.0,부산,30대,성공
2024-09-08 19:28:00,U000181,신용카드,교육,175333.0,경기,20대,성공
2024-05-06 16:57:00,U001364,체크카드,교통,,경기,20대,성공
2024-03-01 09:32:00,U003974,신용카드,식음료,5787.0,인천,30대,성공
2024-07-19 08:48:00,U002254,체크카드,식음료,10928.0,인천,30대,성공
2024-01-14 22:30:00,U003163,휴대폰결제,식음료,17058.0,인천,40대,성공
2024-04-06 12:06:00,U001798,신용카드,교육,210797.0,인천,10대,성공
2024-04-15 17:55:00,U000828,체크카드,쇼핑,47827.0,경남,60대 이상,성공
2024-01-12 16:32:00,U002785,체크카드,쇼핑,58780.0,경기,10대,성공
2024-07-04 20:00:00,U001443,체크카드,교통,1462.0,경기,20대,성공
2024-08-18 19:57:00,U003943,계좌이체,쇼핑,14882.0,경기,40대,취소
2024-03-30 15:22:00,U002332,신용카드,식음료,8395.0,전북,20대,성공
2024-05-16 22:09:00,U000731,체크카드,쇼핑,10238.0,강원,20대,성공
2024/08/12 11:01,U002835,계좌이체,여행,154436.0,서울,20대,성공
2024-09-02 06:58:00,U001022,신용카드,교육,41115.0,서울,40대,성공
2024-03-08 15:45:00,U002574,신용카드,교육,186710.0,경기,30대,성공
2024-12-22 14:02:00,U000813,신용카드,교통,605.0,서울,30대,성공
2024-07-09 13:37:00,U002361,체크카드,식음료,22601.0,서울,,성공
2024-09-22 18:28:00,U002419,계좌이체,교통,3246.0,서울,60대 이상,성공
2024/03/03 11:58,U001469,신용카드,기타,8435.0,서울,40대,성공
2024/11/02 06:43,U002529,계좌이체,쇼핑,84026.0,경남,20대,성공
2024-07-27 16:51:00,U003451,계좌이체,식음료,18551.0,전북,20대,성공
2024-12-03 09:00:00,U000308,체크카드,의료,25518.0,부산,30대,실패
2024/08/15 14:49,U002811,계좌이체,공과금,92245.0,경기,30대,성공
2024-11-01 15:26:00,U003649,계좌이체,쇼핑,17276.0,부산,20대,성공
2024-02-23 22:44:00,U003876,신용카드,문화/여가,38750.0,서울,20대,성공
2024-05-27 08:51:00,U001573,신용카드,식음료,76824.0,경기,20대,성공
2024/07/23 18:52,U002148,신용카드,쇼핑,53534.0,서울,,성공
2024/04/08 13:09,U000023,계좌이체,교육,127296.0,충남,10대,성공
2024-07-17 17:48:00,U003223,체크카드,식음료,10107.0,서울,50대,성공
2024-07-26 21:28:00,U003446, 신용카드 ,여행,244505.0,전북,30대,성공
2024-08-15 19:09:00,U000362,계좌이체,공과금,48454.0,서울,30대,성공
2024-03-07 21:23:00,U000435,신용카드,식음료,14505.0,경남,20대,성공
2024/02/22 02:42,U002344,체크카드,교통,5498.0,서울,60대 이상,실패
2024-05-26 12:21:00,U003074,신용카드,공과금,20490.0,경남,20대,성공
2024/10/04 19:04,U000053,체크카드,교통,1421.0,서울,50대,성공
2024-10-21 20:07:00,U000198,신용카드,교육,115929.0,서울,10대,성공
2024/09/17 21:38,U000452,신용카드,문화/여가,15002.0,부산,30대,성공
2024-03-24 05:20:00,U000011,신용카드,여행,191743.0,경기,40대,성공
2024-04-05 22:35:00,U002101,체크카드,기타,20547.0,,40대,성공
2024-09-11 17:21:00,U002743,계좌이체,쇼핑,50314.0,부산,30대,성공
2024/12/15 19:31,U003917,체크카드,기타,48277.0,경기,60대 이상,성공
2024/02/07 18:32,U002494,신용카드,쇼핑,15655.0,경기,50대,성공
2024-09-14 10:30:00,U000105,,식음료,19623.0,부산,60대 이상,성공
2024/11/09 15:47,U001330,신용카드,교통,3467.0,경기,60대 이상,취소
2024/11/22 16:24,U000691,휴대폰결제,교통,3461.0,전북,20대,성공
2024-03-17 14:44:00,U000958,포인트결제,식음료,13349.0,서울,50대,성공
2024-11-05 07:34:00,U002021,휴대폰결제,공과금,105432.0,경남,30대,성공
2024-03-15 20:14:00,U000045,신용카드,교통,1397.0,서울,50대,취소
2024-10-24 16:43:00,U002375,계좌이체,쇼핑,7604.0,경기,50대,성공
2024/12/01 18:09,U000817,포인트결제,쇼핑,64998.0,경기,30대,성공
2024-02-26 09:18:00,U003489,휴대폰결제,여행,452464.0,경기,30대,성공
2024/12/28 15:16,U003156,신용카드,교통,3531.0,경기,20대,성공
2024-07-15 02:09:00,U000382,신용카드,식음료,17935.0,부산,30대,성공
2024-12-07 12:16:00,U001444,휴대폰결제,공과금,25381.0,경기,50대,성공
2024-09-23 13:28:00,U003915,포인트결제,식음료,7617.0,경기,30대,성공
2024-04-02 20:54:00,U002824,계좌이체,쇼핑,31451.0,서울,20대,성공
2024-08-07 09:50:00,U001824,신용카드,여행,68931.0,,40대,성공
2024-01-05 18:36:00,U000504,체크카드,식음료,11540.0,인천,40대,성공
2024-04-20 19:31:00,U001430,계좌이체,식음료,6977.0,서울,20대,성공
2024-02-20 05:26:00,U002881, 신용카드 ,의료,117712.0,충북,50대,성공
2024-02-29 18:15:00,U003682,계좌이체,교통,3765.0,경기,30대,성공
2024-07-28 21:54:00,U002135,신용카드,쇼핑,110808.0,울산,30대,성공
2024-08-31 11:22:00,U001302,체크카드,공과금,168116.0,경남,20대,실패
2024-12-10 16:02:00,U000601,신용카드,식음료,40782.0,경기,20대,성공
2024-09-22 16:15:00,U001909,계좌이체,식음료,5748.0,인천,20대,성공
2024-04-29 20:58:00,U000321,신용카드,교통,3565.0,서울,60대 이상,성공
2024-04-27 21:35:00,U000421,포인트결제,교통,4630.0,강원,20대,성공
2024-09-06 11:39:00,U002208,신용카드,쇼핑,28427.0,,,성공
2024/05/18 20:59,U002716,포인트결제,교육,72469.0,전북,30대,성공
2024-10-22 21:20:00,U001565,체크카드,공과금,109571.0,경기,40대,성공
2024-04-04 13:27:00,U002445,신용카드,기타,30179.0,부산,20대,성공
2024-06-16 17:07:00,U001427,신용카드,식음료,39612.0,경기,30대,성공
2024-09-20 18:56:00,U003720,체크카드,쇼핑,38523.0,경남,30대,성공
2024-12-20 14:17:00,U000559,체크카드,식음료,27130.0,광주,,실패
2024-08-28 21:41:00,U003801,포인트결제,문화/여가,29137.0,경북,20대,성공
2024-10-27 13:25:00,U003083,휴대폰결제,의료,10416.0,광주,40대,성공
2024-10-26 07:00:00,U003624,신용카드,식음료,16214.0,서울,20대,성공
2024-12-01 01:44:00,U000734,신용카드,기타,38138.0,서울,20대,성공
2024-04-18 13:43:00,U001807,신용카드,식음료,6854.0,인천,10대,성공
2024-06-08 19:53:00,U002735,체크카드,교육,143392.0,대구,40대,성공
2024-01-25 19:24:00,U002587,휴대폰결제,쇼핑,5115.0,서울,20대,성공
2024-11-01 12:46:00,U003995,계좌이체,쇼핑,27513.0,전북,20대,성공
2024-05-12 11:37:00,U001685,계좌이체,공과금,124210.0,서울,,성공
2024-11-22 12:24:00,U002445,계좌이체,쇼핑,86216.0,경기,20대,성공
2024-12-08 17:52:00,U002525,체크카드,문화/여가,4416.0,서울,20대,성공
2024-11-10 05:09:00,U001563,신용카드,교육,39616.0,전남,40대,성공
2024-01-14 10:51:00,U000192,신용카드,의료,101901.0,충남,50대,성공
2024-01-20 08:20:00,U000847,계좌이체,기타,9016.0,전남,20대,성공
2024-04-13 10:51:00,U003221,체크카드,의료,12322.0,경남,40대,성공
2024-07-24 11:38:00,U002587,체크카드,문화/여가,26371.0,경기,20대,성공
2024-10-06 00:29:00,U002923,신용카드,식음료,24855.0,대전,50대,성공
2024-04-09 18:22:00,U001117,신용카드,기타,20175.0,부산,40대,성공
2024-04-28 18:31:00,U003582,체크카드,문화/여가,17270.0,광주,50대,성공
2024-12-11 15:56:00,U000407, 신용카드 ,식음료,5501.0,서울,40대,성공
2024/08/23 17:37,U003068,체크카드,교통,2064.0,서울,20대,성공
2024/03/19 21:48,U002780,신용카드,교육,41656.0,,30대,성공
2024-04-16 13:11:00,U003737,체크카드,식음료,25114.0,제주,20대,성공
2024-03-29 19:32:00,U001370,신용카드,식음료,19946.0,서울,50대,성공
2024-07-06 17:17:00,U001041,신용카드,기타,9660.0,서울,30대,성공
2024-02-05 02:13:00,U000917,체크카드,문화/여가,52811.0,경기,20대,성공
2024-04-19 10:00:00,U000134,계좌이체,쇼핑,12747.0,경기,,성공
2024-06-11 12:56:00,U003199,신용카드,교통,500.0,경기,40대,성공
2024-07-26 16:33:00,U000337,체크카드,공과금,73860.0,대구,10대,성공
2024-07-24 21:44:00,U002162,계좌이체,교통,3400.0,서울,20대,성공
2024-07-25 21:47:00,U002933,계좌이체,쇼핑,32249.0,,30대,성공
2024-04-19 11:43:00,U000803,신용카드,문화/여가,12272.0,서울,20대,실패
2024-04-14 15:23:00,U001018,신용카드,쇼핑,36686.0,경기,10대,성공
2024-07-27 03:25:00,U000444,신용카드,교통,1384.0,서울,10대,성공
2024-04-07 19:23:00,U003584,체크카드,교육,119615.0,인천,20대,성공
2024-09-28 06:09:00,U000616,신용카드,기타,29546.0,경기,40대,성공
2024-09-17 11:07:00,U003994, 신용카드 ,기타,31381.0,경기,30대,성공
2024-02-05 21:45:00,U000714,체크카드,교통,2137.0,세종,30대,성공
2024-08-06 16:58:00,U002750,체크카드,쇼핑,70255.0,광주,20대,실패
2024/07/20 15:16,U002702,포인트결제,쇼핑,32679.0,,20대,성공
2024-05-27 17:45:00,U002641,신용카드,식음료,12383.0,인천,10대,성공
2024-06-09 13:02:00,U001119,신용카드,교통,3519.0,서울,30대,성공
2024-08-11 06:39:00,U000233,포인트결제,쇼핑,27795.0,서울,60대 이상,성공
2024-06-05 17:35:00,U003609,포인트결제,교통,9734.0,서울,30대,성공
2024-08-24 13:25:00,U003180,포인트결제,기타,29581.0,충북,30대,성공
2024-01-10 08:50:00,U000465,체크카드,쇼핑,56548.0,울산,20대,성공
2024-07-18 11:26:00,U003265,체크카드,식음료,8403.0,전남,50대,성공
2024-05-02 08:08:00,U003188,계좌이체,기타,14369.0,,60대 이상,성공
2024-11-18 23:07:00,U002492,계좌이체,여행,132483.0,대구,50대,성공
2024-04-26 19:28:00,U001218,신용카드,쇼핑,225561.0,경북,30대,실패
2024/10/11 15:35,U000024,휴대폰결제,공과금,80754.0,서울,50대,성공
2024-09-04 19:49:00,U002222,신용카드,쇼핑,87191.0,부산,20대,성공
2024-05-09 15:34:00,U003025,계좌이체,교통,6961.0,서울,40대,성공
2024-01-19 23:12:00,U002909,포인트결제,공과금,12655.0,서울,50대,성공
2024-03-16 07:32:00,U000628,신용카드,식음료,23199.0,경기,60대 이상,성공
2024-03-12 18:45:00,U002225,신용카드,식음료,13997.0,부산,50대,실패
2024-10-18 19:29:00,U001531,신용카드,기타,45045.0,경기,20대,성공
2024-06-13 07:13:00,U000447,신용카드,식음료,26510.0,충남,30대,성공
2024-07-11 07:09:00,U000635,신용카드,쇼핑,107496.0,경북,40대,성공
2024-10-17 10:16:00,U000774,계좌이체,의료,30643.0,경기,30대,성공
2024-01-08 21:21:00,U001254,휴대폰결제,식음료,22622.0,충남,20대,취소
2024/08/19 08:58,U000174,포인트결제,문화/여가,19134.0,부산,30대,성공
2024-10-28 11:18:00,U001278, 신용카드 ,공과금,72225.0,서울,20대,취소
2024-12-12 20:09:00,U001352,신용카드,교육,80675.0,서울,20대,성공
2024-07-18 12:56:00,U000057,,문화/여가,32210.0,제주,30대,성공
2024-11-04 11:00:00,U001171,휴대폰결제,식음료,,서울,,성공
2024-08-02 05:33:00,U000294,계좌이체,교통,3692.0,경기,20대,성공
2024-08-05 23:56:00,U001436,신용카드,식음료,,서울,50대,성공
2024-03-25 21:14:00,U000435,포인트결제,쇼핑,167439.0,대구,30대,성공
2024-02-25 19:20:00,U003742,계좌이체,기타,11806.0,제주,40대,성공
2024-12-09 08:50:00,U000117,체크카드,쇼핑,48919.0,부산,30대,성공
2024-10-12 10:05:00,U000622,신용카드,문화/여가,37596.0,서울,,성공
2024/08/08 20:09,U003167,계좌이체,식음료,,서울,40대,성공
2024/12/20 18:22,U001444,신용카드,교통,1210.0,광주,30대,성공
2024-02-04 20:16:00,U002351,신용카드,식음료,6557.0,충남,40대,성공
2024-07-02 05:52:00,U003819,포인트결제,공과금,10382.0,부산,60대 이상,실패
2024-06-06 18:45:00,U002471,포인트결제,식음료,32207.0,충남,30대,성공
2024-02-09 11:52:00,U000540,체크카드,공과금,19501.0,서울,,성공
2024/03/18 16:50,U002631,체크카드,기타,21605.0,,20대,성공
2024-09-09 09:05:00,U003086,포인트결제,쇼핑,50000.0,충북,20대,성공
2024-10-07 18:46:00,U002985,체크카드,문화/여가,22389.0,대전,20대,성공
2024-07-24 11:04:00,U003019,체크카드,쇼핑,28139.0,경기,20대,성공
2024/08/15 08:27,U003327,체크카드,식음료,21298.0,서울,10대,실패
2024-07-05 06:04:00,U003617,계좌이체,식음료,32256.0,경기,20대,성공
2024-01-28 21:42:00,U002938,신용카드,기타,28771.0,인천,20대,성공
2024-12-06 08:28:00,U000924, 신용카드 ,여행,263255.0,경북,10대,성공
2024-04-23 11:37:00,U003836,계좌이체,쇼핑,31279.0,경기,20대,성공
2024-10-01 17:16:00,U000054,신용카드,식음료,11225.0,경기,40대,성공
2024-03-27 13:15:00,U002785,휴대폰결제,공과금,176998.0,서울,30대,성공
2024-11-22 22:14:00,U000908, 신용카드 ,문화/여가,24911.0,경기,30대,성공
2024-12-14 00:02:00,U000101,신용카드,식음료,,대구,30대,성공
2024-01-04 13:30:00,U002439,계좌이체,의료,27492.0,서울,50대,성공
2024-05-04 18:31:00,U001195,계좌이체,교통,1688.0,충남,10대,성공
2024-03-14 19:15:00,U000878,포인트결제,문화/여가,,부산,40대,성공
2024-02-18 20:00:00,U000142,신용카드,교육,144539.0,경북,10대,성공
2024-11-13 01:58:00,U003983,계좌이체,문화/여가,8870.0,울산,50대,실패
2024/10/22 13:20,U000511,신용카드,문화/여가,-14163.0,부산,40대,성공
2024-08-28 14:35:00,U001318,신용카드,쇼핑,25832.0,서울,20대,성공
2024-12-10 13:05:00,U000136, 신용카드 ,여행,122044.0,,,성공
2024-05-06 17:47:00,U002671,계좌이체,쇼핑,85326.0,,40대,성공
2024-12-28 11:26:00,U001398,신용카드,문화/여가,43245.0,경기,30대,성공
2024-05-18 09:18:00,U003681,신용카드,문화/여가,12828.0,경기,20대,성공
2024-09-27 08:37:00,U001073,신용카드,쇼핑,4441.0,제주,10대,성공
2024-01-04 08:51:00,U003202,체크카드,문화/여가,40428.0,서울,30대,성공
2024-02-07 21:48:00,U003688, 신용카드 ,공과금,24171.0,서울,50대,성공
2024/04/21 13:14,U002903,포인트결제,문화/여가,26182.0,충남,20대,실패
2024-11-05 04:47:00,U003545, 신용카드 ,교통,2133.0,경남,20대,성공
2024-12-19 19:38:00,U001449,휴대폰결제,교통,2962.0,제주,30대,성공
2024-06-07 16:21:00,U000365,계좌이체,공과금,27711.0,서울,40대,성공
2024-04-08 19:39:00,U000449,신용카드,식음료,8002.0,대구,30대,성공
2024-08-06 10:10:00,U003589,신용카드,여행,390844.0,전북,20대,성공
2024-02-07 20:20:00,U000210,체크카드,쇼핑,121776.0,서울,50대,성공
2024-08-09 08:38:00,U001111,신용카드,쇼핑,60040.0,경기,40대,성공
2024-03-19 13:31:00,U002026,신용카드,쇼핑,28981.0,,30대,성공
2024-05-12 21:18:00,U000951,신용카드,공과금,185489.0,서울,20대,성공
2024-10-05 19:59:00,U000117,휴대폰결제,교통,7872.0,전북,20대,성공
2024-10-20 15:54:00,U001660,신용카드,교육,94265.0,부산,30대,성공
2024-02-08 07:58:00,U003940,,쇼핑,31077.0,,40대,성공
2024-02-26 14:36:00,U001008,휴대폰결제,여행,357199.0,경기,60대 이상,성공
2024-04-20 12:01:00,U001828,체크카드,여행,114899.0,서울,30대,성공
2024-12-25 01:13:00,U001545,체크카드,쇼핑,53258.0,경기,20대,성공
2024-08-06 15:38:00,U003904,신용카드,식음료,6594.0,,20대,성공
2024-02-09 12:28:00,U003185,신용카드,여행,329816.0,경기,30대,성공
2024/09/26 20:40,U000016,체크카드,식음료,9634.0,충북,60대 이상,성공
2024-12-29 19:10:00,U003386,신용카드,교육,64851.0,경기,30대,성공
2024-03-25 05:03:00,U001052,체크카드,쇼핑,45879.0,대구,50대,성공
2024-04-14 17:26:00,U000548,포인트결제,교육,227580.0,울산,30대,성공
2024-11-12 18:48:00,U003566,포인트결제,기타,,대전,,성공
2024-08-12 18:53:00,U000039,체크카드,식음료,1650.0,전남,60대 이상,성공
2024-06-15 01:05:00,U001386,신용카드,문화/여가,31336.0,인천,30대,실패
2024-07-06 21:24:00,U003278,계좌이체,식음료,37439.0,광주,40대,성공
2024-12-10 11:13:00,U003375,신용카드,공과금,169141.0,서울,50대,성공
2024-11-15 08:29:00,U000265,신용카드,쇼핑,138976.0,대구,30대,성공
2024-05-11 12:53:00,U001291,신용카드,의료,20511.0,서울,,성공
2024-07-28 13:53:00,U003493,체크카드,쇼핑,244552.0,경기,30대,성공
2024-06-06 13:46:00,U000916,신용카드,식음료,27103.0,충북,40대,성공
2024-02-23 07:18:00,U003477,신용카드,의료,105284.0,,40대,취소
2024-05-15 20:26:00,U002438,포인트결제,교육,147438.0,경기,20대,성공
2024-11-21 10:04:00,U003984,신용카드,공과금,65511.0,제주,20대,성공
2024-12-10 09:40:00,U000839,신용카드,문화/여가,53193.0,경기,40대,성공
2024-07-08 11:56:00,U001812,체크카드,기타,18116.0,부산,20대,성공
2024-09-16 03:56:00,U002906,계좌이체,의료,81916.0,경기,60대 이상,성공
2024-01-01 19:44:00,U001164,신용카드,기타,21742.0,경기,40대,성공
2024-04-27 11:05:00,U003841,체크카드,의료,22249.0,경기,40대,성공
2024-04-15 09:54:00,U002688,계좌이체,교육,89435.0,서울,30대,성공
2024-05-24 11:51:00,U000005,신용카드,공과금,196659.0,서울,60대 이상,성공
2024-08-08 12:30:00,U002701,신용카드,의료,46867.0,경기,,성공
2024-02-22 23:54:00,U002899,포인트결제,문화/여가,42912.0,서울,20대,성공
2024/06/14 17:34,U001700,신용카드,문화/여가,11914.0,경기,20대,실패
2024-05-05 16:47:00,U000295,체크카드,식음료,31452.0,,30대,성공
2024-08-11 01:46:00,U000646,계좌이체,식음료,20267.0,세종,50대,성공
2024-12-13 11:42:00,U000058,휴대폰결제,식음료,9787.0,서울,20대,실패
2024-09-26 10:24:00,U001865,신용카드,식음료,23965.0,서울,10대,실패
2024-03-05 16:37:00,U001144,휴대폰결제,식음료,3471.0,경기,30대,성공
2024-01-26 21:59:00,U002515,휴대폰결제,식음료,6881.0,전북,30대,성공
2024-10-03 13:27:00,U003595,체크카드,식음료,18083.0,대구,40대,성공
2024-02-20 09:54:00,U001851,신용카드,식음료,24475.0,대전,50대,성공
2024-02-12 19:40:00,U002039, 신용카드 ,문화/여가,17804.0,서울,30대,성공
2024-07-21 22:01:00,U001553,신용카드,문화/여가,71837.0,서울,30대,성공
2024-05-11 19:09:00,U002484,체크카드,교통,3889.0,인천,20대,성공
2024-07-21 16:01:00,U001336,신용카드,식음료,1007.0,경기,50대,성공
2024-04-17 18:29:00,U003229,포인트결제,기타,10486.0,서울,,성공
2024/06/21 11:30,U002580,체크카드,공과금,147800.0,부산,30대,취소
2024-02-19 20:37:00,U000882,휴대폰결제,교육,89756.0,부산,20대,실패
2024-10-31 20:40:00,U001392,체크카드,공과금,118207.0,경기,60대 이상,실패
2024/10/07 11:34,U002999,신용카드,문화/여가,17189.0,서울,20대,성공
2024-09-26 17:49:00,U000684, 신용카드 ,공과금,49619.0,인천,40대,성공
2024/03/31 20:50,U002524,계좌이체,여행,287628.0,서울,10대,성공
2024-02-27 19:39:00,U002590,포인트결제,공과금,-65185.0,서울,30대,성공
2024-02-17 19:11:00,U003101,계좌이체,여행,231339.0,경기,20대,성공
2024/11/26 10:32,U001774,체크카드,공과금,50101.0,경기,20대,성공
2024-01-21 11:23:00,U000717,신용카드,쇼핑,41581.0,서울,20대,성공
2024/02/23 07:53,U003356,계좌이체,여행,50157.0,서울,20대,성공
2024/06/07 14:29,U003080,계좌이체,교통,2939.0,경기,20대,성공
2024/07/21 07:32,U000530,계좌이체,식음료,18954.0,대구,20대,성공
2024-07-21 23:13:00,U003620,체크카드,의료,26827.0,경기,20대,성공
2024-04-26 15:12:00,U000453,신용카드,교육,97380.0,경남,,성공
2024-03-04 17:58:00,U001632,체크카드,기타,28117.0,서울,30대,성공
2024/04/03 21:58,U000062,체크카드,식음료,15069.0,경남,20대,성공
2024-01-19 19:38:00,U001136, 신용카드 ,교육,56633.0,경기,40대,성공
2024-07-08 13:15:00,U000818,체크카드,기타,26724.0,서울,20대,성공
2024-09-29 20:30:00,U000987,계좌이체,교육,188122.0,부산,60대 이상,성공
2024/08/11 00:35,U001818,체크카드,교통,8385.0,서울,20대,성공
2024-04-28 21:27:00,U003062,체크카드,쇼핑,32403.0,대구,20대,성공
2024-10-22 20:36:00,U002010,신용카드,식음료,19413.0,서울,20대,성공
2024-07-31 15:51:00,U002949,체크카드,기타,40197.0,경기,40대,성공
2024-10-22 10:44:00,U001781,신용카드,식음료,28739.0,경남,10대,성공
2024-08-15 19:42:00,U000488,체크카드,의료,44034.0,울산,10대,성공
2024-08-29 16:36:00,U002569,포인트결제,교육,25394.0,서울,20대,성공
2024-04-14 01:29:00,U000766,휴대폰결제,식음료,4085.0,부산,20대,성공
2024/04/26 17:07,U002208,휴대폰결제,문화/여가,24215.0,서울,20대,성공
2024-09-05 08:42:00,U001736,체크카드,문화/여가,18661.0,경기,30대,성공
2024-08-16 17:23:00,U000609,계좌이체,기타,29902.0,부산,50대,성공
2024-10-30 22:19:00,U003584,계좌이체,교통,790.0,서울,10대,성공
2024-01-14 12:52:00,U003574,포인트결제,쇼핑,50943.0,전북,20대,성공
2024-01-06 21:41:00,U002680,신용카드,교통,5047.0,부산,60대 이상,성공
2024-08-21 09:59:00,U002708, 신용카드 ,쇼핑,54472.0,세종,30대,성공
2024-07-24 07:37:00,U002167,신용카드,쇼핑,,인천,40대,성공
2024/12/28 18:40,U003913,계좌이체,문화/여가,29305.0,서울,30대,성공
2024/06/01 19:13,U002916,신용카드,여행,120322.0,대전,30대,성공
2024-01-31 00:43:00,U002395,신용카드,쇼핑,38666.0,충북,20대,성공
2024-10-30 09:25:00,U003689, 신용카드 ,교통,4347.0,서울,20대,성공
2024-06-22 09:34:00,U002341,계좌이체,의료,17451.0,서울,50대,성공
2024-05-25 10:00:00,U003929,신용카드,쇼핑,35700.0,,20대,성공
2024-10-18 12:53:00,U000658,신용카드,식음료,6322.0,경남,10대,성공
2024/11/11 12:25,U003532,체크카드,교통,2215.0,충북,30대,성공
2024/03/31 17:33,U000554,신용카드,식음료,17854.0,경기,30대,실패
2024/11/05 16:30,U000941,신용카드,교통,2169.0,인천,20대,성공
2024-08-23 12:42:00,U001530,포인트결제,교통,3499.0,서울,20대,성공
2024-11-28 16:49:00,U003328,계좌이체,여행,144050.0,강원,30대,성공
2024-07-29 01:40:00,U002877,계좌이체,교통,1637.0,서울,20대,실패
2024/12/11 20:22,U000374,체크카드,여행,213956.0,서울,10대,성공
2024-06-08 14:50:00,U001514,신용카드,공과금,,서울,30대,성공
2024-06-04 17:12:00,U003583,체크카드,교육,71524.0,,40대,성공
2024/03/01 10:09,U001350,계좌이체,여행,204261.0,경기,30대,성공
2024-08-31 21:55:00,U002726,계좌이체,식음료,39033.0,서울,40대,성공
2024-05-30 02:27:00,U003973,신용카드,기타,41298.0,서울,30대,성공
2024/12/01 16:33,U002662,,식음료,13949.0,서울,30대,취소
2024-11-27 11:39:00,U001991,신용카드,문화/여가,19788.0,경북,20대,성공
2024-11-01 15:10:00,U001861,체크카드,교육,138671.0,부산,30대,성공
2024-08-29 19:12:00,U001248,체크카드,쇼핑,1503.0,경기,20대,실패
2024-02-08 12:15:00,U001345,계좌이체,문화/여가,45841.0,서울,20대,성공
2024-04-16 09:13:00,U002808,신용카드,쇼핑,11759.0,경기,50대,실패
2024-03-27 17:08:00,U001585,체크카드,식음료,5051.0,대구,30대,성공
2024-08-31 20:09:00,U003497,계좌이체,식음료,15814.0,대구,20대,성공
2024-10-16 18:21:00,U003974,포인트결제,여행,171765.0,,30대,성공
2024/07/31 06:25,U002541,포인트결제,쇼핑,30614.0,경북,30대,성공
2024-08-13 12:45:00,U000879,휴대폰결제,문화/여가,8776.0,경기,30대,성공
2024-12-06 07:03:00,U003996,신용카드,쇼핑,66736.0,경기,20대,성공
2024/06/09 16:42,U001364,계좌이체,식음료,3348.0,부산,40대,성공
2024-07-22 19:48:00,U001273,체크카드,공과금,49790.0,,20대,성공
2024/12/07 12:04,U001092,계좌이체,식음료,14890.0,서울,40대,성공
2024-02-24 04:55:00,U003378,계좌이체,식음료,2300.0,경북,50대,성공
2024/07/16 16:38,U001454, 신용카드 ,식음료,17461.0,경남,20대,성공
2024-10-29 06:41:00,U000873,체크카드,문화/여가,32054.0,서울,30대,성공
2024-11-28 12:21:00,U003892,체크카드,식음료,25410.0,제주,30대,성공
2024-05-21 09:21:00,U000442,포인트결제,교통,5025.0,서울,60대 이상,성공
2024-08-22 23:43:00,U003152,신용카드,식음료,3557.0,서울,50대,성공
2024-03-02 08:58:00,U003384,계좌이체,교통,2961.0,경기,30대,성공
2024-12-20 20:21:00,U001876,계좌이체,여행,,인천,60대 이상,성공
2024-08-10 22:54:00,U002768,신용카드,의료,11424.0,경기,40대,성공
2024-08-16 20:25:00,U002527,계좌이체,교육,32979.0,인천,10대,성공
2024-09-19 21:51:00,U000914,,의료,19848.0,경기,30대,성공
2024/06/10 16:54,U002065,신용카드,문화/여가,18812.0,강원,50대,성공
2024-11-08 19:37:00,U000416,체크카드,의료,91088.0,경기,40대,성공
2024-08-08 10:23:00,U003004,체크카드,기타,44247.0,대구,50대,성공
2024-06-16 14:49:00,U001116,계좌이체,쇼핑,42981.0,경기,60대 이상,성공
2024-03-31 11:57:00,U003144,신용카드,교통,10710.0,경기,40대,성공
2024-10-21 09:55:00,U002016,체크카드,문화/여가,23856.0,경남,40대,성공
2024-07-22 21:37:00,U002680,계좌이체,교육,261725.0,인천,20대,성공
2024-03-12 21:10:00,U001505,신용카드,여행,254122.0,서울,,성공
2024-02-18 19:52:00,U000983,신용카드,식음료,5134.0,충남,20대,성공
2024-07-05 19:08:00,U001622, 신용카드 ,문화/여가,50326.0,서울,30대,성공
2024-12-24 19:55:00,U000142,신용카드,교통,2312.0,서울,50대,성공
2024-11-05 12:55:00,U001207,체크카드,기타,27182.0,경기,20대,성공
2024/12/27 17:11,U002439,휴대폰결제,식음료,24122.0,경기,30대,성공
2024-05-02 01:00:00,U002935,계좌이체,쇼핑,45408.0,인천,40대,성공
2024-12-12 14:54:00,U000524,계좌이체,교통,4344.0,부산,30대,성공
2024-11-19 19:27:00,U000647,신용카드,공과금,73714.0,,50대,성공
2024-02-01 19:58:00,U000417,포인트결제,여행,72543.0,대전,20대,성공
2024-08-20 16:28:00,U002635,포인트결제,식음료,39346.0,경북,50대,성공
2024-10-23 02:55:00,U001469,신용카드,식음료,63543.0,서울,20대,성공
2024-10-14 15:52:00,U001588,계좌이체,기타,38402.0,전남,20대,실패
2024-05-18 17:55:00,U001366,계좌이체,식음료,5521.0,전북,50대,성공
2024-09-28 20:44:00,U003427,체크카드,쇼핑,61183.0,경남,50대,성공
2024-11-14 07:00:00,U003887,신용카드,쇼핑,29956.0,강원,50대,성공
2024-08-05 10:32:00,U000792,포인트결제,쇼핑,106185.0,전남,30대,성공
2024-07-17 10:49:00,U002625,체크카드,교육,191168.0,대구,20대,성공
2024/04/17 15:08,U002922,신용카드,식음료,8802.0,인천,20대,성공
2024-03-13 13:13:00,U002218,신용카드,쇼핑,136001.0,경기,40대,성공
2024-04-02 21:00:00,U001038,체크카드,문화/여가,25020.0,,20대,성공
2024-06-27 19:19:00,U000067,계좌이체,쇼핑,21460.0,서울,30대,성공
2024-11-12 22:43:00,U002880,계좌이체,교육,79288.0,부산,20대,성공
2024-03-04 21:28:00,U002233,신용카드,식음료,18643.0,광주,30대,성공
2024-12-27 13:20:00,U003678,포인트결제,기타,17938.0,울산,30대,성공
2024-02-03 10:19:00,U000653,계좌이체,쇼핑,18086.0,부산,20대,성공
2024-12-28 22:10:00,U000095,신용카드,교통,3863.0,서울,20대,성공
2024-07-06 22:56:00,U001734,신용카드,여행,251195.0,전북,50대,성공
2024-04-28 20:41:00,U003863,,쇼핑,108223.0,서울,30대,성공
2024-07-04 04:20:00,U002016,체크카드,교육,90657.0,대전,30대,성공
2024-06-22 22:34:00,U001154,신용카드,식음료,16147.0,경기,,성공
2024-01-24 12:27:00,U001423,신용카드,쇼핑,42018.0,경기,20대,성공
2024-02-23 16:00:00,U002956,체크카드,식음료,15776.0,전남,20대,성공
2024-01-10 14:03:00,U003680,신용카드,기타,1163.0,전남,20대,성공
2024/01/31 22:47,U000677,체크카드,쇼핑,32692.0,부산,40대,성공
2024-08-28 17:04:00,U002144,신용카드,문화/여가,3376.0,경기,30대,성공
2024-12-05 22:04:00,U002478,체크카드,교육,175955.0,경기,30대,성공
2024-01-19 17:07:00,U000135,,교통,1190.0,대구,30대,성공
2024-03-04 09:20:00,U000884,체크카드,쇼핑,200376.0,서울,,성공
2024-07-10 21:36:00,U000544,신용카드,교육,123117.0,서울,20대,성공
2024-04-29 20:29:00,U001335,체크카드,의료,45298.0,대구,40대,성공
2024-12-12 09:11:00,U003995,계좌이체,쇼핑,77305.0,경기,30대,성공
2024-11-11 22:58:00,U000749,휴대폰결제,식음료,15662.0,경기,30대,성공
2024/10/23 04:07,U000063,체크카드,쇼핑,29795.0,경기,30대,성공
2024-04-03 20:17:00,U003991,신용카드,교통,1660.0,대전,30대,취소
2024-06-02 11:44:00,U001388,계좌이체,교육,21878.0,서울,30대,성공
2024-04-12 21:27:00,U000490,계좌이체,여행,122065.0,서울,30대,성공
2024-07-25 23:43:00,U003656,체크카드,문화/여가,36160.0,경북,30대,성공
2024-04-16 21:40:00,U002805,신용카드,여행,241001.0,서울,20대,성공
2024-05-29 18:42:00,U003581,휴대폰결제,교통,3100.0,부산,40대,성공
2024/06/10 19:05,U003636,계좌이체,쇼핑,6214.0,인천,50대,성공
2024-08-18 11:09:00,U000858, 신용카드 ,쇼핑,46081.0,경기,60대 이상,성공
2024-09-19 17:52:00,U002689, 신용카드 ,공과금,289084.0,서울,30대,성공
2024-10-31 17:53:00,U003421,휴대폰결제,식음료,21725.0,경기,30대,성공
2024/10/16 07:45,U000462,신용카드,쇼핑,16840.0,부산,30대,성공
2024-04-14 18:27:00,U001712,신용카드,교육,60370.0,전북,20대,성공
2024-12-05 05:05:00,U003377, 신용카드 ,교통,702.0,서울,50대,성공
2024-07-22 13:04:00,U000537,신용카드,의료,51465.0,경기,20대,성공
2024-06-27 19:23:00,U003822,신용카드,식음료,17625.0,서울,50대,성공
2024-06-26 11:13:00,U000804,계좌이체,문화/여가,29616.0,부산,40대,성공
2024-11-23 15:30:00,U002553,포인트결제,문화/여가,20274.0,서울,10대,성공
2024-03-25 17:59:00,U000112,신용카드,쇼핑,61536.0,광주,30대,성공
2024-03-20 13:47:00,U003280,포인트결제,교통,2604.0,세종,10대,성공
2024-07-11 10:58:00,U001856,포인트결제,공과금,37029.0,,20대,성공
2024-08-13 01:49:00,U001827,신용카드,교육,107214.0,서울,60대 이상,성공
2024-05-18 18:01:00,U002968,체크카드,쇼핑,7432.0,전북,20대,성공
2024-10-25 13:34:00,U003119,포인트결제,문화/여가,36500.0,서울,50대,성공
2024-03-08 07:54:00,U000188,신용카드,기타,12464.0,,30대,성공
2024-09-08 09:02:00,U000153,신용카드,식음료,32790.0,서울,,성공
2024-11-30 22:36:00,U002139,신용카드,문화/여가,9529.0,서울,20대,취소
2024-04-20 09:54:00,U003928,체크카드,문화/여가,23581.0,경기,50대,성공
2024-07-18 06:22:00,U001589,체크카드,문화/여가,61614.0,인천,30대,성공
2024-05-21 17:46:00,U002375,휴대폰결제,교통,5683.0,,30대,성공
2024-09-27 17:07:00,U001375,포인트결제,의료,42779.0,경북,40대,성공
2024-02-29 13:50:00,U002568,신용카드,식음료,22536.0,대구,30대,성공
2024-09-18 16:15:00,U002829,휴대폰결제,교통,1317.0,경기,20대,성공
2024/04/27 21:01,U001529,계좌이체,쇼핑,92808.0,경기,10대,성공
2024-12-16 20:49:00,U001745,휴대폰결제,식음료,20467.0,부산,20대,성공
2024/08/19 10:46,U000369,체크카드,식음료,9721.0,경기,30대,성공
2024-05-04 13:31:00,U000446,포인트결제,공과금,42230.0,부산,20대,성공
2024-12-15 20:31:00,U001604,신용카드,교통,9826.0,경북,40대,성공
2024-07-19 14:41:00,U001918,체크카드,식음료,7220.0,제주,20대,성공
2024-05-20 19:48:00,U000432,포인트결제,식음료,34714.0,대구,50대,성공
2024-10-07 10:36:00,U003495,신용카드,식음료,50437.0,경기,60대 이상,성공
2024-09-08 08:50:00,U000660,신용카드,교통,4243.0,서울,20대,성공
2024-04-30 11:11:00,U000241,계좌이체,문화/여가,35127.0,부산,30대,성공
2024-06-08 08:21:00,U000418,휴대폰결제,식음료,36892.0,대전,30대,성공
2024-12-19 12:49:00,U002054,,기타,38400.0,광주,50대,성공
2024-09-19 15:06:00,U002881,신용카드,교통,2525.0,광주,40대,성공
2024-07-28 08:28:00,U002007,체크카드,기타,24884.0,경기,20대,성공
2024/08/24 13:52,U000981,신용카드,식음료,6408.0,경기,60대 이상,성공
2024-01-21 19:20:00,U001977,계좌이체,여행,214261.0,서울,30대,성공
2024/12/08 19:51,U003987,신용카드,식음료,27252.0,전북,50대,성공
2024-05-27 14:09:00,U001514,신용카드,공과금,26694.0,대구,40대,성공
2024-03-16 13:18:00,U001934,신용카드,교육,,서울,,성공
2024/02/14 22:14,U000441,신용카드,쇼핑,6211.0,서울,30대,성공
2024-08-01 17:58:00,U002423,신용카드,식음료,12021.0,,40대,성공
2024-08-30 13:11:00,U001863,체크카드,교통,2133.0,서울,30대,성공
2024-08-24 20:18:00,U002571,계좌이체,식음료,36549.0,부산,50대,성공
2024-08-31 19:50:00,U001466,체크카드,공과금,72271.0,경기,50대,성공
2024-06-02 19:59:00,U003931,신용카드,식음료,24978.0,경남,20대,성공
2024/10/29 16:26,U001774,신용카드,식음료,27272.0,부산,40대,성공
2024-08-12 13:06:00,U000552,포인트결제,교육,,경기,20대,성공
2024-05-01 16:03:00,U003602,신용카드,식음료,9919.0,울산,60대 이상,성공
2024-03-31 19:37:00,U002056,신용카드,의료,60701.0,충남,40대,성공
2024-08-28 13:03:00,U001664,포인트결제,의료,20196.0,서울,40대,성공
2024-03-02 15:32:00,U000998, 신용카드 ,식음료,10563.0,서울,30대,성공
2024-09-20 19:53:00,U000266,신용카드,식음료,17824.0,서울,40대,성공
2024-07-30 08:01:00,U000800,체크카드,의료,9042.0,대구,30대,성공
2024-02-19 10:20:00,U002532,체크카드,쇼핑,42582.0,서울,20대,성공
2024-12-12 18:59:00,U002439,휴대폰결제,식음료,30922.0,경남,20대,성공
2024-10-29 21:06:00,U002156,신용카드,식음료,17702.0,서울,20대,성공
2024-04-12 12:53:00,U000994,체크카드,식음료,26194.0,강원,40대,취소
2024-02-01 19:11:00,U000338,체크카드,쇼핑,53520.0,서울,20대,성공
2024-07-23 12:17:00,U003706,신용카드,공과금,55186.0,대구,10대,실패
2024/05/15 17:07,U003087,신용카드,문화/여가,35678.0,경기,20대,성공
2024/08/24 12:49,U002583,체크카드,식음료,40283.0,경기,30대,성공
2024-09-19 11:17:00,U003436,포인트결제,문화/여가,25087.0,대전,30대,성공
2024-06-30 14:25:00,U000918,신용카드,쇼핑,11255.0,서울,20대,성공
2024-01-01 19:34:00,U003541,신용카드,문화/여가,33459.0,경기,10대,성공
2024-06-08 22:31:00,U001104,체크카드,식음료,20874.0,,30대,성공
2024-11-20 09:44:00,U000047,계좌이체,교육,80852.0,부산,40대,성공
2024-01-25 10:22:00,U003940,신용카드,식음료,4905.0,경기,20대,성공
2024-04-22 05:39:00,U000627,체크카드,여행,256690.0,,20대,성공
2024-06-20 13:22:00,U000816,체크카드,문화/여가,,충북,20대,성공
2024/08/29 09:59,U003283,체크카드,쇼핑,12997.0,인천,,성공
2024/03/30 19:05,U001666,휴대폰결제,교통,1219.0,경기,20대,실패
2024-11-15 13:22:00,U002157,계좌이체,공과금,109051.0,서울,30대,실패
2024-10-28 19:13:00,U003184,신용카드,교통,955.0,경기,30대,성공
2024-05-05 19:58:00,U003946,포인트결제,식음료,33031.0,경기,20대,성공
2024-03-23 14:52:00,U003152, 신용카드 ,공과금,79118.0,서울,40대,취소
2024/02/09 20:39,U002492,신용카드,쇼핑,86635.0,부산,40대,성공
2024-12-17 19:10:00,U000242,신용카드,쇼핑,,서울,60대 이상,성공
2024-02-23 19:39:00,U003156,계좌이체,문화/여가,15990.0,충북,40대,성공
2024/09/21 11:08,U003626,신용카드,교통,3400.0,경남,20대,성공
2024-10-25 03:22:00,U001662,신용카드,문화/여가,28121.0,경기,30대,성공
2024/11/01 17:24,U000865,신용카드,의료,20334.0,부산,20대,성공
2024-04-20 19:21:00,U000941,신용카드,기타,33745.0,서울,50대,성공
2024-04-22 12:23:00,U002149,계좌이체,공과금,29664.0,경기,50대,성공
2024-02-13 14:10:00,U001852,,식음료,26896.0,경북,30대,성공
2024-10-27 15:31:00,U002354,계좌이체,의료,60190.0,인천,40대,성공
2024-07-18 02:25:00,U002045,휴대폰결제,식음료,12962.0,경기,30대,성공
2024-12-18 20:34:00,U001407,,쇼핑,76968.0,서울,30대,취소
2024-07-14 20:58:00,U003696, 신용카드 ,공과금,26615.0,전북,30대,성공
2024-09-02 17:49:00,U000957,신용카드,식음료,33284.0,울산,30대,성공
2024/12/12 02:26,U001872,체크카드,공과금,81085.0,울산,20대,성공
2024-08-03 06:33:00,U002880,포인트결제,쇼핑,32388.0,전남,,성공
2024-07-11 18:14:00,U000348,휴대폰결제,문화/여가,10118.0,경기,30대,실패
2024/09/12 01:20,U003971,신용카드,기타,27608.0,,40대,실패
2024-02-21 14:54:00,U003633,신용카드,식음료,17223.0,서울,30대,성공
2024-11-14 19:08:00,U003156,신용카드,공과금,84563.0,서울,40대,성공
2024-03-30 12:27:00,U001805,계좌이체,문화/여가,49047.0,부산,60대 이상,성공
2024-07-03 06:36:00,U000083,신용카드,문화/여가,23808.0,경기,40대,성공
2024/12/07 13:57,U002851,체크카드,식음료,20316.0,경기,30대,성공
2024-10-12 17:22:00,U001368,,의료,46991.0,부산,20대,성공
2024-05-12 11:50:00,U001170,계좌이체,식음료,8866.0,경기,40대,성공
2024-06-04 12:30:00,U003805,계좌이체,교통,3040.0,인천,30대,성공
2024-10-22 17:17:00,U002972,신용카드,의료,46371.0,강원,,성공
2024-01-19 10:01:00,U003479,신용카드,교통,4183.0,경기,40대,성공
2024-06-14 11:10:00,U003833, 신용카드 ,식음료,11406.0,경기,50대,성공
2024-12-18 19:44:00,U000946,신용카드,식음료,9042.0,경기,20대,성공
2024/10/02 19:14,U000649,체크카드,쇼핑,53094.0,경북,20대,성공
2024-04-18 11:25:00,U001582,휴대폰결제,문화/여가,31559.0,서울,50대,성공
2024-05-09 14:25:00,U001623,체크카드,공과금,100563.0,서울,30대,성공
2024-03-07 17:47:00,U003635,포인트결제,식음료,20572.0,서울,40대,성공
2024-06-30 12:05:00,U002176,계좌이체,식음료,21124.0,경남,40대,성공
2024-12-29 13:51:00,U000284, 신용카드 ,식음료,18491.0,경기,40대,성공
2024-03-06 12:59:00,U000780,신용카드,기타,11372.0,충남,,성공
2024-03-04 09:30:00,U001348,신용카드,쇼핑,65230.0,전남,30대,성공
2024/09/27 15:00,U003973,체크카드,문화/여가,76389.0,경기,20대,성공
2024-11-12 05:13:00,U002113,신용카드,식음료,15734.0,서울,40대,실패
2024-04-27 19:30:00,U003358,체크카드,식음료,6820.0,부산,40대,성공
2024-11-13 15:49:00,U000545,휴대폰결제,쇼핑,31952.0,경남,20대,성공
2024/09/12 01:20,U003971,신용카드,기타,27608.0,,40대,실패
2024-09-16 18:43:00,U000692,신용카드,쇼핑,11804.0,강원,40대,성공
2024/09/30 18:28,U000821,신용카드,문화/여가,,서울,20대,성공
2024-05-12 11:20:00,U003065,신용카드,공과금,100358.0,서울,30대,성공
2024-12-25 13:52:00,U000661,포인트결제,공과금,93252.0,경남,30대,성공
2024/09/12 12:20,U002626,신용카드,식음료,2275.0,충북,20대,성공
2024-10-29 11:56:00,U001856,신용카드,식음료,13846.0,인천,20대,성공
2024-05-28 18:31:00,U003528,휴대폰결제,공과금,60058.0,서울,20대,성공
2024-02-18 13:11:00,U001703,,식음료,8259.0,인천,30대,실패
2024-12-27 20:08:00,U003091,체크카드,문화/여가,,경기,20대,성공
2024-06-16 21:18:00,U002835,신용카드,쇼핑,74168.0,경기,30대,성공
2024-11-27 18:44:00,U000339,포인트결제,의료,5570.0,경남,40대,성공
2024-04-15 17:24:00,U002971,체크카드,식음료,60179.0,경기,50대,성공
2024-03-16 21:38:00,U000909,신용카드,공과금,39335.0,,20대,성공
2024-05-13 20:28:00,U001873,신용카드,의료,95622.0,경기,30대,취소
2024/08/03 13:23,U002425, 신용카드 ,쇼핑,13499.0,서울,20대,성공
2024-02-18 10:40:00,U003884,포인트결제,교육,91438.0,경기,40대,성공
2024-10-08 15:24:00,U001974,신용카드,문화/여가,59879.0,경기,30대,성공
2024-02-25 20:02:00,U000386,체크카드,식음료,26055.0,,20대,성공
2024-01-01 13:49:00,U001160,신용카드,의료,70601.0,서울,30대,성공
2024-01-09 20:10:00,U001137, 신용카드 ,공과금,76545.0,서울,20대,성공
2024-01-14 06:03:00,U003324,포인트결제,쇼핑,93451.0,서울,30대,성공
2024-07-09 16:30:00,U003869,신용카드,의료,42480.0,대구,30대,성공
2024-07-18 19:33:00,U002251,휴대폰결제,쇼핑,12953.0,충남,20대,성공
2024-10-01 16:56:00,U003317,,기타,9327.0,서울,40대,실패
2024-07-25 06:45:00,U002945,신용카드,쇼핑,84425.0,서울,,성공
2024/04/19 20:43,U002359,신용카드,식음료,,광주,30대,성공
2024-11-01 18:11:00,U003037,포인트결제,기타,5690.0,서울,20대,성공
2024-03-22 20:55:00,U003822,,문화/여가,58286.0,서울,50대,성공
2024/09/16 15:45,U003902,체크카드,문화/여가,24460.0,서울,50대,성공
2024-12-10 04:36:00,U003883,신용카드,쇼핑,72267.0,서울,30대,성공
2024-07-15 19:17:00,U002057,신용카드,교통,3059.0,서울,,성공
2024-10-11 15:05:00,U000449,포인트결제,교통,4101.0,서울,30대,성공
2024-09-14 09:39:00,U002206,신용카드,쇼핑,8736.0,인천,30대,성공
2024-10-05 18:50:00,U002556,체크카드,의료,20914.0,울산,,성공
2024/02/07 10:48,U003236,체크카드,공과금,25992.0,서울,10대,성공
2024-12-22 16:11:00,U002428,신용카드,식음료,21589.0,인천,30대,성공
2024-11-11 10:00:00,U003446,신용카드,교육,230572.0,서울,60대 이상,성공
2024-11-02 06:17:00,U002198,포인트결제,의료,118694.0,광주,20대,성공
2024-05-22 19:01:00,U002445,신용카드,기타,13783.0,세종,60대 이상,성공
2024/03/19 22:22,U002416,신용카드,교통,3461.0,경북,50대,취소
2024-10-22 19:51:00,U002195,신용카드,식음료,19659.0,서울,20대,성공
2024-12-22 02:19:00,U001593,신용카드,여행,397421.0,울산,10대,성공
2024-01-04 15:04:00,U002233,체크카드,교통,6896.0,서울,40대,성공
2024-04-17 11:44:00,U001422,체크카드,기타,22683.0,대구,40대,성공
2024-11-08 18:04:00,U002814,신용카드,공과금,36709.0,경남,60대 이상,성공
2024-05-08 13:34:00,U003341,신용카드,공과금,77548.0,대구,40대,성공
2024-05-20 21:23:00,U000899,체크카드,식음료,9635.0,전남,30대,성공
2024-04-09 15:57:00,U003015,체크카드,여행,48479.0,경기,40대,성공
2024-02-29 12:48:00,U002391,신용카드,쇼핑,64910.0,경기,20대,성공
2024/10/20 17:38,U003907,계좌이체,쇼핑,,서울,30대,성공
2024-12-18 11:37:00,U002690,계좌이체,쇼핑,32103.0,경기,30대,성공
2024-03-07 22:59:00,U002264,포인트결제,교통,5084.0,서울,40대,성공
2024-04-02 00:29:00,U000627,포인트결제,의료,57935.0,경남,40대,성공
2024-02-22 16:15:00,U003811,체크카드,기타,14578.0,경기,,성공
2024-08-23 07:59:00,U003159,체크카드,식음료,22412.0,경기,50대,성공
2024-03-14 08:03:00,U002309,신용카드,쇼핑,,서울,10대,성공
2024-09-16 21:16:00,U003202,계좌이체,교육,107833.0,경기,40대,성공
2024-12-07 11:02:00,U000582,신용카드,공과금,85327.0,,40대,성공
2024-02-08 18:37:00,U001275, 신용카드 ,여행,425480.0,인천,40대,성공
2024-01-09 08:45:00,U000081,체크카드,쇼핑,69976.0,서울,50대,취소
2024-07-10 13:06:00,U003392,계좌이체,기타,19732.0,,,성공
2024-04-08 14:18:00,U002132,신용카드,식음료,24228.0,경기,30대,성공
2024-07-21 21:43:00,U000611,신용카드,여행,112414.0,경기,,성공
2024-12-28 19:50:00,U001277,체크카드,교육,63625.0,서울,30대,성공
2024-06-12 10:40:00,U003802,신용카드,쇼핑,21608.0,대구,,성공
2024-09-15 21:22:00,U003791,체크카드,의료,57797.0,경남,30대,실패
2024-02-14 13:33:00,U003577, 신용카드 ,쇼핑,30865.0,경기,30대,성공
2024/08/21 17:20,U003560,체크카드,식음료,,경기,50대,성공
2024-10-27 13:54:00,U002586,체크카드,공과금,24438.0,대구,40대,성공
2024-11-06 19:23:00,U001826,체크카드,교통,3262.0,강원,10대,성공
2024/06/22 15:41,U003081,신용카드,기타,6567.0,울산,20대,성공
2024-12-13 09:43:00,U001624,신용카드,식음료,21209.0,강원,20대,성공
2024-10-21 19:27:00,U001578,신용카드,식음료,17409.0,경북,40대,성공
2024-12-19 12:27:00,U003017,신용카드,쇼핑,61844.0,경기,20대,취소
2024-01-05 22:39:00,U001330,체크카드,문화/여가,13998.0,경기,20대,성공
2024-10-22 09:50:00,U000730,신용카드,쇼핑,14916.0,인천,30대,성공
2024/07/24 13:01,U000295,신용카드,교통,2191.0,부산,20대,성공
2024-08-06 15:21:00,U003487,체크카드,여행,90633.0,울산,30대,성공
2024-05-20 17:39:00,U003023,신용카드,의료,13009.0,서울,50대,실패
2024-06-20 08:33:00,U000091,계좌이체,쇼핑,68712.0,서울,40대,성공
2024-11-26 03:44:00,U000601,신용카드,공과금,45633.0,강원,20대,성공
2024-08-26 16:59:00,U003113,신용카드,교통,2138.0,부산,30대,성공
2024-10-14 09:28:00,U003829,신용카드,교통,6363.0,경남,20대,성공
2024-03-14 08:03:00,U002309,신용카드,쇼핑,,서울,10대,성공
2024-04-17 09:05:00,U000545,휴대폰결제,공과금,56837.0,서울,30대,성공
2024/10/11 09:50,U002040,,공과금,38130.0,경기,50대,성공
2024-07-21 17:20:00,U000901,계좌이체,식음료,26139.0,경기,20대,성공
2024-01-08 08:17:00,U003804,체크카드,식음료,16603.0,부산,50대,성공
2024-02-21 11:30:00,U000579,포인트결제,교통,1933.0,경기,30대,성공
2024-11-29 12:29:00,U002114,신용카드,공과금,64323.0,경기,30대,성공
2024/08/07 10:28,U002171,계좌이체,의료,72895.0,충남,50대,취소
2024-03-04 14:22:00,U002109,계좌이체,교통,3305.0,대전,40대,성공
2024-05-06 20:59:00,U001674,체크카드,교육,82706.0,세종,30대,성공
2024-04-13 23:45:00,U001079,계좌이체,식음료,14112.0,전북,30대,성공
2024-05-01 11:58:00,U002931,포인트결제,교통,3728.0,경기,60대 이상,성공
2024/05/09 07:11,U001049,포인트결제,의료,62844.0,경기,40대,성공
2024-10-02 14:27:00,U003531,신용카드,쇼핑,115197.0,울산,50대,성공
2024-08-04 17:28:00,U000610,체크카드,문화/여가,36726.0,충남,,성공
2024-07-13 12:30:00,U000797,휴대폰결제,교통,2545.0,서울,30대,성공
2024-07-08 16:32:00,U001729,계좌이체,식음료,29520.0,강원,20대,성공
2024-02-15 08:45:00,U000607,체크카드,교통,6874.0,경남,40대,성공
2024-06-24 11:08:00,U000374,계좌이체,식음료,21298.0,서울,30대,성공
2024-01-19 10:20:00,U000163,체크카드,의료,54403.0,경기,20대,성공
2024/11/01 20:55,U001039,신용카드,교육,47967.0,경기,40대,성공
2024-03-05 10:40:00,U000169,신용카드,교통,2570.0,서울,20대,성공
2024-03-07 12:17:00,U000102,체크카드,쇼핑,104136.0,서울,,성공
2024-03-06 11:04:00,U000011,계좌이체,의료,,인천,30대,성공
2024-03-24 08:10:00,U002090,포인트결제,여행,604419.0,경기,10대,성공
2024-05-25 18:26:00,U003806,신용카드,쇼핑,39196.0,서울,50대,성공
2024-01-28 08:22:00,U000083,신용카드,쇼핑,134251.0,충북,30대,성공
2024-12-07 16:27:00,U003599,계좌이체,기타,24368.0,경기,40대,성공
2024-10-23 22:59:00,U003466,신용카드,교통,2340.0,서울,60대 이상,성공
2024-06-24 09:28:00,U000421,신용카드,식음료,10248.0,인천,20대,성공
2024-08-23 20:32:00,U000744,신용카드,의료,102018.0,서울,50대,성공
2024-02-07 14:55:00,U001647,포인트결제,의료,8588.0,대전,60대 이상,성공
2024-02-05 09:37:00,U001554,체크카드,쇼핑,59498.0,부산,40대,성공
2024-01-22 13:51:00,U003915,휴대폰결제,쇼핑,39499.0,대구,40대,성공
2024-12-29 08:58:00,U002377,체크카드,쇼핑,137537.0,세종,60대 이상,성공
2024-07-28 12:02:00,U002175,신용카드,쇼핑,45588.0,경기,40대,성공
2024-09-30 23:22:00,U001337,포인트결제,쇼핑,32088.0,서울,20대,취소
2024-07-08 14:30:00,U001891,신용카드,쇼핑,6839.0,경기,30대,성공
2024-06-14 16:02:00,U000113,체크카드,쇼핑,92214.0,경남,30대,실패
2024-06-23 02:25:00,U001336,계좌이체,의료,32065.0,광주,30대,성공
2024-08-11 09:15:00,U000537,체크카드,식음료,7745.0,대전,40대,성공
2024-02-24 07:25:00,U000053,신용카드,교통,4264.0,부산,50대,성공
2024-05-29 08:39:00,U001775,포인트결제,교육,128106.0,서울,40대,성공
2024-10-10 20:11:00,U002907,신용카드,식음료,13320.0,서울,20대,성공
2024-05-06 16:54:00,U000905,포인트결제,교통,555.0,경기,30대,성공
2024-08-07 18:14:00,U002512,체크카드,교통,5811.0,부산,50대,성공
2024-10-30 07:35:00,U001445,계좌이체,쇼핑,29609.0,강원,30대,성공
2024-06-17 09:31:00,U003483,계좌이체,식음료,-24968.0,서울,50대,성공
2024-03-27 19:57:00,U000420,신용카드,쇼핑,27879.0,충남,10대,성공
2024-01-18 14:32:00,U000199,체크카드,교통,1634.0,경기,20대,성공
2024-10-11 08:38:00,U000544,신용카드,교육,113685.0,울산,30대,성공
2024-06-18 12:39:00,U000454,계좌이체,교육,172847.0,서울,,성공
2024-02-10 22:02:00,U002286,신용카드,여행,76677.0,부산,60대 이상,성공
2024-04-25 12:39:00,U003527,체크카드,식음료,25092.0,부산,30대,성공
2024-12-11 08:13:00,U001966,휴대폰결제,교통,4087.0,인천,40대,성공
2024-10-13 12:35:00,U002674,,쇼핑,,충북,50대,성공
2024-01-30 15:35:00,U003897,체크카드,교육,64519.0,경기,30대,성공
2024-01-06 19:35:00,U001887,신용카드,공과금,87645.0,경기,50대,성공
2024-06-12 22:05:00,U002397,신용카드,식음료,13838.0,서울,50대,성공
2024-09-04 07:49:00,U001403,,공과금,185202.0,부산,20대,성공
2024/02/25 09:47,U001281,,쇼핑,47650.0,경기,30대,성공
2024-03-27 22:17:00,U003803,체크카드,교통,7344.0,서울,20대,성공
2024-06-01 20:04:00,U000339,계좌이체,쇼핑,73998.0,,,성공
2024-03-28 16:02:00,U001297,계좌이체,식음료,38932.0,충북,30대,성공
2024-01-17 20:58:00,U002172,신용카드,문화/여가,57846.0,서울,40대,성공
2024-09-04 18:03:00,U002415,신용카드,교통,1701.0,부산,30대,성공
2024-04-14 16:20:00,U000358,계좌이체,교통,8590.0,대구,60대 이상,성공
2024-03-03 08:52:00,U002342,체크카드,기타,24760.0,경기,30대,성공
2024-03-22 20:42:00,U002099,체크카드,공과금,55214.0,경기,30대,성공
2024-06-18 20:33:00,U001973,신용카드,쇼핑,68497.0,울산,30대,성공
2024-05-21 13:39:00,U000351,,의료,40415.0,인천,20대,성공
2024-03-19 14:03:00,U002388,계좌이체,쇼핑,42144.0,경기,20대,성공
2024-05-20 15:58:00,U000977,계좌이체,식음료,20905.0,인천,10대,성공
2024-01-10 19:39:00,U003321,휴대폰결제,공과금,26785.0,대전,,성공
2024/08/27 18:04,U000401,휴대폰결제,식음료,25536.0,충북,30대,성공
2024-11-21 15:54:00,U000531,계좌이체,식음료,5838.0,경기,40대,성공
2024-10-24 02:06:00,U001180,계좌이체,쇼핑,63224.0,세종,30대,성공
2024-01-18 02:34:00,U002275,계좌이체,교육,,인천,50대,성공
2024-09-20 13:45:00,U003597,계좌이체,문화/여가,20735.0,인천,40대,취소
2024-10-13 06:19:00,U000966,신용카드,공과금,48252.0,경기,40대,성공
2024-09-20 14:43:00,U003589,계좌이체,쇼핑,83555.0,경기,10대,성공
2024-12-11 10:47:00,U003457,신용카드,의료,86777.0,경기,50대,성공
2024/07/20 14:53,U002150, 신용카드 ,교통,3779.0,서울,30대,성공
2024-09-03 22:59:00,U002929,체크카드,식음료,24827.0,대전,60대 이상,성공
2024-07-05 18:43:00,U003941,신용카드,의료,11586.0,경기,30대,성공
2024-12-07 14:01:00,U000441,신용카드,쇼핑,32037.0,서울,30대,성공
2024/11/17 04:46,U002221,신용카드,식음료,16576.0,경기,20대,성공
2024-09-03 14:50:00,U003030,체크카드,의료,13323.0,대전,50대,성공
2024-08-08 18:06:00,U002256,체크카드,쇼핑,63120.0,강원,30대,성공
2024-09-03 16:56:00,U003861,신용카드,교육,104828.0,대전,20대,성공
2024-04-30 20:06:00,U000841,신용카드,식음료,14997.0,경기,20대,성공
2024-08-10 19:42:00,U003366,신용카드,교통,1301.0,경남,30대,성공
2024-01-11 18:56:00,U002980,신용카드,교통,926.0,,30대,성공
2024-09-30 10:21:00,U002294,계좌이체,식음료,7661.0,경기,30대,성공
2024-09-19 10:52:00,U003126,포인트결제,식음료,21109.0,울산,,성공
2024/08/07 22:34,U003349,신용카드,쇼핑,91520.0,세종,40대,성공
2024-07-12 21:30:00,U003336,계좌이체,교통,2484.0,경남,,성공
2024-09-13 11:03:00,U001661,휴대폰결제,쇼핑,16852.0,서울,60대 이상,성공
2024-09-21 13:59:00,U002573,체크카드,교통,1104.0,경기,30대,성공
2024-08-07 07:05:00,U002529,신용카드,식음료,33435.0,울산,20대,취소
2024-05-07 17:03:00,U003693,신용카드,교육,113324.0,충남,30대,성공
2024-01-29 16:53:00,U000936,체크카드,의료,13564.0,서울,20대,성공
2024/12/18 18:23,U001008,신용카드,쇼핑,109307.0,경남,30대,성공
2024-08-23 09:53:00,U000834,체크카드,교통,8073.0,경기,,성공
2024-05-27 23:33:00,U000625,신용카드,기타,31924.0,서울,30대,성공
2024-08-31 16:54:00,U002065,체크카드,의료,36807.0,경기,60대 이상,성공
2024-02-24 14:15:00,U001242,휴대폰결제,의료,104864.0,서울,40대,성공
2024-10-08 06:55:00,U002076,계좌이체,공과금,62055.0,인천,30대,취소
2024/01/30 18:21,U003877,포인트결제,교육,273047.0,충남,20대,성공
2024-09-08 11:17:00,U003499,포인트결제,쇼핑,57529.0,대전,20대,성공
2024/09/25 07:35,U003207,계좌이체,교통,2714.0,제주,40대,성공
2024-02-14 15:56:00,U003960,계좌이체,공과금,92863.0,서울,20대,성공
2024/09/12 13:26,U001704,체크카드,교통,1464.0,경남,20대,성공
2024-03-22 13:53:00,U002588,체크카드,기타,21701.0,경기,40대,성공
2024-07-12 11:18:00,U001192,신용카드,식음료,34352.0,서울,30대,성공
2024/10/28 10:02,U003272,체크카드,기타,14322.0,경남,50대,성공
2024-11-07 19:59:00,U001019,체크카드,여행,272106.0,서울,40대,성공
2024/02/12 13:08,U001318,포인트결제,문화/여가,34729.0,경북,50대,성공
2024-04-08 23:02:00,U002964,휴대폰결제,교통,3530.0,서울,30대,성공
2024-03-06 10:12:00,U003635,신용카드,쇼핑,121518.0,충남,30대,성공
2024-12-20 20:00:00,U002107,신용카드,문화/여가,46472.0,경기,30대,성공
2024-01-16 17:39:00,U000106,신용카드,교육,186964.0,울산,30대,성공
2024/10/19 22:49,U001436,계좌이체,기타,68727.0,부산,50대,성공
2024-09-21 12:18:00,U002168,신용카드,식음료,20153.0,서울,20대,성공
2024-07-21 22:45:00,U002745,휴대폰결제,기타,26443.0,광주,30대,성공
2024-09-02 20:30:00,U000039,포인트결제,문화/여가,5019.0,서울,40대,성공
2024-01-07 16:45:00,U001691,계좌이체,기타,32658.0,경남,30대,성공
2024-07-23 11:25:00,U000928,신용카드,공과금,5706.0,서울,30대,성공
2024/12/05 10:17,U002144,체크카드,교통,3586.0,울산,20대,성공
2024-03-06 16:20:00,U003885,계좌이체,쇼핑,42769.0,경기,40대,취소
2024-01-11 09:14:00,U003978,휴대폰결제,교통,989.0,부산,30대,성공
2024-03-12 09:24:00,U003828,체크카드,교육,47867.0,경기,40대,성공
2024-12-25 10:26:00,U003709,포인트결제,쇼핑,42625.0,제주,30대,성공
2024/01/25 10:54,U001328,,의료,58603.0,서울,30대,성공
2024-07-04 12:56:00,U000002,계좌이체,문화/여가,22935.0,서울,40대,성공
2024-08-23 20:58:00,U002151,신용카드,식음료,7183.0,서울,20대,성공
2024-02-11 19:36:00,U000871,휴대폰결제,교통,2243.0,경기,30대,성공
2024-03-04 10:22:00,U003183,계좌이체,문화/여가,14922.0,서울,20대,실패
2024-08-13 11:42:00,U000107,신용카드,문화/여가,51796.0,충북,30대,성공
2024-05-21 18:08:00,U002570,포인트결제,쇼핑,67490.0,인천,40대,성공
2024-09-13 18:22:00,U002107,,교육,112499.0,경기,60대 이상,성공
2024-02-15 09:30:00,U002575,신용카드,쇼핑,91469.0,서울,30대,성공
2024-05-14 21:04:00,U003184,신용카드,식음료,21161.0,부산,20대,실패
2024-03-21 08:21:00,U003994,체크카드,문화/여가,21219.0,부산,20대,성공
2024/06/20 12:05,U003850,체크카드,쇼핑,13617.0,경기,,성공
2024-09-18 19:11:00,U000107, 신용카드 ,식음료,30363.0,경기,30대,실패
2024-02-24 18:44:00,U000138, 신용카드 ,문화/여가,27623.0,충북,20대,성공
2024-06-07 11:54:00,U003733,체크카드,공과금,84428.0,전북,40대,성공
2024/02/11 17:21,U001096,체크카드,식음료,19074.0,강원,30대,성공
2024-11-12 11:32:00,U003102,계좌이체,식음료,10518.0,경기,40대,성공
2024/02/08 08:20,U003370,포인트결제,공과금,82886.0,대전,30대,성공
2024-10-21 10:16:00,U001268,체크카드,쇼핑,23996.0,서울,40대,성공
2024-06-23 10:11:00,U001774,신용카드,문화/여가,8795.0,부산,40대,성공
2024-10-03 12:52:00,U003601,신용카드,공과금,84200.0,경남,20대,성공
2024-01-01 09:15:00,U003544,,공과금,42906.0,서울,40대,성공
2024-09-05 17:54:00,U000811, 신용카드 ,의료,75537.0,경기,,성공
2024-12-21 16:54:00,U000505,포인트결제,교통,4821.0,경기,20대,실패
2024/02/26 15:32,U003895,신용카드,식음료,9655.0,서울,40대,성공
2024-03-27 19:56:00,U002312,포인트결제,공과금,213270.0,대전,20대,성공
2024-06-22 10:52:00,U003881, 신용카드 ,식음료,10999.0,서울,20대,성공
2024-09-19 20:53:00,U003976,휴대폰결제,공과금,113184.0,,40대,성공
2024-08-31 02:37:00,U000683,신용카드,기타,23391.0,서울,30대,성공
2024-11-21 05:30:00,U000945,신용카드,문화/여가,9960.0,서울,40대,성공
2024-03-22 20:53:00,U003618,체크카드,문화/여가,70366.0,경기,40대,성공
2024-09-15 13:26:00,U003622,신용카드,의료,29906.0,경기,40대,성공
2024-11-22 20:41:00,U003541,신용카드,여행,355913.0,부산,50대,성공
2024-08-26 11:26:00,U000283,휴대폰결제,문화/여가,31547.0,경남,20대,취소
2024/07/31 00:16,U000282,체크카드,기타,20810.0,부산,30대,성공
2024-01-08 21:36:00,U001268,신용카드,교통,4538.0,,20대,성공
2024-11-29 22:46:00,U002928,휴대폰결제,식음료,,인천,30대,성공
2024/03/25 13:29,U003697,신용카드,공과금,12250.0,부산,50대,성공
2024-12-02 20:05:00,U003221,계좌이체,식음료,10184.0,부산,20대,성공
2024-12-16 21:09:00,U003141,,쇼핑,80505.0,경기,40대,성공
2024-06-09 12:32:00,U002157,포인트결제,쇼핑,22250.0,서울,20대,성공
2024-05-19 16:51:00,U000764,신용카드,식음료,26816.0,충북,30대,성공
2024-02-04 12:58:00,U000413,,쇼핑,70993.0,서울,30대,성공
2024-08-28 15:39:00,U000822,신용카드,교통,5897.0,서울,20대,성공
2024-05-13 09:56:00,U002681,신용카드,문화/여가,8215.0,광주,50대,성공
2024-08-31 10:59:00,U000416,신용카드,기타,51391.0,서울,40대,성공
2024-03-26 18:59:00,U001617,체크카드,쇼핑,7362.0,충남,40대,성공
2024-09-25 15:50:00,U000502,계좌이체,기타,18630.0,부산,40대,성공
2024-10-18 04:17:00,U000526,계좌이체,의료,133802.0,인천,40대,성공
2024-10-19 22:38:00,U002432,휴대폰결제,식음료,16513.0,제주,50대,실패
2024/07/21 19:29,U003256,신용카드,식음료,12909.0,전북,30대,성공
2024-02-22 12:32:00,U002510,체크카드,식음료,17457.0,서울,10대,성공
2024-02-24 07:45:00,U002549,신용카드,문화/여가,45005.0,전북,60대 이상,성공
2024-02-12 18:44:00,U000077,신용카드,식음료,56908.0,서울,40대,성공
2024-05-10 22:38:00,U001406,신용카드,공과금,72718.0,전남,50대,성공
2024-09-27 15:51:00,U003216,신용카드,여행,400950.0,인천,20대,성공
2024-10-23 09:13:00,U003135,신용카드,문화/여가,37362.0,경북,30대,성공
2024-10-20 11:33:00,U002962,휴대폰결제,쇼핑,41593.0,경기,,성공
2024-05-04 15:37:00,U001411,신용카드,여행,200914.0,서울,30대,성공
2024/01/15 13:19,U000588,신용카드,쇼핑,,경남,10대,성공
2024/06/05 12:51,U002476,신용카드,식음료,17783.0,경기,,성공
2024-09-08 11:31:00,U003561,계좌이체,문화/여가,54520.0,경기,,성공
2024-11-11 14:12:00,U001538,신용카드,공과금,106786.0,전북,30대,성공
2024-07-19 20:40:00,U003886,신용카드,교통,4850.0,경기,20대,성공
2024-04-24 18:53:00,U003555,체크카드,쇼핑,46571.0,경기,,성공
2024/04/13 12:37,U003584,신용카드,쇼핑,96578.0,경기,30대,성공
2024-06-29 21:15:00,U003851,체크카드,의료,27044.0,경기,60대 이상,성공
2024-08-27 14:33:00,U000176,체크카드,의료,38999.0,대전,50대,성공
2024-05-18 16:11:00,U001756,신용카드,식음료,52574.0,경기,,성공
2024-09-16 07:24:00,U000001,휴대폰결제,의료,35389.0,경기,20대,성공
2024-01-17 22:20:00,U002193,계좌이체,교통,779.0,서울,30대,성공
2024/02/16 15:22,U001119,,쇼핑,103399.0,세종,50대,성공
2024-01-03 13:20:00,U000100,휴대폰결제,식음료,21380.0,경기,30대,성공
2024-04-30 21:51:00,U003164,체크카드,식음료,30601.0,경기,30대,성공
2024-11-13 12:21:00,U003396,신용카드,교통,3595.0,대구,30대,성공
2024/05/15 07:51,U002125,신용카드,식음료,,경남,30대,성공
2024-09-06 19:22:00,U001560,신용카드,쇼핑,86988.0,대구,40대,성공
2024-07-23 09:18:00,U002939,계좌이체,공과금,29376.0,서울,50대,성공
2024-06-12 13:28:00,U003156,계좌이체,공과금,116597.0,경기,10대,성공
2024-03-17 21:28:00,U003831,계좌이체,식음료,9299.0,서울,30대,성공
2024-05-16 08:44:00,U003707,휴대폰결제,여행,,전북,40대,성공
2024-02-29 09:05:00,U003026, 신용카드 ,문화/여가,47328.0,대구,,성공
2024/02/25 21:26,U002628,신용카드,교육,58442.0,경기,60대 이상,성공
2024/05/06 19:19,U003006, 신용카드 ,교통,3162.0,서울,50대,실패
2024-07-04 10:03:00,U001917,신용카드,문화/여가,18028.0,서울,10대,성공
2024-04-29 14:53:00,U000623,체크카드,여행,289560.0,경기,10대,성공
2024-06-24 10:07:00,U002793,신용카드,쇼핑,186434.0,경기,20대,성공
2024-09-11 21:35:00,U003892,계좌이체,여행,381555.0,서울,30대,성공
2024-04-14 11:49:00,U003143,체크카드,교육,52057.0,경기,30대,성공
2024-07-04 11:37:00,U000094,휴대폰결제,식음료,10962.0,서울,20대,성공
2024-03-09 09:24:00,U000634,체크카드,기타,17185.0,서울,10대,실패
2024-09-28 08:11:00,U001526,체크카드,문화/여가,15933.0,경기,,성공
2024-06-18 18:10:00,U003645,신용카드,의료,,전남,20대,성공
2024-06-27 08:44:00,U002500,계좌이체,쇼핑,32454.0,서울,20대,성공
2024-07-25 11:51:00,U001584,체크카드,쇼핑,12857.0,서울,20대,성공
2024-12-08 13:15:00,U002557,체크카드,기타,13656.0,서울,20대,성공
2024/02/01 08:45,U003154,체크카드,공과금,19199.0,서울,20대,실패
2024/12/12 20:29,U002286,체크카드,공과금,41756.0,경기,,실패
2024-07-04 13:10:00,U002706,계좌이체,식음료,72832.0,인천,20대,성공
2024-09-19 11:35:00,U003892,체크카드,식음료,6219.0,광주,50대,실패
2024-07-08 23:49:00,U000769,신용카드,쇼핑,58707.0,경기,30대,성공
2024/05/02 23:39,U001650,체크카드,식음료,8691.0,경기,40대,성공
2024-11-21 20:27:00,U001885,신용카드,식음료,16959.0,경기,20대,성공
2024-08-18 20:36:00,U002872,신용카드,식음료,12739.0,충남,30대,성공
2024-09-05 21:06:00,U003768,체크카드,쇼핑,34462.0,경남,30대,성공
2024-12-20 18:18:00,U001927,계좌이체,기타,63592.0,경기,,성공
2024/02/24 11:47,U000347,계좌이체,교통,2695.0,전북,20대,성공
2024-07-01 06:37:00,U000686,계좌이체,의료,20367.0,서울,30대,실패
2024-05-31 21:11:00,U003905,체크카드,쇼핑,38858.0,경기,20대,성공
2024-01-08 15:04:00,U000616,포인트결제,의료,15832.0,경기,30대,성공
2024-11-11 20:08:00,U003489,신용카드,공과금,79776.0,인천,20대,성공
2024-06-21 22:27:00,U002201,신용카드,쇼핑,18250.0,부산,20대,성공
2024-07-02 09:43:00,U000874,체크카드,교육,252708.0,충남,40대,성공
2024-11-28 14:22:00,U003274,체크카드,여행,81016.0,대구,,성공
2024-05-13 12:33:00,U001652, 신용카드 ,교육,117463.0,경기,30대,성공
2024-02-03 18:37:00,U001594,신용카드,기타,26544.0,경남,20대,성공
2024-05-20 06:39:00,U002399,계좌이체,쇼핑,46783.0,인천,20대,성공
2024-10-07 02:36:00,U003223,신용카드,식음료,26220.0,서울,30대,성공
2024/08/14 10:51,U002532,계좌이체,쇼핑,49311.0,서울,,성공
2024-06-03 17:52:00,U003151,신용카드,쇼핑,143132.0,제주,40대,성공
2024/02/18 19:41,U002878,신용카드,쇼핑,32892.0,서울,20대,취소
2024-04-09 08:39:00,U002568,계좌이체,식음료,22026.0,인천,10대,성공
2024-02-12 09:16:00,U003135,신용카드,교육,31438.0,경기,20대,성공
2024-10-03 11:41:00,U000101,신용카드,문화/여가,29673.0,경남,,성공
2024-07-20 18:31:00,U003001,체크카드,식음료,31927.0,대전,50대,성공
2024-09-12 21:48:00,U000861,체크카드,의료,15977.0,경기,50대,성공
2024-08-20 17:17:00,U003446,신용카드,교통,12531.0,경기,20대,성공
2024/03/14 16:11,U001404,신용카드,문화/여가,35081.0,경북,60대 이상,성공
2024-10-17 18:43:00,U002247,체크카드,교통,2282.0,서울,40대,성공
2024-11-08 08:58:00,U003088,계좌이체,기타,17014.0,부산,30대,실패
2024-08-20 22:38:00,U001646,포인트결제,문화/여가,24457.0,경기,10대,성공
2024-04-18 20:31:00,U001785,신용카드,쇼핑,22294.0,대전,20대,성공
2024/12/19 21:56,U002621,포인트결제,여행,581009.0,광주,20대,성공
2024-09-25 17:29:00,U002066,신용카드,의료,30991.0,서울,10대,성공
2024-01-20 01:21:00,U001711,신용카드,문화/여가,21166.0,제주,30대,성공
2024-11-01 00:32:00,U002286,신용카드,식음료,17587.0,서울,40대,성공
2024/08/18 20:52,U002853,계좌이체,교통,1359.0,서울,10대,성공
2024-06-02 06:47:00,U003852,신용카드,쇼핑,40940.0,대전,20대,성공
2024-04-21 22:59:00,U000444,휴대폰결제,기타,15705.0,서울,30대,성공
2024/07/17 07:01,U003581,신용카드,쇼핑,43491.0,경북,40대,성공
2024-09-14 11:45:00,U000517,,식음료,7333.0,대구,20대,성공
2024-07-31 12:14:00,U002621,계좌이체,쇼핑,24789.0,인천,30대,성공
2024-09-01 07:15:00,U002905,신용카드,기타,15180.0,경기,20대,성공
2024-04-20 12:45:00,U001422,계좌이체,식음료,3711.0,울산,20대,성공
2024-06-18 15:44:00,U002431,체크카드,식음료,39823.0,경기,60대 이상,성공
2024/01/26 18:54,U003923,포인트결제,식음료,5638.0,경기,10대,성공
2024-06-18 12:34:00,U002767,신용카드,문화/여가,35747.0,경기,40대,성공
2024/07/03 12:26,U001297,신용카드,교통,2227.0,서울,20대,성공
2024-07-25 08:37:00,U003367,체크카드,쇼핑,130062.0,경기,40대,성공
2024-07-30 20:21:00,U000390,체크카드,교육,14231.0,서울,30대,성공
2024-11-13 14:56:00,U002617,계좌이체,식음료,11333.0,인천,50대,성공
2024-03-06 18:16:00,U003049,계좌이체,기타,7759.0,대전,30대,성공
2024/12/14 18:19,U003721,휴대폰결제,교육,67663.0,서울,30대,성공
2024-10-07 21:49:00,U000295,신용카드,기타,39343.0,서울,,성공
2024/02/28 08:30,U003170,체크카드,여행,350470.0,,50대,성공
2024-04-20 10:44:00,U003160,체크카드,식음료,29277.0,서울,30대,성공
2024-09-05 16:31:00,U001991,신용카드,여행,136381.0,인천,50대,성공
2024-12-15 12:26:00,U000624,신용카드,기타,2774.0,경기,60대 이상,성공
2024-03-09 22:52:00,U002480, 신용카드 ,식음료,18338.0,전북,30대,성공
2024-11-10 12:09:00,U001279,체크카드,여행,217713.0,부산,30대,성공
2024-07-12 15:43:00,U000427,체크카드,공과금,44498.0,,40대,성공
2024-08-31 21:52:00,U001342,신용카드,쇼핑,54310.0,인천,30대,실패
2024-10-12 13:36:00,U000211,신용카드,식음료,6731.0,울산,10대,성공
2024-03-28 20:48:00,U003067,계좌이체,기타,15214.0,경기,,성공
2024-08-31 14:57:00,U002897,포인트결제,공과금,69109.0,경기,60대 이상,성공
2024-11-04 12:52:00,U003519,신용카드,식음료,16189.0,서울,20대,성공
2024-02-15 10:52:00,U000721,계좌이체,쇼핑,41517.0,서울,60대 이상,성공
2024-07-17 10:27:00,U003486,신용카드,쇼핑,4174.0,광주,10대,성공
2024-12-30 22:58:00,U003737,체크카드,식음료,35094.0,경기,60대 이상,성공
2024-02-24 02:01:00,U003646,,공과금,104513.0,강원,30대,성공
2024-06-14 08:40:00,U002683,신용카드,식음료,11461.0,대전,30대,성공
2024-11-11 13:16:00,U000783,체크카드,쇼핑,90121.0,경기,20대,성공
2024-03-04 16:49:00,U003484,계좌이체,교통,5763.0,경기,,성공
2024-07-05 19:33:00,U003173,계좌이체,교통,2607.0,서울,50대,성공
2024-01-17 20:30:00,U000380,신용카드,쇼핑,34362.0,부산,20대,성공
2024-08-11 12:56:00,U003576,,여행,250745.0,경기,30대,성공
2024-08-09 19:34:00,U001982,체크카드,식음료,9801.0,경남,,성공
2024-08-09 09:42:00,U002152,체크카드,기타,23580.0,경기,20대,성공
2024-06-25 20:59:00,U001395,신용카드,문화/여가,22127.0,서울,20대,성공
2024-10-17 12:29:00,U003137,휴대폰결제,의료,27261.0,서울,40대,성공
2024-06-26 08:24:00,U000297,계좌이체,식음료,9647.0,경기,30대,성공
2024-09-03 14:59:00,U002755, 신용카드 ,의료,22530.0,부산,30대,성공
2024/09/22 18:13,U001734,신용카드,기타,5648.0,서울,20대,성공
2024-01-04 12:09:00,U002584,신용카드,기타,9568.0,제주,,성공
2024-02-02 11:10:00,U001703, 신용카드 ,공과금,60817.0,경기,20대,성공
2024-02-01 19:35:00,U001463, 신용카드 ,식음료,8289.0,경기,60대 이상,취소
2024-10-13 12:57:00,U000644,체크카드,쇼핑,6358.0,인천,,성공
2024-10-13 12:05:00,U001200,신용카드,쇼핑,11743.0,서울,20대,성공
2024-01-08 09:27:00,U003356,계좌이체,쇼핑,127743.0,세종,50대,성공
2024-09-19 11:40:00,U000931,,쇼핑,53597.0,경기,,취소
2024/07/16 21:57,U002736,휴대폰결제,문화/여가,15118.0,광주,30대,성공
2024-11-06 15:21:00,U000619,계좌이체,여행,166677.0,서울,30대,실패
2024-02-16 23:27:00,U000589,체크카드,공과금,81422.0,경기,50대,성공
2024-02-26 16:41:00,U000254,체크카드,기타,10342.0,경남,30대,성공
2024-03-29 23:16:00,U000212,포인트결제,문화/여가,43333.0,인천,30대,성공
2024-05-23 00:58:00,U002184, 신용카드 ,공과금,117572.0,경기,40대,성공
2024-05-11 18:58:00,U001412,신용카드,문화/여가,100281.0,인천,20대,성공
2024-05-10 16:19:00,U001100,포인트결제,쇼핑,75169.0,경기,50대,성공
2024-04-25 00:22:00,U001546,체크카드,식음료,19193.0,인천,30대,성공
2024/03/17 23:08,U002423,신용카드,쇼핑,18650.0,서울,30대,성공
2024-07-18 06:29:00,U000147,신용카드,교통,2239.0,충남,40대,성공
2024-02-19 16:31:00,U001255,휴대폰결제,식음료,23210.0,전남,60대 이상,성공
2024-04-23 02:44:00,U001125,체크카드,공과금,60985.0,인천,30대,성공
2024-02-20 07:39:00,U000148,신용카드,문화/여가,112544.0,제주,20대,성공
2024/04/06 12:19,U001861,신용카드,의료,13842.0,경기,20대,성공
2024-11-07 21:32:00,U001027,신용카드,교육,102670.0,부산,40대,성공
2024-01-21 12:03:00,U000706, 신용카드 ,교통,4016.0,서울,50대,성공
2024/01/22 13:10,U002695,계좌이체,기타,15040.0,대구,50대,성공
2024-06-07 19:03:00,U001712,신용카드,의료,118353.0,제주,50대,성공
2024-06-09 23:26:00,U003807,포인트결제,쇼핑,47609.0,경기,20대,성공
2024-01-15 12:51:00,U001791,신용카드,공과금,68757.0,서울,,실패
2024/03/15 18:56,U003219,신용카드,쇼핑,124454.0,부산,40대,성공
2024-04-23 21:54:00,U000294,계좌이체,기타,50172.0,서울,40대,성공
2024-03-17 02:14:00,U001301,신용카드,식음료,53776.0,인천,40대,성공
2024-08-10 20:08:00,U001416,체크카드,교통,500.0,충남,40대,성공
2024-10-13 11:38:00,U001340,계좌이체,여행,19507.0,부산,10대,성공
2024-06-27 10:51:00,U000333,신용카드,쇼핑,75121.0,경기,40대,성공
2024-02-12 22:46:00,U001063,체크카드,쇼핑,95569.0,강원,30대,실패
2024-11-28 15:22:00,U000613,신용카드,교육,60254.0,서울,20대,성공
2024-03-31 19:47:00,U000592,신용카드,쇼핑,15023.0,경남,50대,성공
2024-06-04 18:01:00,U002947,신용카드,교통,,서울,30대,성공
2024-06-07 09:34:00,U000720,계좌이체,교육,141685.0,경기,40대,취소
2024-02-17 20:39:00,U003589,신용카드,쇼핑,45827.0,대구,,성공
2024-01-15 10:11:00,U000908,신용카드,의료,7609.0,서울,20대,성공
2024-11-08 08:54:00,U001134,포인트결제,의료,40551.0,경기,40대,성공
2024/02/15 18:52,U003671,포인트결제,교통,1513.0,경기,20대,성공
2024-08-23 17:27:00,U003974,신용카드,식음료,3707.0,경남,30대,성공
2024-08-26 10:25:00,U003285, 신용카드 ,문화/여가,13291.0,경기,30대,실패
2024-04-29 21:05:00,U003423,체크카드,교육,87019.0,,20대,성공
2024/10/08 20:38,U000728,신용카드,쇼핑,21873.0,경북,50대,성공
2024-12-03 16:32:00,U002306,체크카드,공과금,225426.0,서울,30대,성공
2024-10-20 09:41:00,U001098,신용카드,교통,3496.0,전북,30대,성공
2024-02-16 17:57:00,U001734,신용카드,공과금,56991.0,울산,30대,성공
2024-03-04 11:23:00,U003200,휴대폰결제,식음료,4838.0,서울,60대 이상,성공
2024-10-30 10:47:00,U001141,신용카드,문화/여가,13492.0,경기,20대,성공
2024-09-30 22:50:00,U001283,체크카드,식음료,44359.0,제주,20대,성공
2024-06-09 16:45:00,U001758,체크카드,식음료,10409.0,대구,,성공
2024-08-25 07:15:00,U001759,체크카드,문화/여가,30839.0,제주,30대,성공
2024-08-19 13:20:00,U000684,체크카드,기타,22315.0,,40대,성공
2024-03-18 09:14:00,U000363,신용카드,여행,177576.0,서울,20대,성공
2024-03-16 08:12:00,U000408,휴대폰결제,의료,50188.0,인천,20대,성공
2024-03-21 19:33:00,U002945,신용카드,공과금,32396.0,경북,50대,성공
2024-01-27 18:39:00,U001594,,기타,27949.0,광주,,성공
2024-01-11 03:54:00,U000550,포인트결제,식음료,10162.0,제주,50대,성공
2024-01-09 17:00:00,U001585,계좌이체,식음료,21139.0,서울,30대,성공
2024-02-10 13:16:00,U000962,포인트결제,의료,40390.0,서울,50대,성공
2024-03-07 13:21:00,U002120,신용카드,쇼핑,37772.0,서울,20대,성공
2024-05-16 20:04:00,U003640,신용카드,여행,89596.0,경기,10대,성공
2024-07-01 14:39:00,U001042,계좌이체,식음료,,서울,40대,실패
2024-09-08 21:48:00,U002640,신용카드,교통,3790.0,인천,,성공
2024-06-18 18:50:00,U001376,신용카드,쇼핑,69093.0,부산,20대,성공
2024-12-11 19:32:00,U002891,신용카드,문화/여가,22795.0,경기,40대,성공
2024-03-18 08:23:00,U003886,신용카드,식음료,10175.0,서울,20대,성공
2024-10-02 11:50:00,U000376,휴대폰결제,문화/여가,38164.0,서울,,성공
2024-02-25 15:03:00,U000025,계좌이체,교육,25315.0,서울,20대,성공
2024-12-22 15:33:00,U001085,신용카드,교육,133085.0,충북,30대,실패
2024-07-10 13:28:00,U002363,계좌이체,교통,1661.0,경기,40대,성공
2024/01/18 15:13,U000861,신용카드,쇼핑,36902.0,경기,20대,성공
2024-10-17 06:25:00,U002252,체크카드,식음료,10803.0,서울,,성공
2024-09-11 21:47:00,U000609,휴대폰결제,교통,3575.0,대구,30대,성공
2024-10-01 20:59:00,U001658,포인트결제,문화/여가,31238.0,부산,40대,성공
2024/12/11 19:49,U002167,신용카드,교통,4003.0,인천,50대,성공
2024-06-30 22:41:00,U000003,체크카드,식음료,8722.0,,50대,성공
2024-12-09 11:10:00,U003179, 신용카드 ,쇼핑,35990.0,인천,20대,성공
2024-01-12 18:01:00,U001116,휴대폰결제,식음료,31435.0,경기,40대,성공
2024-01-20 01:37:00,U000103,체크카드,쇼핑,64278.0,강원,30대,성공
2024/03/05 11:30,U000457,신용카드,식음료,17725.0,전북,30대,성공
2024-12-06 11:24:00,U002991,신용카드,공과금,53933.0,부산,30대,성공
2024-08-31 19:32:00,U000845,체크카드,식음료,8598.0,서울,40대,실패
2024-05-31 22:05:00,U003328,포인트결제,문화/여가,22912.0,서울,,성공
2024-02-08 11:12:00,U002909,계좌이체,쇼핑,82120.0,대전,,성공
2024-12-19 15:15:00,U002520,체크카드,교통,913.0,서울,30대,성공
2024-05-22 18:54:00,U002990,체크카드,쇼핑,36011.0,서울,40대,성공
2024-03-20 18:52:00,U000381,신용카드,식음료,3704.0,충남,30대,성공
2024-10-25 18:31:00,U002675,체크카드,교통,5022.0,경북,20대,성공
2024-12-27 18:28:00,U003391,휴대폰결제,의료,21034.0,서울,40대,실패
2024-06-17 19:24:00,U002651,신용카드,공과금,62369.0,서울,40대,성공
2024-03-30 15:32:00,U000274,계좌이체,쇼핑,51847.0,,50대,성공
2024-12-05 13:59:00,U003266,신용카드,식음료,2451.0,경기,40대,성공
2024-07-19 19:18:00,U001019,신용카드,공과금,91977.0,경기,30대,성공
2024-08-10 19:50:00,U003504,신용카드,교통,5268.0,경기,40대,성공
2024-01-28 10:27:00,U001367,신용카드,식음료,14630.0,서울,20대,성공
2024-04-06 00:03:00,U000729,신용카드,기타,16294.0,경기,,성공
2024-12-06 07:10:00,U002476,계좌이체,기타,10688.0,인천,40대,성공
2024-07-07 17:03:00,U000192,신용카드,식음료,18053.0,서울,30대,성공
2024-01-04 09:38:00,U003827,신용카드,교육,177580.0,서울,30대,성공
2024-05-13 10:48:00,U003688,신용카드,의료,29224.0,강원,30대,성공
2024-01-08 17:39:00,U000510,계좌이체,문화/여가,37751.0,경기,30대,성공
2024-03-28 13:17:00,U002061,신용카드,교통,5639.0,전남,40대,성공
2024-02-16 15:15:00,U001659,신용카드,쇼핑,92119.0,서울,30대,성공
2024/02/09 22:55,U001465,체크카드,식음료,27492.0,서울,60대 이상,성공
2024-03-12 08:22:00,U002561,체크카드,식음료,22746.0,경기,40대,성공
2024/04/14 16:03,U003161,휴대폰결제,문화/여가,5023.0,경기,30대,성공
2024-11-06 22:53:00,U002265, 신용카드 ,여행,121168.0,,30대,성공
2024-07-29 13:01:00,U000402,신용카드,문화/여가,13244.0,경기,,성공
2024-06-28 19:25:00,U002473,신용카드,기타,9076.0,경기,30대,성공
2024-10-16 18:41:00,U000636,신용카드,쇼핑,14008.0,부산,40대,성공
2024-11-22 16:39:00,U002448,신용카드,쇼핑,22236.0,경기,,성공
2024-09-16 19:48:00,U003437,계좌이체,쇼핑,75671.0,서울,,성공
2024/06/28 20:56,U000216,신용카드,교육,,전북,50대,성공
2024-07-26 19:52:00,U001270,계좌이체,식음료,4587.0,전북,20대,성공
2024-09-16 12:42:00,U003431,체크카드,식음료,12896.0,,20대,성공
2024-09-13 20:03:00,U003557,계좌이체,기타,1783.0,서울,30대,성공
2024-03-18 21:10:00,U000825,신용카드,공과금,35364.0,강원,50대,성공
2024-11-19 18:17:00,U002615,신용카드,식음료,10995.0,대구,40대,성공
2024-12-17 12:28:00,U001468,체크카드,교통,2921.0,,20대,실패
2024-04-15 10:16:00,U000095,계좌이체,식음료,30598.0,서울,30대,성공
2024/01/24 22:50,U003346,신용카드,식음료,24877.0,서울,40대,성공
2024-04-09 01:55:00,U003266,신용카드,교육,133000.0,세종,50대,성공
2024-03-18 21:04:00,U001179,신용카드,식음료,6339.0,,40대,성공
2024-03-27 09:02:00,U003983,포인트결제,식음료,47199.0,경기,40대,성공
2024-01-19 12:14:00,U003150,신용카드,식음료,8629.0,서울,60대 이상,성공
2024-11-17 19:11:00,U001697,휴대폰결제,교육,94465.0,서울,30대,성공
2024-10-14 16:34:00,U000209,신용카드,공과금,71240.0,대전,,성공
2024-07-06 10:01:00,U003253,신용카드,식음료,22578.0,경남,40대,성공
2024-07-31 11:56:00,U001827,체크카드,쇼핑,92424.0,울산,30대,성공
2024-05-24 20:14:00,U003950,신용카드,공과금,121528.0,서울,20대,성공
2024-11-02 19:21:00,U003501,신용카드,공과금,69018.0,서울,20대,실패
2024-09-26 15:11:00,U003468,신용카드,식음료,3972.0,인천,40대,성공
2024-04-26 13:21:00,U002589,계좌이체,쇼핑,70363.0,서울,60대 이상,성공
2024-11-06 01:04:00,U001464,휴대폰결제,문화/여가,25874.0,전남,20대,성공
2024-07-14 17:13:00,U003456,계좌이체,식음료,49346.0,서울,30대,성공
2024/02/22 08:28,U003453,신용카드,쇼핑,79150.0,부산,20대,성공
2024/05/06 23:19,U003787,체크카드,교통,2952.0,,50대,성공
2024-04-05 13:47:00,U003398,체크카드,기타,24387.0,대구,20대,성공
2024-07-18 17:35:00,U001648,체크카드,기타,7541.0,부산,20대,성공
2024-07-15 15:57:00,U000229,체크카드,교통,2590.0,서울,40대,실패
2024-07-03 08:25:00,U000514,체크카드,의료,73671.0,전남,30대,성공
2024-07-22 21:46:00,U000940,신용카드,식음료,30395.0,세종,30대,성공
2024/01/24 14:23,U000649,신용카드,교통,2460.0,울산,40대,성공
2024-11-08 13:06:00,U001635,체크카드,교육,169255.0,충북,30대,성공
2024-09-04 10:31:00,U002339,계좌이체,교통,-2574.0,서울,20대,성공
2024-12-17 16:32:00,U001695,신용카드,문화/여가,69090.0,경북,60대 이상,성공
2024-07-13 22:02:00,U000048,신용카드,공과금,21476.0,대구,50대,성공
2024-09-15 07:10:00,U002145,신용카드,쇼핑,61938.0,부산,30대,성공
2024-02-24 09:00:00,U001251,신용카드,교육,87671.0,경남,20대,성공
2024-03-03 18:07:00,U000587,계좌이체,여행,323485.0,광주,60대 이상,성공
2024-05-25 19:21:00,U002244,포인트결제,쇼핑,110044.0,대구,40대,성공
2024-11-05 20:01:00,U003117,신용카드,식음료,1916.0,부산,30대,성공
2024-07-19 18:14:00,U000867,신용카드,공과금,83423.0,서울,20대,성공
2024-11-15 08:50:00,U003943,신용카드,의료,7617.0,경기,20대,성공
2024-03-07 10:00:00,U000182,체크카드,쇼핑,26963.0,경기,40대,성공
2024-12-26 03:05:00,U001721,체크카드,문화/여가,,충북,20대,성공
2024/11/20 10:28,U002522,계좌이체,식음료,4899.0,광주,20대,성공
2024-10-03 17:45:00,U003799,포인트결제,식음료,15595.0,충남,30대,성공
2024/04/07 13:12,U001315,,교육,159098.0,인천,20대,성공
2024-02-20 06:24:00,U000668,신용카드,공과금,95053.0,경기,30대,성공
2024/02/10 18:15,U002100,휴대폰결제,식음료,31988.0,경기,50대,성공
2024-03-08 06:47:00,U001869,신용카드,쇼핑,83747.0,,40대,성공
2024-07-09 11:55:00,U001066, 신용카드 ,문화/여가,20258.0,경기,20대,성공
2024-05-17 14:32:00,U000337, 신용카드 ,식음료,41974.0,경기,40대,성공
2024/08/19 03:01,U001216,계좌이체,쇼핑,113763.0,강원,40대,성공
2024-01-08 20:24:00,U003862,신용카드,교통,1023.0,대전,40대,성공
2024-02-08 08:24:00,U001392,신용카드,공과금,97618.0,인천,30대,성공
2024-10-29 14:33:00,U001667,포인트결제,교육,73880.0,서울,30대,성공
2024-10-11 22:38:00,U001699,신용카드,쇼핑,,대구,20대,성공
2024-09-19 14:45:00,U001607,체크카드,교육,73593.0,서울,10대,성공
2024/04/18 13:29,U002010,포인트결제,여행,115357.0,경기,40대,성공
2024-12-06 15:57:00,U002540, 신용카드 ,식음료,13737.0,서울,30대,취소
2024-03-13 09:02:00,U003593,계좌이체,의료,72881.0,강원,40대,성공
2024-07-25 17:01:00,U001550,계좌이체,쇼핑,50092.0,경기,30대,성공
2024-02-08 17:38:00,U000078,,쇼핑,73818.0,경기,60대 이상,성공
2024-06-27 13:27:00,U000629,,식음료,63266.0,서울,20대,성공
2024/11/06 19:27,U003901,휴대폰결제,의료,26180.0,경기,20대,성공
2024-02-08 08:52:00,U000054,계좌이체,기타,15647.0,서울,,성공
2024-02-01 19:02:00,U003836,휴대폰결제,기타,14142.0,경기,40대,성공
2024-05-30 15:29:00,U000064,계좌이체,교육,83093.0,경기,30대,성공
2024-04-11 16:24:00,U002052,체크카드,여행,296086.0,광주,20대,성공
2024-04-25 19:08:00,U002606,계좌이체,문화/여가,81760.0,서울,20대,성공
2024-09-10 10:09:00,U002533,계좌이체,기타,56014.0,서울,30대,성공
2024/05/26 09:40,U002582,체크카드,교통,5727.0,부산,20대,성공
2024-07-13 03:34:00,U001738,체크카드,문화/여가,2799.0,부산,40대,성공
2024-09-15 20:33:00,U000653,신용카드,교통,1589.0,서울,40대,성공
2024-07-26 09:38:00,U003394,신용카드,식음료,4537.0,인천,30대,성공
2024-04-18 14:11:00,U000771,신용카드,교통,1829.0,경기,20대,성공
2024-07-25 01:12:00,U000931,계좌이체,공과금,49660.0,경기,20대,성공
2024-07-06 14:56:00,U003589,신용카드,의료,14577.0,서울,20대,성공
2024-07-27 19:26:00,U002149,포인트결제,식음료,20073.0,강원,10대,성공
2024/08/18 00:44,U002535,신용카드,쇼핑,37420.0,서울,20대,성공
2024-01-24 13:13:00,U001515,계좌이체,식음료,14338.0,부산,20대,성공
2024/02/05 20:05,U002124,체크카드,쇼핑,59719.0,경북,,성공
2024-11-24 22:49:00,U000377, 신용카드 ,교통,8143.0,세종,60대 이상,성공
2024-10-19 12:43:00,U002080,체크카드,교육,49882.0,대구,30대,성공
2024-10-04 18:56:00,U000849,계좌이체,의료,69880.0,서울,50대,성공
2024-09-09 19:20:00,U000843,계좌이체,식음료,4435.0,서울,50대,성공
2024/01/08 14:17,U001380,체크카드,공과금,49167.0,경북,30대,성공
2024-02-01 09:23:00,U003123,계좌이체,식음료,10223.0,대구,30대,실패
2024-06-03 20:48:00,U001322, 신용카드 ,공과금,64091.0,경기,30대,성공
2024-08-21 21:21:00,U000300,포인트결제,기타,26450.0,인천,,성공
2024-04-28 10:29:00,U000815,신용카드,쇼핑,41964.0,서울,30대,성공
2024-08-10 19:15:00,U003423,신용카드,교통,6489.0,세종,40대,성공
2024-01-23 14:54:00,U003196,신용카드,식음료,27298.0,,20대,성공
2024-12-20 00:34:00,U002584,,식음료,67576.0,서울,50대,성공
2024-05-05 06:26:00,U000496,신용카드,공과금,18005.0,경기,60대 이상,성공
2024-09-13 22:11:00,U003420,체크카드,쇼핑,,대구,,성공
2024-08-19 11:35:00,U000915,신용카드,식음료,8136.0,경북,20대,성공
2024-04-28 07:22:00,U002110,신용카드,쇼핑,75812.0,서울,50대,성공
2024-04-01 12:26:00,U001102,계좌이체,교육,194836.0,서울,30대,성공
2024-05-22 19:56:00,U000053,체크카드,공과금,113612.0,서울,20대,성공
2024-10-01 17:29:00,U000251,신용카드,문화/여가,27226.0,경기,30대,성공
2024-05-19 13:32:00,U001887,계좌이체,교육,85747.0,광주,50대,성공
2024-06-11 11:48:00,U002119,신용카드,교통,5886.0,전북,,성공
2024-05-25 16:48:00,U002061,체크카드,쇼핑,40290.0,부산,30대,성공
2024-10-20 16:34:00,U001968,,교육,38663.0,서울,50대,성공
2024-05-24 06:14:00,U000541,계좌이체,교통,8106.0,서울,30대,성공
2024/10/03 05:51,U003117,신용카드,쇼핑,80018.0,인천,20대,취소
2024/02/16 18:16,U001686,포인트결제,교육,78796.0,경기,30대,성공
2024/08/27 15:27,U003829,신용카드,공과금,125009.0,서울,30대,성공
2024-08-11 05:36:00,U000554,신용카드,식음료,18369.0,경남,40대,성공
2024-10-22 13:35:00,U001502,신용카드,의료,60587.0,경기,30대,성공
2024-10-24 23:50:00,U001761,체크카드,문화/여가,40783.0,경기,30대,성공
2024-04-09 11:21:00,U002370,계좌이체,쇼핑,35903.0,전북,40대,성공
2024-10-31 10:55:00,U002632,신용카드,문화/여가,33219.0,대구,40대,실패
2024-11-16 18:20:00,U001716,포인트결제,교육,254386.0,강원,30대,성공
2024-05-09 19:50:00,U000986,신용카드,여행,102999.0,경남,30대,성공
2024-07-22 10:19:00,U002732,신용카드,쇼핑,23562.0,부산,40대,성공
2024/01/13 09:55,U003899,휴대폰결제,공과금,30839.0,서울,30대,성공
2024-01-15 13:56:00,U003371,신용카드,교통,2609.0,서울,,성공
2024-06-20 19:54:00,U000283,체크카드,의료,25688.0,경기,20대,성공
2024-08-25 21:02:00,U002119, 신용카드 ,쇼핑,31845.0,경남,40대,성공
2024-09-19 21:36:00,U000810,신용카드,쇼핑,124062.0,서울,30대,실패
2024/08/21 12:23,U000457,신용카드,식음료,-5872.0,,20대,성공
2024-03-10 07:12:00,U002606, 신용카드 ,여행,670849.0,서울,20대,성공
2024-11-11 20:27:00,U002274,신용카드,공과금,112425.0,대전,20대,성공
2024/08/26 05:03,U000010,체크카드,식음료,1445.0,서울,,성공
2024-03-17 12:27:00,U003978,계좌이체,식음료,13651.0,서울,40대,성공
2024-01-05 17:49:00,U000649,신용카드,식음료,7137.0,서울,30대,성공
2024-07-17 10:10:00,U002277,신용카드,문화/여가,36884.0,서울,40대,성공
2024/11/19 19:11,U001354,휴대폰결제,식음료,2727.0,서울,20대,성공
2024-08-28 19:28:00,U002475,체크카드,식음료,9912.0,충남,20대,실패
2024-03-19 11:37:00,U003476,신용카드,교육,156024.0,대구,50대,성공
2024-01-20 22:16:00,U000590,신용카드,의료,16969.0,서울,,성공
2024-02-01 11:09:00,U003546,신용카드,공과금,57112.0,충북,40대,성공
2024-05-21 20:17:00,U000114,계좌이체,교통,2958.0,경기,20대,성공
2024-09-13 19:38:00,U002251,계좌이체,의료,18304.0,경기,10대,성공
2024-03-10 18:29:00,U002062, 신용카드 ,식음료,7827.0,대전,40대,성공
2024-02-20 22:39:00,U001882,,여행,69573.0,부산,40대,성공
2024-01-28 08:50:00,U000761,포인트결제,식음료,17584.0,서울,,성공
2024-01-01 18:11:00,U003777,포인트결제,교통,500.0,대구,30대,성공
2024-08-26 12:50:00,U003385,포인트결제,식음료,13847.0,서울,20대,성공
2024-05-05 18:21:00,U003139,신용카드,쇼핑,91327.0,경남,30대,성공
2024-09-14 13:06:00,U000721,신용카드,식음료,17087.0,서울,20대,성공
2024-01-20 21:25:00,U002265, 신용카드 ,교통,4574.0,경기,,실패
2024/10/07 01:55,U001859,체크카드,쇼핑,42359.0,경기,40대,성공
2024-10-03 21:48:00,U001149,신용카드,기타,44215.0,서울,20대,성공
2024/07/02 17:29,U002352,포인트결제,의료,32254.0,서울,40대,성공
2024-08-24 07:19:00,U002146,신용카드,쇼핑,19530.0,울산,,성공
2024-01-07 11:31:00,U001939,신용카드,쇼핑,42051.0,세종,30대,성공
2024-07-20 04:18:00,U000552,체크카드,쇼핑,28412.0,대구,10대,성공
2024-07-18 12:28:00,U002757,포인트결제,기타,31836.0,서울,20대,성공
2024-12-25 13:30:00,U000356,계좌이체,문화/여가,74742.0,광주,20대,성공
2024-04-03 08:03:00,U002032,계좌이체,교통,1865.0,인천,30대,성공
2024-11-25 10:02:00,U002877,체크카드,식음료,17331.0,경기,30대,성공
2024-11-30 09:56:00,U000797,포인트결제,기타,17935.0,경북,20대,성공
2024-02-16 11:50:00,U002187,계좌이체,의료,10523.0,서울,30대,성공
2024-06-19 08:51:00,U000356,계좌이체,식음료,5213.0,충북,20대,성공
2024-06-19 20:26:00,U002106,신용카드,식음료,16879.0,경기,20대,성공
2024-11-15 11:09:00,U002158,신용카드,쇼핑,30263.0,인천,30대,성공
2024-08-31 08:21:00,U002299,포인트결제,의료,64271.0,경기,30대,성공
2024/02/23 11:40,U001382,계좌이체,교육,239759.0,서울,30대,성공
2024-02-27 11:24:00,U002179,포인트결제,식음료,,서울,30대,성공
2024-01-18 19:15:00,U002682,계좌이체,기타,53027.0,경기,20대,성공
2024-10-10 23:34:00,U001134, 신용카드 ,식음료,12956.0,인천,50대,성공
2024-07-12 07:06:00,U003496,계좌이체,공과금,52596.0,경기,30대,실패
2024/04/11 08:37,U000927,신용카드,쇼핑,109212.0,부산,40대,성공
2024-02-27 15:03:00,U001940,계좌이체,식음료,10160.0,경기,20대,성공
2024/11/19 19:26,U000137,신용카드,여행,176748.0,인천,50대,성공
2024-03-28 12:39:00,U001812,휴대폰결제,교통,2324.0,울산,40대,성공
2024-12-03 03:53:00,U001555,신용카드,의료,,경기,20대,성공
2024-03-30 19:31:00,U001236,신용카드,문화/여가,3054.0,경기,30대,성공
2024-02-10 12:47:00,U000855,신용카드,의료,13811.0,경기,30대,성공
2024-10-29 17:24:00,U001369,신용카드,식음료,14229.0,부산,30대,성공
2024-03-25 10:35:00,U003660,계좌이체,교육,135742.0,경기,40대,성공
2024-12-16 21:02:00,U000801,신용카드,교육,81337.0,강원,40대,성공
2024-03-16 19:30:00,U001322,계좌이체,식음료,22246.0,부산,50대,성공
2024-12-11 20:11:00,U003365,신용카드,식음료,9034.0,대구,40대,성공
2024-09-16 05:39:00,U000504,신용카드,기타,25431.0,대전,30대,성공
2024-02-04 20:49:00,U000524,신용카드,식음료,39243.0,부산,,실패
2024-11-01 17:22:00,U001554,체크카드,쇼핑,78592.0,경기,30대,성공
2024-10-21 18:33:00,U002458,신용카드,교육,316165.0,전남,40대,성공
2024-12-29 21:58:00,U003570,신용카드,식음료,30336.0,서울,,성공
2024-09-07 21:07:00,U003738,체크카드,식음료,43070.0,경기,40대,성공
2024-09-26 17:03:00,U001372,신용카드,의료,32221.0,서울,30대,실패
2024-06-04 11:15:00,U002415,체크카드,공과금,65946.0,부산,30대,성공
2024-08-16 03:14:00,U000626,신용카드,쇼핑,36720.0,경기,20대,성공
2024-11-15 12:42:00,U002095,신용카드,쇼핑,98692.0,광주,30대,성공
2024-07-17 20:23:00,U001867,신용카드,기타,34108.0,경기,10대,성공
2024/10/17 13:58,U001125,포인트결제,교육,245890.0,경기,20대,성공
2024-04-15 17:32:00,U001308,신용카드,식음료,25460.0,인천,50대,성공
2024-10-20 14:48:00,U001278,계좌이체,식음료,31124.0,대구,50대,취소
2024-04-14 10:00:00,U003235,계좌이체,쇼핑,85914.0,광주,20대,성공
2024-03-19 17:05:00,U003764, 신용카드 ,문화/여가,31586.0,경기,50대,성공
2024/08/02 13:02,U003814, 신용카드 ,교통,2087.0,서울,20대,성공
2024-05-21 12:24:00,U002412,체크카드,교통,2134.0,인천,30대,성공
2024/09/20 13:51,U002345,신용카드,의료,20875.0,경기,40대,성공
2024-11-05 06:17:00,U000560, 신용카드 ,쇼핑,17210.0,서울,60대 이상,성공
2024-12-23 22:04:00,U000624,신용카드,쇼핑,80997.0,대전,40대,성공
2024-01-18 15:23:00,U003109,체크카드,교통,1419.0,서울,30대,성공
2024-09-18 12:49:00,U002952,체크카드,식음료,5135.0,경북,20대,성공
2024-04-23 04:07:00,U001326,휴대폰결제,식음료,17358.0,서울,50대,성공
2024-07-13 10:12:00,U000345,신용카드,쇼핑,33389.0,서울,20대,성공
2024-08-11 15:54:00,U002325,신용카드,쇼핑,73314.0,서울,20대,성공
2024-12-24 20:43:00,U002992,계좌이체,여행,202987.0,경기,20대,성공
2024/05/20 15:03,U000656,신용카드,의료,73326.0,부산,30대,성공
2024-01-11 10:11:00,U002196,계좌이체,기타,25372.0,서울,20대,성공
2024-03-02 15:50:00,U001190,휴대폰결제,여행,,경기,50대,성공
2024-06-09 19:13:00,U001953,신용카드,교통,1087.0,광주,10대,성공
2024-01-26 11:50:00,U002127,신용카드,쇼핑,48886.0,부산,30대,성공
2024-08-07 17:53:00,U003740,체크카드,쇼핑,9109.0,광주,40대,성공
2024-01-20 09:22:00,U002399,체크카드,문화/여가,48496.0,경기,30대,성공
2024/08/07 16:19,U001682,신용카드,기타,2743.0,대구,50대,성공
2024-12-17 09:16:00,U002514,신용카드,문화/여가,87725.0,제주,20대,성공
2024-04-19 12:49:00,U002095,체크카드,식음료,5586.0,광주,20대,성공
2024-03-04 11:43:00,U002968,신용카드,교통,4729.0,전남,20대,성공
2024-09-09 23:34:00,U002656,계좌이체,기타,35799.0,경남,20대,성공
2024-11-29 13:38:00,U002344,체크카드,의료,31497.0,경기,20대,성공
2024-06-08 07:59:00,U001013,포인트결제,쇼핑,16942.0,경남,60대 이상,성공
2024/09/06 07:00,U000653,신용카드,쇼핑,70098.0,광주,20대,성공
2024-12-09 10:41:00,U000664,신용카드,문화/여가,15912.0,경기,30대,성공
2024/03/20 15:19,U002920,신용카드,식음료,17759.0,서울,40대,성공
2024-12-27 13:04:00,U001630,신용카드,쇼핑,4545.0,경기,,성공
2024-08-07 20:20:00,U001105,신용카드,기타,21563.0,경기,,성공
2024/08/14 14:03,U001722,신용카드,교육,109738.0,경기,60대 이상,성공
2024-03-13 17:02:00,U002865,계좌이체,쇼핑,29605.0,전북,30대,성공
2024-02-05 18:42:00,U000804,신용카드,식음료,3872.0,경기,10대,성공
2024-03-07 22:57:00,U003355,계좌이체,식음료,25809.0,울산,30대,성공
2024-09-10 11:17:00,U003772,휴대폰결제,의료,13823.0,충북,,성공
2024/07/14 22:57,U002296,신용카드,쇼핑,35855.0,서울,10대,성공
2024-12-24 11:12:00,U000316,휴대폰결제,여행,183571.0,경기,,성공
2024-06-03 10:26:00,U003522,포인트결제,쇼핑,38643.0,경기,20대,취소
2024-06-30 12:22:00,U000197,휴대폰결제,여행,282700.0,제주,60대 이상,성공
2024-07-04 14:37:00,U003805,신용카드,쇼핑,15432.0,경기,20대,성공
2024-06-05 18:21:00,U003841,계좌이체,문화/여가,8057.0,경북,30대,성공
2024-04-16 21:07:00,U003771,체크카드,문화/여가,39548.0,부산,50대,성공
2024-07-02 22:52:00,U001325,체크카드,공과금,40086.0,서울,60대 이상,성공
2024-11-15 22:42:00,U000106,체크카드,식음료,5873.0,서울,30대,성공
2024-07-19 20:35:00,U000540,체크카드,교통,4679.0,경기,30대,성공
2024-04-14 11:21:00,U003285,신용카드,공과금,18097.0,경남,30대,성공
2024-11-20 19:08:00,U002235,신용카드,쇼핑,35997.0,서울,40대,성공
2024-09-08 10:18:00,U003172,신용카드,식음료,14536.0,경기,20대,성공
2024-10-11 19:54:00,U000495,신용카드,쇼핑,48648.0,서울,20대,성공
2024-03-15 13:30:00,U001715,신용카드,의료,68750.0,부산,50대,성공
2024-09-06 13:09:00,U000174,신용카드,쇼핑,58289.0,경기,40대,취소
2024-12-14 17:24:00,U002499,계좌이체,식음료,8016.0,경기,30대,성공
2024-06-19 11:51:00,U000481,신용카드,교통,5208.0,강원,30대,성공
2024-06-18 12:08:00,U002014,신용카드,여행,148392.0,경기,30대,성공
2024-02-29 11:44:00,U001164,포인트결제,교육,26854.0,경기,40대,성공
2024-12-26 22:13:00,U003632,체크카드,식음료,,대구,10대,성공
2024-11-11 07:35:00,U003819,체크카드,교통,500.0,서울,50대,성공
2024-12-27 21:02:00,U001409,신용카드,식음료,10368.0,경기,40대,성공
2024-12-18 19:17:00,U002807,포인트결제,쇼핑,10724.0,,30대,성공
2024-11-04 19:02:00,U003693,신용카드,식음료,3868.0,서울,60대 이상,실패
2024-03-23 16:49:00,U002016,계좌이체,식음료,23680.0,경남,60대 이상,실패
2024-03-29 09:06:00,U001730,계좌이체,쇼핑,41569.0,울산,50대,성공
2024-05-06 16:03:00,U002280,신용카드,여행,177137.0,전남,30대,성공
2024-04-16 09:17:00,U000554,신용카드,쇼핑,8788.0,대전,20대,성공
2024-01-25 20:55:00,U002294,계좌이체,식음료,9045.0,경남,30대,성공
2024/12/20 20:57,U000112,신용카드,문화/여가,21344.0,부산,30대,성공
2024-04-28 12:07:00,U001514,신용카드,교육,117694.0,경기,20대,성공
2024-09-29 18:31:00,U000557,계좌이체,쇼핑,23885.0,경기,40대,실패
2024-11-27 16:57:00,U000099,신용카드,교통,935.0,강원,30대,성공
2024/11/04 20:41,U003572,체크카드,공과금,8996.0,경기,30대,성공
2024-10-04 20:08:00,U001043,신용카드,기타,4120.0,서울,30대,성공
2024-11-05 07:56:00,U003683,신용카드,식음료,6100.0,경기,30대,성공
2024-08-31 07:38:00,U001411,신용카드,기타,25929.0,제주,60대 이상,성공
2024-07-15 17:03:00,U000332,체크카드,식음료,22243.0,광주,20대,성공
2024-01-15 19:35:00,U001546,신용카드,문화/여가,43735.0,서울,30대,성공
2024-08-14 13:03:00,U003653,체크카드,교통,9243.0,인천,10대,성공
2024-03-18 13:21:00,U003890,신용카드,공과금,127508.0,경기,30대,성공
2024-07-18 16:00:00,U001721,신용카드,공과금,44593.0,서울,30대,성공
2024-10-16 21:05:00,U002471,체크카드,식음료,13326.0,경기,30대,성공
2024-08-06 12:32:00,U000378,신용카드,교통,4780.0,인천,30대,성공
2024-03-19 13:13:00,U000282,신용카드,문화/여가,10875.0,경기,40대,실패
2024-06-08 14:56:00,U002117, 신용카드 ,문화/여가,98155.0,대구,20대,취소
2024-08-17 20:21:00,U000568,신용카드,문화/여가,23558.0,서울,40대,성공
2024-12-10 00:13:00,U002054,신용카드,교육,42364.0,인천,40대,성공
2024-01-06 14:48:00,U001527,계좌이체,교통,6859.0,전남,40대,성공
2024-09-28 20:08:00,U002069,계좌이체,교통,3672.0,경기,30대,성공
2024-07-18 09:17:00,U000928,계좌이체,교통,13432.0,강원,50대,성공
2024-09-30 09:25:00,U003936,신용카드,문화/여가,17319.0,서울,20대,성공
2024-09-08 13:42:00,U001430,신용카드,식음료,23648.0,서울,20대,성공
2024-04-19 14:39:00,U002846,신용카드,쇼핑,13204.0,서울,20대,성공
2024-07-22 10:45:00,U000448,체크카드,식음료,10564.0,서울,40대,성공
2024-04-28 19:29:00,U003794,체크카드,쇼핑,,경북,20대,성공
2024-03-03 11:38:00,U000318,신용카드,쇼핑,54037.0,서울,30대,성공
2024-11-30 20:27:00,U003485,계좌이체,의료,48045.0,서울,30대,성공
2024-11-07 19:46:00,U001483,포인트결제,교통,1562.0,서울,30대,성공
2024/12/18 14:31,U000497,신용카드,여행,747772.0,서울,20대,성공
2024-11-15 15:15:00,U002774,계좌이체,쇼핑,6054.0,제주,10대,성공
2024-05-10 19:21:00,U000085,휴대폰결제,기타,12379.0,경기,40대,성공
2024-09-13 19:34:00,U001181,신용카드,쇼핑,1565.0,,30대,성공
2024-01-05 12:58:00,U002227,계좌이체,쇼핑,53008.0,경기,20대,성공
2024-01-01 15:11:00,U002952,휴대폰결제,식음료,14093.0,전남,30대,성공
2024-09-15 06:49:00,U003199,신용카드,교육,96762.0,경북,30대,성공
2024-08-29 19:20:00,U001407,신용카드,식음료,13326.0,서울,20대,성공
2024-05-18 18:40:00,U003394,신용카드,쇼핑,5682.0,부산,50대,성공
2024-05-25 11:43:00,U000036,체크카드,쇼핑,39227.0,서울,20대,성공
2024-03-11 19:36:00,U001972,계좌이체,교육,56541.0,경북,,성공
2024-10-15 16:33:00,U000768,포인트결제,쇼핑,23437.0,광주,60대 이상,성공
2024/02/12 13:59,U003449,신용카드,교육,250297.0,충북,30대,성공
2024-08-17 04:27:00,U002613,신용카드,식음료,32864.0,경기,,성공
2024-03-25 21:16:00,U003513,신용카드,쇼핑,51753.0,부산,,성공
2024-09-01 21:16:00,U000857,신용카드,식음료,16431.0,부산,20대,성공
2024-11-22 16:56:00,U003082,체크카드,교통,,광주,10대,성공
2024-07-25 10:14:00,U000010,체크카드,교통,3938.0,서울,30대,성공
2024-12-04 18:44:00,U002237,신용카드,쇼핑,65689.0,울산,40대,취소
2024-01-17 15:22:00,U000373,계좌이체,문화/여가,88185.0,경기,50대,성공
2024-10-10 17:51:00,U002051,휴대폰결제,식음료,23549.0,경북,20대,성공
2024-03-10 18:16:00,U000499,계좌이체,기타,11945.0,경기,20대,성공
2024-06-03 16:08:00,U001650,신용카드,여행,42618.0,충남,40대,성공
2024-03-26 15:28:00,U003059,신용카드,교육,129689.0,충북,30대,성공
2024-10-30 18:58:00,U003349,포인트결제,식음료,6192.0,부산,20대,성공
2024-01-07 20:22:00,U001583,포인트결제,식음료,3418.0,서울,50대,성공
2024-11-25 20:58:00,U003404,신용카드,문화/여가,37179.0,인천,40대,성공
2024-12-19 16:35:00,U003910,체크카드,교통,2891.0,인천,30대,성공
2024-12-10 10:00:00,U002251,체크카드,의료,53483.0,경기,50대,성공
2024-03-04 20:12:00,U000168,체크카드,쇼핑,37201.0,인천,20대,성공
2024-06-20 16:49:00,U002261,계좌이체,교통,4096.0,경기,60대 이상,성공
2024/03/13 20:00,U003021,계좌이체,문화/여가,27612.0,서울,30대,성공
2024-03-26 21:06:00,U003773,신용카드,교육,45249.0,인천,20대,성공
2024-05-28 13:41:00,U000400,체크카드,식음료,6017.0,서울,30대,성공
2024-01-27 12:33:00,U000129,신용카드,식음료,37268.0,경기,30대,취소
2024-07-18 09:27:00,U000652,포인트결제,기타,17670.0,,30대,성공
2024-05-05 09:50:00,U003288,,문화/여가,59286.0,서울,50대,성공
2024-04-15 08:53:00,U000887,체크카드,식음료,37538.0,,50대,성공
2024-06-22 09:40:00,U000389,체크카드,식음료,26654.0,충남,40대,성공
2024-04-26 12:30:00,U001124,계좌이체,식음료,29118.0,울산,50대,성공
2024-06-21 17:45:00,U000932,체크카드,의료,22528.0,서울,40대,실패
2024-03-01 20:45:00,U001671,,문화/여가,63477.0,강원,40대,성공
2024-11-20 13:53:00,U001076,신용카드,교육,86079.0,서울,30대,실패
2024-03-14 21:19:00,U002839,신용카드,의료,28922.0,전남,40대,성공
2024/02/09 03:51,U002772,체크카드,식음료,9346.0,서울,20대,성공
2024-01-07 15:24:00,U003489,신용카드,의료,5309.0,서울,,성공
2024-06-14 09:51:00,U000807,휴대폰결제,식음료,17498.0,경기,40대,성공
2024-08-03 19:35:00,U002446,신용카드,공과금,59593.0,충남,10대,성공
2024-02-26 20:45:00,U003803,휴대폰결제,쇼핑,22743.0,충북,,성공
2024-09-11 09:22:00,U000498,신용카드,교통,1023.0,부산,20대,실패
2024-08-21 12:29:00,U001472,계좌이체,식음료,12475.0,경북,40대,성공
2024-06-02 07:45:00,U003941,계좌이체,쇼핑,70860.0,서울,50대,성공
2024/08/17 22:54,U003751,포인트결제,교통,4950.0,서울,30대,성공
2024-09-04 13:07:00,U001720,포인트결제,여행,326104.0,경기,10대,성공
2024-08-11 15:32:00,U003547,신용카드,쇼핑,31159.0,전남,60대 이상,성공
2024-03-01 06:25:00,U001910,신용카드,쇼핑,59616.0,서울,30대,성공
2024-11-21 16:29:00,U001589, 신용카드 ,문화/여가,21819.0,경기,30대,성공
2024-05-13 09:04:00,U002694,신용카드,여행,30805.0,경남,20대,성공
2024-05-29 14:43:00,U003347,포인트결제,공과금,68529.0,,20대,성공
2024/08/15 12:30,U002265, 신용카드 ,공과금,44493.0,서울,50대,성공
2024-08-13 11:59:00,U001345,포인트결제,공과금,4451.0,대구,50대,성공
2024-05-22 18:25:00,U001860,계좌이체,의료,27586.0,대구,20대,성공
2024/02/15 09:29,U002787,신용카드,교통,5508.0,서울,40대,성공
2024-07-05 20:20:00,U001648,계좌이체,교통,5281.0,경기,50대,성공
2024-05-25 17:29:00,U003912,신용카드,문화/여가,40607.0,서울,40대,성공
2024-03-24 15:02:00,U000265,체크카드,의료,14922.0,서울,20대,성공
2024/10/29 19:37,U000562,신용카드,쇼핑,12344.0,울산,,성공
2024-05-13 17:26:00,U001693,신용카드,여행,190916.0,충북,50대,성공
2024-03-02 11:52:00,U001553, 신용카드 ,여행,,경북,30대,성공
2024-06-21 17:55:00,U000699,계좌이체,여행,165221.0,서울,20대,성공
2024-08-20 02:27:00,U001240,체크카드,교육,81869.0,경기,40대,성공
2024-08-27 18:54:00,U000739,신용카드,문화/여가,13292.0,서울,20대,성공
2024/04/15 12:19,U003129,신용카드,교육,79175.0,서울,50대,성공
2024-11-04 20:53:00,U000304,신용카드,교통,2938.0,울산,30대,성공
2024-11-10 16:25:00,U000449,신용카드,기타,6422.0,세종,40대,성공
2024/02/07 16:54,U001365,계좌이체,기타,9844.0,서울,50대,성공
2024/08/27 17:30,U003605,포인트결제,쇼핑,38952.0,경기,20대,성공
2024/06/27 09:57,U003558,신용카드,문화/여가,30699.0,인천,50대,성공
2024/02/21 14:20,U002824,체크카드,교통,5481.0,울산,20대,성공
2024/12/16 18:05,U000792,체크카드,교육,73971.0,서울,30대,성공
2024-10-12 13:18:00,U001871,신용카드,의료,41277.0,인천,30대,성공
2024-10-26 11:30:00,U003253,체크카드,쇼핑,41042.0,서울,20대,성공
2024-05-11 16:45:00,U001685,체크카드,식음료,43913.0,부산,30대,성공
2024-12-02 14:28:00,U003698,신용카드,쇼핑,39173.0,경기,40대,성공
2024-10-04 02:45:00,U001491,체크카드,기타,29256.0,경기,30대,성공
2024/01/23 14:31,U002995,계좌이체,쇼핑,36083.0,강원,20대,성공
2024-01-14 16:03:00,U001747,신용카드,교통,1298.0,서울,40대,성공
2024-03-23 20:26:00,U002450,체크카드,공과금,147962.0,부산,20대,실패
2024-10-04 06:11:00,U000189,신용카드,식음료,17893.0,인천,30대,성공
2024-12-25 11:42:00,U000915,신용카드,교통,10105.0,경기,10대,성공
2024-04-03 20:13:00,U000630,계좌이체,쇼핑,9965.0,서울,50대,성공
2024-04-18 08:39:00,U000799,신용카드,교통,579.0,경기,40대,취소
2024-01-12 18:20:00,U000776,포인트결제,여행,539503.0,경기,,성공
2024-11-19 20:22:00,U000011,신용카드,교통,2520.0,서울,50대,성공
2024-02-24 08:23:00,U001112,신용카드,기타,17172.0,부산,40대,성공
2024-06-06 22:56:00,U001146,신용카드,식음료,7106.0,충남,30대,성공
2024-03-18 11:29:00,U002347,신용카드,문화/여가,31107.0,광주,30대,실패
2024-12-12 01:40:00,U002530,계좌이체,교육,115656.0,경기,30대,성공
2024/09/01 08:44,U002224,계좌이체,쇼핑,164441.0,울산,10대,성공
2024-03-18 12:15:00,U002672,체크카드,문화/여가,2736.0,인천,40대,성공
2024-04-02 18:47:00,U003665,신용카드,공과금,10917.0,서울,40대,성공
2024-05-21 12:36:00,U000438,신용카드,교육,58990.0,서울,30대,성공
2024-09-01 14:35:00,U003357,신용카드,기타,18621.0,경기,30대,성공
2024-11-20 03:00:00,U003218,체크카드,교통,3230.0,서울,20대,성공
2024-03-07 14:12:00,U003754,신용카드,쇼핑,61428.0,경기,,성공
2024-03-24 08:21:00,U002370,휴대폰결제,쇼핑,127308.0,경남,,성공
2024-11-18 18:49:00,U002236,신용카드,여행,131801.0,부산,30대,성공
2024-11-29 09:33:00,U001951,신용카드,기타,12589.0,전남,60대 이상,성공
2024-01-22 10:30:00,U003811,신용카드,기타,24293.0,광주,20대,성공
2024-01-26 12:07:00,U002827, 신용카드 ,식음료,7473.0,경기,60대 이상,성공
2024-07-11 18:31:00,U003674,,쇼핑,65872.0,,40대,성공
2024-10-09 00:08:00,U003852,신용카드,교통,2607.0,경기,30대,성공
2024-02-01 15:56:00,U001119,체크카드,의료,43243.0,서울,40대,성공
2024/10/21 08:48,U000880,체크카드,교통,3798.0,세종,30대,성공
2024-09-14 16:31:00,U002510, 신용카드 ,식음료,23366.0,경북,30대,성공
2024-10-22 08:40:00,U001267,,식음료,10154.0,서울,20대,성공
2024-06-13 15:17:00,U003009,,식음료,21611.0,대전,20대,성공
2024/12/19 15:58,U002060,계좌이체,식음료,30198.0,경기,30대,성공
2024-12-02 10:06:00,U000605,체크카드,기타,13598.0,서울,30대,성공
2024-12-03 08:06:00,U003596,체크카드,공과금,85187.0,서울,,성공
2024-04-21 07:47:00,U000796,신용카드,식음료,40171.0,서울,60대 이상,성공
2024-07-17 16:04:00,U000689,체크카드,공과금,58797.0,강원,10대,성공
2024/01/25 21:16,U000628,신용카드,공과금,50655.0,경기,20대,성공
2024/05/21 09:57,U001345,신용카드,여행,438429.0,경기,20대,성공
2024-06-20 08:41:00,U003159,체크카드,식음료,19062.0,대전,10대,성공
2024-06-17 19:31:00,U000629,신용카드,공과금,44616.0,충남,40대,성공
2024-01-16 17:37:00,U001913,신용카드,교통,2589.0,서울,30대,성공
2024/07/11 15:25,U003537,포인트결제,쇼핑,24840.0,인천,40대,성공
2024-08-26 02:39:00,U002223,계좌이체,여행,251129.0,경기,40대,성공
2024-03-03 12:13:00,U003615,포인트결제,식음료,6003.0,경기,40대,성공
2024-06-28 18:35:00,U000584,신용카드,교통,4554.0,서울,40대,성공
2024-09-10 19:52:00,U003567,신용카드,의료,,서울,30대,성공
2024/12/07 10:24,U003537,신용카드,쇼핑,32867.0,경남,20대,성공
2024-11-30 15:24:00,U003557,신용카드,여행,136784.0,서울,30대,성공
2024-01-18 20:43:00,U001234,체크카드,식음료,53096.0,경기,30대,성공
2024-11-24 19:08:00,U003004,계좌이체,쇼핑,,광주,50대,성공
2024-04-09 18:09:00,U000750,신용카드,기타,67096.0,대구,10대,성공
2024/03/27 12:04,U000455, 신용카드 ,의료,24161.0,경남,10대,성공
2024/11/29 22:48,U001948,포인트결제,쇼핑,110198.0,서울,30대,성공
2024-11-29 20:18:00,U000836,,기타,19736.0,서울,50대,성공
2024/10/10 18:07,U000031,체크카드,교통,6411.0,경기,40대,성공
2024-04-02 15:12:00,U003714,체크카드,식음료,14205.0,경남,40대,성공
2024-05-31 21:02:00,U003269,신용카드,문화/여가,12355.0,경기,20대,성공
2024-06-01 11:51:00,U000395,계좌이체,문화/여가,59057.0,,40대,성공
2024-10-30 09:18:00,U003215,포인트결제,공과금,150975.0,충남,50대,성공
2024/07/12 19:15,U001350,체크카드,교통,1505.0,서울,30대,실패
2024/02/19 14:55,U002966,신용카드,식음료,20665.0,경기,30대,성공
2024-12-11 21:26:00,U002077,신용카드,쇼핑,61248.0,광주,50대,성공
2024-02-03 15:54:00,U001325,신용카드,쇼핑,,경기,30대,성공
2024-11-18 15:57:00,U001971,체크카드,쇼핑,,서울,50대,성공
2024-09-18 18:19:00,U002548,신용카드,식음료,13306.0,충북,50대,성공
2024/05/28 01:18,U001388,휴대폰결제,공과금,60571.0,인천,40대,성공
2024-10-17 19:38:00,U000411,체크카드,공과금,64566.0,대전,10대,성공
2024-11-15 14:10:00,U003361,휴대폰결제,쇼핑,35850.0,경기,,성공
2024-08-12 10:05:00,U000285,체크카드,공과금,32831.0,경남,50대,성공
2024-04-05 19:02:00,U001710, 신용카드 ,교통,5221.0,경기,,성공
2024-01-08 08:46:00,U000271,계좌이체,쇼핑,68480.0,충남,,성공
2024-05-05 21:09:00,U003999,,식음료,3209.0,서울,20대,성공
2024-02-29 13:30:00,U003043,계좌이체,교육,138088.0,제주,50대,실패
2024-05-06 17:42:00,U003547,신용카드,의료,22175.0,인천,,성공
2024-01-14 04:54:00,U001371,신용카드,의료,20101.0,대전,40대,성공
2024-04-05 15:44:00,U001280,휴대폰결제,식음료,12094.0,서울,20대,성공
2024-10-04 18:29:00,U000012,휴대폰결제,식음료,42970.0,서울,20대,성공
2024-07-24 00:20:00,U003129,신용카드,문화/여가,25778.0,경기,40대,성공
2024-11-13 20:05:00,U002391,포인트결제,공과금,107506.0,서울,30대,성공
2024/03/12 17:56,U000827,신용카드,식음료,12254.0,강원,20대,성공
2024-09-08 11:11:00,U000403,신용카드,쇼핑,41817.0,경기,20대,성공
2024-04-26 12:17:00,U001212,포인트결제,쇼핑,26266.0,울산,30대,성공
2024-07-13 23:41:00,U000473,신용카드,교육,73347.0,경기,20대,성공
2024-10-15 19:29:00,U001372,신용카드,쇼핑,,서울,30대,성공
2024-12-05 22:36:00,U003073,체크카드,의료,39404.0,인천,50대,성공
2024-04-09 20:18:00,U001979,신용카드,문화/여가,36822.0,서울,60대 이상,성공
2024-09-26 07:57:00,U000731,계좌이체,쇼핑,74023.0,부산,,성공
2024-04-19 01:49:00,U002476,신용카드,공과금,4344.0,서울,30대,성공
2024/02/07 06:18,U003312,체크카드,교통,6649.0,전남,50대,성공
2024-08-26 10:27:00,U003096,,식음료,13248.0,대구,20대,성공
2024-02-16 13:31:00,U000265,신용카드,교통,4785.0,경기,50대,성공
2024-05-20 23:05:00,U003638,체크카드,식음료,4208.0,대구,60대 이상,성공
2024-05-05 19:37:00,U001532,신용카드,쇼핑,43195.0,경기,30대,성공
2024-03-17 21:11:00,U003606,신용카드,의료,36095.0,경기,,성공
2024/05/01 11:50,U003566,신용카드,식음료,24890.0,서울,50대,성공
2024-08-30 22:59:00,U003045,휴대폰결제,쇼핑,100168.0,경기,20대,성공
2024-05-14 08:30:00,U003946,계좌이체,여행,231916.0,서울,40대,실패
2024-11-29 18:31:00,U003778,포인트결제,기타,27228.0,광주,50대,성공
2024-06-16 20:32:00,U002803,신용카드,식음료,16904.0,경기,40대,성공
2024-07-12 01:03:00,U003903,체크카드,문화/여가,34006.0,경기,20대,성공
2024-09-25 11:22:00,U003190,신용카드,의료,54134.0,울산,,성공
2024-08-26 10:25:00,U003285, 신용카드 ,문화/여가,13291.0,경기,30대,실패
2024-04-06 18:49:00,U001442,포인트결제,식음료,7743.0,경기,30대,성공
2024-05-26 19:14:00,U003465,계좌이체,교육,127695.0,부산,50대,성공
2024/10/26 22:14,U003078,신용카드,공과금,47303.0,대구,40대,취소
2024-03-01 03:36:00,U000814,계좌이체,교통,2004.0,강원,40대,성공
2024/06/08 02:11,U000795,신용카드,식음료,20864.0,부산,50대,성공
2024-08-16 21:54:00,U000708,신용카드,공과금,26253.0,경기,30대,취소
2024-03-05 11:25:00,U001957,포인트결제,문화/여가,15314.0,서울,20대,성공
2024-03-20 22:05:00,U000547,휴대폰결제,쇼핑,58382.0,대구,30대,성공
2024-06-03 08:27:00,U003338,계좌이체,문화/여가,29606.0,울산,30대,실패
2024-04-23 19:20:00,U002143,계좌이체,쇼핑,49747.0,부산,30대,성공
2024-02-21 20:44:00,U002614,휴대폰결제,식음료,42173.0,서울,20대,성공
2024-08-14 20:25:00,U001547,휴대폰결제,여행,42399.0,경북,30대,성공
2024-06-06 11:03:00,U000393,신용카드,교통,2709.0,경기,60대 이상,성공
2024-07-22 21:52:00,U001080,신용카드,쇼핑,57866.0,부산,60대 이상,성공
2024-06-21 14:27:00,U001967,계좌이체,의료,17338.0,부산,20대,성공
2024/11/28 12:30,U000895,계좌이체,의료,36044.0,경남,50대,성공
2024-02-03 19:23:00,U001107,신용카드,쇼핑,24312.0,광주,60대 이상,성공
2024-06-01 16:46:00,U000504,체크카드,식음료,21863.0,광주,40대,성공
2024-08-06 12:22:00,U001074,신용카드,기타,30671.0,대구,30대,성공
2024-08-20 10:22:00,U001269,신용카드,교통,3440.0,울산,30대,성공
2024-09-30 07:04:00,U002961,체크카드,여행,165544.0,경남,50대,성공
2024-06-17 08:31:00,U000300, 신용카드 ,문화/여가,52962.0,서울,40대,성공
2024-12-02 07:04:00,U001628,휴대폰결제,공과금,30870.0,경기,20대,성공
2024/06/20 19:41,U001534,신용카드,여행,75113.0,,20대,성공
2024-01-24 14:01:00,U000726,체크카드,쇼핑,43977.0,,20대,성공
2024-12-29 09:26:00,U001984,신용카드,교육,43617.0,부산,40대,성공
2024-12-16 04:34:00,U000826,신용카드,교육,69171.0,서울,50대,성공
2024/12/09 12:28,U003636,신용카드,문화/여가,8857.0,인천,20대,성공
2024-01-08 22:44:00,U000062,신용카드,기타,15612.0,서울,20대,성공
2024-01-25 08:45:00,U003197, 신용카드 ,문화/여가,19542.0,부산,60대 이상,성공
2024-05-30 08:50:00,U001413,신용카드,교육,159967.0,경기,60대 이상,성공
2024-04-27 11:07:00,U002751,휴대폰결제,교육,26521.0,서울,,성공
2024-11-26 12:13:00,U001753,휴대폰결제,쇼핑,60580.0,대전,60대 이상,성공
2024-04-28 11:18:00,U003109,휴대폰결제,교통,3134.0,대전,40대,실패
2024-10-25 16:49:00,U003968,신용카드,공과금,162241.0,서울,40대,취소
2024-04-27 12:24:00,U003617,체크카드,교육,120282.0,서울,60대 이상,성공
2024-02-10 13:54:00,U002954,신용카드,의료,22527.0,대구,10대,성공
2024-12-23 19:05:00,U001928,신용카드,기타,25076.0,광주,30대,성공
2024-10-08 02:31:00,U003229,휴대폰결제,식음료,10215.0,경기,,성공
2024-12-03 22:39:00,U003264,,의료,55825.0,충남,30대,성공
2024-02-03 11:08:00,U003480,신용카드,교통,3498.0,서울,40대,성공
2024-05-04 20:23:00,U002296,체크카드,문화/여가,11104.0,서울,20대,성공
2024/09/03 13:24,U003423,휴대폰결제,쇼핑,85642.0,대구,40대,성공
2024/05/18 17:58,U001076,체크카드,쇼핑,83447.0,경기,50대,성공
2024-10-01 19:46:00,U000456,포인트결제,쇼핑,25306.0,경기,60대 이상,성공
2024-08-01 22:46:00,U000989,신용카드,식음료,16571.0,서울,20대,성공
2024/03/10 10:06,U002671,체크카드,교육,192087.0,서울,30대,성공
2024-12-14 20:49:00,U003576,신용카드,여행,111663.0,충북,20대,성공
2024/12/24 16:25,U000685,체크카드,쇼핑,55104.0,경남,30대,성공
2024-11-10 18:17:00,U002888,체크카드,여행,314104.0,경기,30대,성공
2024-09-14 15:20:00,U000194,계좌이체,교육,120804.0,경기,20대,성공
2024-07-07 19:50:00,U002466, 신용카드 ,공과금,92689.0,서울,30대,성공
2024/02/17 18:24,U002583,,교통,1333.0,충북,,성공
2024-01-28 20:19:00,U001401,신용카드,쇼핑,61183.0,경기,30대,성공
2024/01/26 21:51,U001976, 신용카드 ,식음료,5869.0,서울,60대 이상,성공
2024-08-05 18:04:00,U000550,신용카드,공과금,100043.0,충남,40대,성공
2024-09-21 16:26:00,U002332,체크카드,공과금,147820.0,경기,30대,성공
2024-09-07 18:19:00,U001857,계좌이체,쇼핑,16923.0,광주,60대 이상,성공
2024-02-17 06:46:00,U003262,계좌이체,교육,129996.0,경기,20대,성공
2024-07-03 01:35:00,U002310,신용카드,문화/여가,7004.0,대전,40대,성공
2024-03-07 20:30:00,U003293,체크카드,식음료,21510.0,서울,30대,성공
2024-03-21 17:19:00,U000710,신용카드,교육,87330.0,서울,30대,성공
2024-05-06 19:23:00,U003869,체크카드,교육,147704.0,경기,10대,성공
2024/07/17 19:38,U001229,신용카드,식음료,22082.0,광주,30대,성공
2024/05/27 17:55,U002885,신용카드,교육,113585.0,경기,30대,성공
2024-01-24 18:22:00,U000797,체크카드,문화/여가,27444.0,대구,20대,취소
2024-04-29 20:25:00,U003142,신용카드,식음료,28544.0,경기,30대,성공
2024-10-06 22:24:00,U003916,신용카드,공과금,48052.0,서울,20대,성공
2024-05-26 11:19:00,U000175,체크카드,교육,21529.0,경기,,성공
2024-04-19 14:51:00,U000988,체크카드,식음료,8270.0,서울,50대,성공
2024-10-17 18:23:00,U003799,계좌이체,문화/여가,26941.0,강원,20대,성공
2024-05-11 12:17:00,U000328,계좌이체,식음료,12873.0,대구,40대,실패
2024-11-04 20:21:00,U003724,신용카드,식음료,3675.0,경남,10대,성공
2024/07/08 16:28,U000689,휴대폰결제,교통,3402.0,광주,20대,성공
2024-04-12 13:19:00,U002247,계좌이체,쇼핑,32639.0,광주,30대,성공
2024-06-18 18:27:00,U001714,신용카드,쇼핑,10408.0,서울,,취소
2024/08/22 15:13,U000029,체크카드,식음료,8092.0,강원,40대,성공
2024-02-28 20:55:00,U000219,계좌이체,식음료,12168.0,경기,20대,성공
2024-02-23 10:56:00,U001169,체크카드,쇼핑,45989.0,경북,30대,성공
2024-03-06 12:51:00,U002686,신용카드,공과금,41219.0,전남,10대,성공
2024-05-20 11:29:00,U001126,계좌이체,식음료,13420.0,인천,50대,성공
2024-12-13 17:26:00,U002640,체크카드,식음료,16656.0,경기,30대,성공
2024-11-17 18:12:00,U001616,휴대폰결제,쇼핑,98130.0,충북,20대,성공
2024-01-25 20:49:00,U001078,계좌이체,식음료,22376.0,,20대,성공
2024-08-16 22:30:00,U000518, 신용카드 ,쇼핑,22515.0,경기,40대,성공
2024-10-11 06:18:00,U001201,포인트결제,식음료,24488.0,전남,40대,성공
2024-12-05 03:40:00,U001610,체크카드,쇼핑,9119.0,부산,30대,성공
2024-11-27 17:05:00,U000248,신용카드,기타,19315.0,서울,20대,성공
2024-09-08 20:12:00,U002109,신용카드,교통,2183.0,서울,30대,성공
2024/02/15 10:12,U003742,체크카드,식음료,17054.0,경기,40대,성공
2024-05-02 20:47:00,U003846,계좌이체,문화/여가,15444.0,,40대,성공
2024-08-04 10:14:00,U000996,체크카드,교통,659.0,경기,40대,성공
2024-10-05 18:29:00,U002348, 신용카드 ,문화/여가,40337.0,서울,20대,성공
2024-04-08 06:30:00,U000917,신용카드,쇼핑,132145.0,제주,40대,성공
2024-07-01 22:03:00,U001156,계좌이체,문화/여가,42264.0,서울,40대,성공
2024-12-03 09:26:00,U001577,체크카드,공과금,10586.0,경북,20대,성공
2024-03-22 07:50:00,U003182,포인트결제,기타,25711.0,경기,30대,성공
2024-11-13 12:18:00,U003432,체크카드,문화/여가,36244.0,서울,,성공
2024/08/31 21:41,U001919,계좌이체,의료,79672.0,경기,30대,성공
2024-01-27 12:02:00,U002256,계좌이체,의료,49545.0,서울,20대,성공
2024-09-21 11:17:00,U000976,체크카드,의료,19365.0,경기,30대,성공
2024-11-17 02:43:00,U001685,체크카드,교통,5805.0,경기,40대,성공
2024-07-31 22:52:00,U000208, 신용카드 ,쇼핑,73031.0,강원,40대,성공
2024-03-29 14:59:00,U003496,신용카드,기타,45611.0,서울,,성공
2024-06-29 20:25:00,U001782,신용카드,교육,45070.0,인천,,성공
2024-05-15 10:15:00,U003942,휴대폰결제,식음료,17680.0,대구,50대,성공
2024-10-23 20:18:00,U002326,신용카드,식음료,27646.0,부산,30대,성공
2024/12/26 19:52,U003217,체크카드,교통,3632.0,강원,20대,성공
2024-10-29 19:52:00,U000335, 신용카드 ,쇼핑,13804.0,충북,60대 이상,성공
2024-12-14 07:26:00,U001612,체크카드,여행,98595.0,부산,20대,성공
2024-10-02 20:40:00,U001346,체크카드,쇼핑,77824.0,부산,40대,성공
2024/05/19 11:30,U003763,체크카드,공과금,131620.0,경북,30대,성공
2024-08-03 07:28:00,U000762,신용카드,기타,29509.0,서울,10대,성공
2024-02-11 13:24:00,U003125,포인트결제,의료,51704.0,경기,30대,성공
2024/03/11 11:20,U000157,계좌이체,기타,32981.0,서울,60대 이상,성공
2024-01-13 20:15:00,U000793,체크카드,쇼핑,102411.0,서울,40대,성공
2024-09-03 03:31:00,U000102,신용카드,식음료,5046.0,인천,20대,성공
2024-10-29 08:24:00,U000898, 신용카드 ,식음료,28896.0,경기,50대,성공
2024-10-22 12:51:00,U003726,신용카드,쇼핑,80272.0,경기,20대,성공
2024-12-19 12:32:00,U003674,신용카드,의료,22320.0,서울,30대,성공
2024-03-03 19:52:00,U000262,신용카드,식음료,16363.0,서울,20대,성공
2024-07-02 19:54:00,U003687,신용카드,여행,65133.0,서울,20대,성공
2024-09-20 09:26:00,U003403,신용카드,기타,13321.0,광주,40대,성공
2024/08/13 07:42,U001784,신용카드,공과금,47139.0,광주,30대,성공
2024-10-25 13:08:00,U002705,체크카드,쇼핑,33836.0,인천,20대,성공
2024/07/31 21:51,U000242,계좌이체,문화/여가,82932.0,서울,30대,취소
2024/12/25 08:45,U000986,신용카드,식음료,29101.0,전북,20대,성공
2024/07/08 17:52,U002371, 신용카드 ,문화/여가,109097.0,충남,,성공
2024-09-12 08:01:00,U001522,체크카드,쇼핑,38468.0,서울,40대,실패
2024-08-26 14:52:00,U003269,포인트결제,공과금,30832.0,서울,20대,성공
2024-04-22 15:40:00,U001157,신용카드,식음료,9671.0,울산,40대,취소
2024/03/23 20:32,U001406,신용카드,의료,54748.0,,30대,실패
2024-08-21 18:03:00,U003537,신용카드,교육,53565.0,강원,60대 이상,성공
2024-10-01 15:20:00,U001427,포인트결제,교통,1235.0,부산,50대,취소
2024-04-23 22:29:00,U000242,신용카드,쇼핑,49123.0,강원,20대,성공
2024-09-22 14:02:00,U001817,신용카드,기타,25154.0,충남,40대,성공
2024-05-29 20:12:00,U000275,포인트결제,식음료,5404.0,경기,50대,성공
2024-11-29 07:59:00,U002562,신용카드,기타,18948.0,전북,30대,성공
2024-09-29 13:22:00,U000210,체크카드,문화/여가,40475.0,서울,30대,성공
2024-03-29 06:29:00,U002479,체크카드,문화/여가,47432.0,경기,50대,성공
2024-09-23 12:43:00,U001785,신용카드,식음료,28492.0,경기,40대,성공
2024-09-07 19:50:00,U003379,체크카드,의료,64694.0,광주,20대,취소
2024-10-21 10:46:00,U003367,포인트결제,식음료,9193.0,경기,20대,성공
2024-10-19 11:42:00,U000136,체크카드,의료,27161.0,경남,50대,성공
2024-09-27 16:01:00,U002497,체크카드,공과금,47917.0,서울,30대,실패
2024-04-28 19:44:00,U002802,신용카드,기타,26318.0,서울,50대,성공
2024-09-18 12:02:00,U000468,신용카드,식음료,56511.0,,30대,성공
2024-07-25 10:50:00,U003122,신용카드,공과금,19757.0,경기,40대,성공
2024-05-21 15:39:00,U000824,신용카드,교통,1025.0,충남,40대,성공
2024-09-01 18:12:00,U002371,체크카드,교통,1579.0,서울,20대,성공
2024-08-15 17:49:00,U002076,휴대폰결제,식음료,20103.0,서울,20대,성공
2024/11/11 21:41,U002267,포인트결제,의료,68987.0,인천,50대,성공
2024-09-08 21:35:00,U002420,계좌이체,식음료,31030.0,서울,40대,성공
2024-10-19 19:16:00,U000317,신용카드,쇼핑,16648.0,경북,30대,성공
2024/11/07 19:02,U002783,신용카드,공과금,46463.0,부산,50대,성공
2024-12-01 19:05:00,U000078,신용카드,문화/여가,52185.0,경남,50대,성공
2024/07/23 23:22,U002282,,식음료,35931.0,경기,30대,성공
2024-08-04 18:30:00,U002767,신용카드,식음료,8469.0,서울,30대,성공
2024-06-02 16:38:00,U003193,신용카드,의료,71580.0,광주,,성공
2024-02-20 11:06:00,U001132,체크카드,식음료,19924.0,제주,,성공
2024-05-13 12:03:00,U001944,계좌이체,교통,4713.0,서울,,성공
2024/02/28 13:00,U000607,신용카드,공과금,30587.0,충남,60대 이상,성공
2024-08-08 18:48:00,U002819,계좌이체,교통,8903.0,충남,30대,성공
2024-11-16 20:12:00,U001142,체크카드,식음료,23048.0,경기,40대,성공
2024-08-18 09:33:00,U003443,신용카드,문화/여가,8672.0,대구,30대,성공
2024-10-02 12:18:00,U000861,포인트결제,문화/여가,58046.0,대전,20대,성공
2024-11-20 15:23:00,U002107,신용카드,기타,28285.0,경기,20대,성공
2024-10-03 18:10:00,U003119,계좌이체,교육,93254.0,충남,50대,성공
2024/10/17 13:43,U001943,계좌이체,여행,333341.0,서울,60대 이상,성공
2024-08-27 07:51:00,U002406,체크카드,공과금,47865.0,경기,20대,성공
2024-07-11 08:58:00,U001242,신용카드,쇼핑,72302.0,경기,40대,성공
2024-03-27 11:10:00,U003548,신용카드,식음료,52617.0,충남,,성공
2024-04-22 16:46:00,U001987,체크카드,식음료,25422.0,전북,20대,성공
2024-01-15 19:30:00,U001934,신용카드,교육,75051.0,충북,30대,성공
2024-02-26 19:26:00,U003645,체크카드,쇼핑,19245.0,경남,40대,성공
2024-06-05 19:06:00,U000916,체크카드,식음료,26289.0,서울,50대,성공
2024-01-05 22:39:00,U002161,체크카드,식음료,45180.0,울산,30대,성공
2024/07/10 20:58,U000965,계좌이체,교통,3258.0,서울,30대,성공
2024-04-22 18:34:00,U000081,휴대폰결제,문화/여가,30164.0,서울,30대,성공
2024-10-20 03:18:00,U003569,신용카드,여행,164733.0,충북,,성공
2024-07-29 11:10:00,U000003,체크카드,쇼핑,44251.0,서울,20대,성공
2024-01-07 18:39:00,U003710, 신용카드 ,교육,224992.0,충남,30대,성공
2024-04-17 13:14:00,U000646,포인트결제,식음료,56304.0,경기,30대,성공
2024-08-12 20:05:00,U002797,신용카드,식음료,11002.0,경기,30대,성공
2024-03-04 11:28:00,U000299,신용카드,의료,18343.0,경기,30대,성공
2024-10-29 11:56:00,U000500,신용카드,문화/여가,37415.0,경기,30대,성공
2024-05-03 22:18:00,U000301,신용카드,교통,2870.0,경기,20대,성공
2024-07-31 16:15:00,U003719,신용카드,문화/여가,9518.0,충남,50대,성공
2024-01-06 19:01:00,U002734,체크카드,쇼핑,8028.0,충북,,성공
2024-07-07 20:21:00,U003488,휴대폰결제,쇼핑,26349.0,세종,20대,성공
2024-05-02 20:22:00,U000309,신용카드,공과금,41918.0,경기,40대,성공
2024-04-22 09:18:00,U000822,계좌이체,공과금,12267.0,제주,40대,성공
2024/06/26 22:07,U000707,체크카드,의료,3642.0,경기,50대,성공
2024-07-01 19:14:00,U001298,포인트결제,공과금,37225.0,경기,,성공
2024-01-17 13:52:00,U002002,신용카드,문화/여가,87072.0,서울,50대,성공
2024-10-18 18:17:00,U003425,신용카드,교육,156951.0,서울,30대,성공
2024-04-08 05:54:00,U000912,체크카드,식음료,7809.0,서울,20대,성공
2024-01-17 19:32:00,U003213,계좌이체,교육,,서울,40대,성공
2024-10-29 16:15:00,U003700,신용카드,공과금,43395.0,서울,30대,성공
2024-07-28 16:38:00,U000677,체크카드,식음료,12852.0,울산,30대,성공
2024-07-31 16:40:00,U002201,계좌이체,교통,8569.0,경기,30대,성공
2024-11-08 12:10:00,U002999,계좌이체,교육,88923.0,전북,20대,성공
2024-06-13 05:00:00,U001909,체크카드,교통,3536.0,경남,40대,취소
2024-11-14 12:13:00,U002177,체크카드,공과금,68276.0,경기,40대,성공
2024-07-29 09:49:00,U003598,신용카드,쇼핑,86560.0,서울,60대 이상,성공
2024-09-02 20:18:00,U003903,신용카드,쇼핑,38765.0,인천,50대,성공
2024-07-25 17:51:00,U002686,신용카드,쇼핑,68417.0,충북,60대 이상,성공
2024-01-07 19:02:00,U002573,,문화/여가,16202.0,서울,60대 이상,성공
2024-05-26 19:07:00,U003093,체크카드,여행,171333.0,경기,30대,성공
2024-07-27 09:03:00,U000240,신용카드,교통,968.0,대전,30대,성공
2024-12-27 20:54:00,U000795,체크카드,쇼핑,41820.0,강원,10대,성공
2024-06-15 07:29:00,U000134,신용카드,의료,26885.0,경기,60대 이상,성공
2024-04-13 20:37:00,U002140,포인트결제,교육,110269.0,서울,40대,성공
2024-10-30 09:42:00,U003462,체크카드,여행,102417.0,서울,30대,성공
2024-12-04 23:07:00,U000858,휴대폰결제,문화/여가,26785.0,서울,30대,성공
2024-04-27 17:56:00,U003084,체크카드,의료,17553.0,서울,30대,성공
2024-08-20 13:31:00,U001492,신용카드,쇼핑,265195.0,서울,20대,성공
2024-08-31 22:34:00,U002211,휴대폰결제,의료,23461.0,,20대,성공
2024-08-17 19:03:00,U003344,신용카드,여행,245910.0,서울,40대,성공
2024-09-16 21:35:00,U001605, 신용카드 ,기타,20808.0,부산,60대 이상,성공
2024/10/18 17:32,U001742,신용카드,의료,59554.0,,20대,성공
2024-06-23 13:34:00,U002512,신용카드,쇼핑,61012.0,부산,30대,성공
2024-05-12 19:30:00,U003165,신용카드,쇼핑,21084.0,서울,20대,성공
2024-12-16 22:29:00,U002672,신용카드,식음료,11791.0,전북,,성공
2024-06-09 22:36:00,U001371,계좌이체,식음료,16237.0,경기,30대,성공
2024-01-14 15:23:00,U002715,신용카드,기타,20182.0,전북,10대,성공
2024-07-16 18:45:00,U000336,휴대폰결제,식음료,7701.0,인천,30대,성공
2024-01-03 19:24:00,U002079,신용카드,식음료,12750.0,경기,30대,성공
2024-02-27 19:20:00,U002314,휴대폰결제,교통,7494.0,울산,,성공
2024-05-27 14:22:00,U003323,계좌이체,쇼핑,78324.0,전남,20대,실패
2024-08-20 15:30:00,U001143,,교육,140676.0,경기,40대,성공
2024-10-25 09:02:00,U001979,휴대폰결제,문화/여가,82138.0,서울,60대 이상,실패
2024-01-25 23:43:00,U003479,포인트결제,쇼핑,31308.0,서울,20대,취소
2024-10-15 19:04:00,U001154,계좌이체,기타,16684.0,대전,30대,성공
2024-06-23 16:11:00,U003415,포인트결제,기타,58901.0,충남,60대 이상,성공
2024-08-19 21:21:00,U002466,체크카드,문화/여가,47308.0,서울,30대,성공
2024/05/11 13:46,U000170,신용카드,식음료,23119.0,경북,40대,성공
2024-03-21 12:35:00,U000406, 신용카드 ,식음료,16009.0,서울,,성공
2024-11-04 20:58:00,U003312,신용카드,의료,39730.0,경기,50대,성공
2024-07-06 19:52:00,U002805,휴대폰결제,식음료,6949.0,부산,20대,성공
2024/07/13 11:54,U002672,신용카드,쇼핑,9725.0,경기,40대,취소
2024-03-04 08:46:00,U003419,신용카드,교통,681.0,경북,30대,성공
2024-07-28 16:53:00,U002923,신용카드,쇼핑,19108.0,대구,40대,성공
2024-09-26 09:29:00,U000908,계좌이체,식음료,27491.0,부산,60대 이상,성공
2024-09-06 08:54:00,U002853,신용카드,기타,32209.0,경기,20대,성공
2024-07-14 14:31:00,U002346,계좌이체,쇼핑,103905.0,서울,40대,성공
2024-07-20 07:13:00,U001384,포인트결제,교통,1751.0,제주,40대,실패
2024-09-08 15:59:00,U001489,신용카드,식음료,40462.0,서울,40대,성공
2024/12/11 17:03,U002959,체크카드,교통,6062.0,서울,40대,성공
2024/10/31 05:25,U001511,체크카드,의료,60372.0,전남,20대,성공
2024-11-25 14:50:00,U000050,체크카드,교통,,충남,10대,성공
2024-05-18 15:53:00,U003691,신용카드,교통,4414.0,부산,30대,성공
2024-03-27 14:05:00,U001846,체크카드,문화/여가,51915.0,서울,20대,성공
2024-10-19 14:56:00,U002110,계좌이체,문화/여가,113743.0,경기,10대,취소
2024-06-26 10:13:00,U002009,휴대폰결제,식음료,14786.0,서울,50대,성공
2024-11-05 15:21:00,U002909,신용카드,여행,375323.0,서울,50대,성공
2024-07-15 20:00:00,U001153,신용카드,교통,1519.0,경기,30대,성공
2024/08/29 17:34,U003609,체크카드,쇼핑,132994.0,서울,20대,성공
2024-03-28 11:41:00,U000699,체크카드,의료,72511.0,서울,30대,성공
2024-06-14 13:23:00,U001375,신용카드,쇼핑,41312.0,서울,20대,성공
2024/05/07 17:09,U001335,체크카드,식음료,22491.0,경북,30대,실패
2024-04-29 09:51:00,U003322,포인트결제,쇼핑,18342.0,전남,30대,성공
2024-08-27 10:10:00,U003255,신용카드,쇼핑,26211.0,경남,60대 이상,성공
2024/02/06 19:54,U000239,신용카드,교통,2910.0,경기,20대,성공
2024-07-10 15:08:00,U003954,체크카드,쇼핑,83417.0,인천,60대 이상,성공
2024-01-06 07:29:00,U002063,포인트결제,의료,37095.0,제주,40대,성공
2024-12-05 10:14:00,U002630,체크카드,여행,390857.0,서울,50대,성공
2024/01/19 15:03,U001266,포인트결제,공과금,107123.0,대구,30대,성공
2024-10-09 09:27:00,U001833,신용카드,기타,18946.0,인천,40대,성공
2024-03-20 13:51:00,U003942,계좌이체,교통,508.0,경기,50대,성공
2024/03/18 19:21,U002526,휴대폰결제,여행,760044.0,인천,20대,성공
2024/11/18 20:48,U001925,신용카드,식음료,7190.0,서울,20대,성공
2024-10-29 19:25:00,U001782,신용카드,교육,108094.0,전남,50대,성공
2024-11-16 18:27:00,U001719,체크카드,여행,26605.0,경북,40대,성공
2024-05-08 09:42:00,U002350,휴대폰결제,기타,7483.0,서울,30대,성공
2024-01-09 19:25:00,U001266,신용카드,식음료,2634.0,서울,60대 이상,성공
2024-10-05 22:51:00,U002838,,문화/여가,10838.0,부산,50대,성공
2024-05-09 20:22:00,U001911,포인트결제,쇼핑,12874.0,서울,30대,성공
2024-11-25 09:28:00,U002110, 신용카드 ,식음료,16766.0,대구,20대,성공
2024-09-29 14:23:00,U003336,신용카드,여행,111136.0,서울,40대,성공
2024-02-28 18:39:00,U000747,신용카드,식음료,10615.0,경남,50대,성공
2024-04-02 15:05:00,U001935,체크카드,교육,308908.0,경기,40대,성공
2024-06-23 08:32:00,U003816,신용카드,식음료,39145.0,경기,30대,성공
2024-11-26 16:55:00,U002645,체크카드,여행,240685.0,,10대,성공
2024-07-21 18:29:00,U002566,계좌이체,쇼핑,134100.0,대전,30대,성공
2024/10/31 09:29,U003965,신용카드,교통,500.0,서울,60대 이상,성공
2024-09-25 16:58:00,U000379,계좌이체,교통,4867.0,경기,20대,성공
2024-09-09 06:08:00,U003583,,식음료,35293.0,서울,30대,성공
2024-07-02 21:38:00,U002871,체크카드,교통,500.0,광주,30대,성공
2024/08/22 10:04,U000971, 신용카드 ,쇼핑,12660.0,제주,50대,실패
2024-08-30 15:23:00,U003141,신용카드,식음료,15454.0,경기,40대,실패
2024-05-27 08:57:00,U003036,신용카드,식음료,26531.0,서울,10대,성공
2024-11-18 03:58:00,U002939, 신용카드 ,교통,3589.0,서울,10대,성공
2024-11-12 21:44:00,U001278,포인트결제,쇼핑,27753.0,전남,30대,성공
2024-11-05 22:39:00,U002244,계좌이체,기타,24895.0,인천,20대,성공
2024-08-16 07:40:00,U003722,신용카드,의료,43840.0,서울,20대,성공
2024-08-20 16:04:00,U000427,체크카드,문화/여가,8274.0,서울,20대,성공
2024-09-23 11:27:00,U002138,계좌이체,식음료,31617.0,경북,20대,성공
2024/04/16 14:48,U000215,포인트결제,공과금,102908.0,울산,20대,성공
2024-07-07 16:32:00,U000782,포인트결제,쇼핑,69292.0,제주,,성공
2024-04-10 19:35:00,U001982,신용카드,쇼핑,23584.0,서울,40대,성공
2024-06-25 13:51:00,U001922, 신용카드 ,기타,10992.0,경북,40대,성공
2024-03-10 18:10:00,U000134,체크카드,공과금,5949.0,대구,10대,실패
2024-07-04 15:07:00,U002526,계좌이체,식음료,18274.0,인천,50대,실패
2024-03-22 11:41:00,U001730,체크카드,교육,210855.0,서울,30대,성공
2024-05-16 06:32:00,U000026,체크카드,의료,9419.0,제주,10대,성공
2024-07-28 09:47:00,U000105,신용카드,쇼핑,51598.0,제주,30대,성공
2024/11/20 03:20,U000582,체크카드,식음료,14326.0,서울,40대,성공
2024-05-21 07:56:00,U003981,체크카드,문화/여가,66182.0,경기,20대,성공
2024/05/01 12:06,U000308,휴대폰결제,쇼핑,30390.0,대전,,성공
2024-12-09 07:59:00,U001071,체크카드,문화/여가,15231.0,서울,40대,성공
2024-01-28 20:53:00,U002437,신용카드,쇼핑,113300.0,경기,30대,성공
2024/09/06 13:21,U003618,휴대폰결제,쇼핑,51017.0,서울,50대,성공
2024-05-20 16:20:00,U003945,신용카드,식음료,21270.0,서울,30대,성공
2024/01/17 17:14,U001142,신용카드,식음료,13942.0,경기,20대,성공
2024-01-04 14:25:00,U003913,신용카드,식음료,36578.0,대구,20대,성공
2024-06-21 13:52:00,U001591,계좌이체,의료,50066.0,경기,40대,성공
2024-06-14 00:58:00,U002163,신용카드,쇼핑,163911.0,서울,40대,성공
2024-12-19 20:00:00,U000020,신용카드,문화/여가,7240.0,서울,,성공
2024/02/05 22:07,U000414,신용카드,식음료,26255.0,경기,30대,성공
2024/01/07 14:18,U002958, 신용카드 ,의료,75956.0,경북,30대,성공
2024-10-16 11:29:00,U003957,신용카드,문화/여가,21669.0,부산,30대,성공
2024-11-12 01:52:00,U000908,체크카드,교육,,부산,40대,성공
2024-02-29 09:49:00,U000171,신용카드,교육,73274.0,부산,30대,성공
2024-01-13 20:03:00,U000706,신용카드,쇼핑,101308.0,경북,30대,취소
2024-05-21 18:18:00,U002320,계좌이체,공과금,58951.0,경기,50대,성공
2024-02-12 00:17:00,U000472,신용카드,문화/여가,15333.0,전북,40대,성공
2024-05-26 09:33:00,U000383,체크카드,의료,48025.0,충남,20대,성공
2024-04-11 11:24:00,U002505, 신용카드 ,쇼핑,89941.0,서울,30대,성공
2024-10-06 10:04:00,U001094,신용카드,쇼핑,30796.0,대구,40대,성공
2024-12-12 21:02:00,U003143,신용카드,쇼핑,42048.0,서울,30대,실패
2024/04/24 18:54,U003207,휴대폰결제,문화/여가,36370.0,울산,30대,성공
2024/12/03 22:13,U003968,신용카드,쇼핑,67577.0,경기,30대,성공
2024-06-12 20:26:00,U000081,신용카드,쇼핑,33882.0,경기,10대,성공
2024-06-18 19:29:00,U003838,계좌이체,의료,,경기,40대,성공
2024-06-17 09:13:00,U002113,,쇼핑,6459.0,충북,40대,취소
2024/02/08 19:43,U000273,신용카드,식음료,36873.0,서울,50대,성공
2024-01-23 18:30:00,U000451,신용카드,공과금,56460.0,,30대,성공
2024-05-23 10:07:00,U000499,체크카드,교통,1943.0,,20대,실패
2024/01/05 03:56,U003164,계좌이체,공과금,38534.0,충북,20대,성공
2024-11-27 15:18:00,U003175,신용카드,식음료,12810.0,경기,30대,성공
2024-03-08 20:25:00,U003315,신용카드,쇼핑,45664.0,대구,30대,성공
2024-01-14 14:30:00,U001376,체크카드,쇼핑,45213.0,대구,20대,성공
2024-05-28 19:42:00,U003834,체크카드,기타,34384.0,서울,40대,성공
2024-09-22 19:03:00,U001800,휴대폰결제,쇼핑,136344.0,경기,30대,성공
2024-06-03 03:40:00,U001056,계좌이체,식음료,47061.0,서울,40대,성공
2024-09-20 22:12:00,U000956,신용카드,식음료,40854.0,인천,30대,성공
2024-11-20 05:15:00,U000555,신용카드,쇼핑,104529.0,충북,40대,성공
2024-12-20 01:24:00,U002928,휴대폰결제,식음료,2544.0,부산,50대,성공
2024-11-09 18:33:00,U001704,포인트결제,교육,243095.0,서울,30대,성공
2024-02-25 22:38:00,U002145,체크카드,교통,4827.0,,50대,성공
2024/08/21 19:25,U001288,신용카드,쇼핑,42928.0,경기,,성공
2024-09-11 12:36:00,U000503,신용카드,의료,11705.0,대구,60대 이상,성공
2024/03/31 22:31,U001277,계좌이체,의료,61628.0,대구,50대,성공
2024-11-27 17:34:00,U002355, 신용카드 ,식음료,16836.0,인천,40대,성공
2024/11/26 19:05,U003858,계좌이체,식음료,13182.0,,30대,성공
2024-02-23 15:03:00,U003338,신용카드,교통,2624.0,경기,50대,성공
2024-06-27 10:05:00,U000667,신용카드,쇼핑,67707.0,,20대,성공
2024-03-15 09:13:00,U000753,계좌이체,공과금,104384.0,서울,,성공
2024-07-01 18:40:00,U001407,신용카드,쇼핑,42173.0,서울,50대,성공
2024-07-31 14:25:00,U002032,신용카드,쇼핑,27346.0,경남,20대,성공
2024/11/06 16:16,U001284, 신용카드 ,식음료,12026.0,서울,20대,성공
2024-11-29 15:48:00,U000902,휴대폰결제,식음료,6898.0,전남,40대,성공
2024-11-13 10:37:00,U001051,체크카드,식음료,26473.0,제주,60대 이상,성공
2024-01-11 20:09:00,U002726,포인트결제,문화/여가,16658.0,경기,40대,성공
2024-12-23 12:36:00,U001888,체크카드,교육,166648.0,경북,20대,성공
2024-09-14 10:17:00,U002878,신용카드,쇼핑,20954.0,서울,60대 이상,성공
2024/07/12 09:25,U002649,신용카드,여행,620624.0,경기,,성공
2024/06/16 14:49,U002789,체크카드,쇼핑,17242.0,대전,40대,성공
2024-10-17 11:52:00,U003727,체크카드,식음료,21598.0,경기,50대,성공
2024-03-06 18:10:00,U000859,계좌이체,쇼핑,29900.0,인천,20대,성공
2024-09-07 19:48:00,U000596,,공과금,52233.0,경남,30대,성공
2024-07-04 10:27:00,U002952,신용카드,의료,61543.0,경남,20대,성공
2024-04-23 12:52:00,U003701,체크카드,의료,67840.0,서울,20대,성공
2024-12-23 13:59:00,U002916,계좌이체,식음료,11491.0,서울,40대,실패
2024-01-13 13:48:00,U001144,계좌이체,교통,3342.0,경기,,성공
2024-09-16 14:42:00,U002095,계좌이체,교통,1434.0,서울,30대,성공
2024-08-30 12:19:00,U003108,체크카드,문화/여가,23877.0,경기,20대,성공
2024-04-18 11:17:00,U001864,계좌이체,교육,36962.0,경기,20대,성공
2024/01/27 17:39,U001560,계좌이체,교통,2443.0,서울,50대,성공
2024-03-05 22:07:00,U002966,체크카드,쇼핑,37207.0,경기,30대,성공
2024-10-23 04:53:00,U000854,신용카드,교육,142779.0,전북,20대,성공
2024-01-11 01:19:00,U000201, 신용카드 ,교육,509445.0,서울,20대,성공
2024-10-30 10:14:00,U001505,신용카드,의료,87751.0,인천,30대,성공
2024-11-16 10:47:00,U003026,체크카드,교통,6664.0,부산,50대,성공
2024-06-22 18:23:00,U000603,체크카드,의료,56430.0,광주,30대,실패
2024-10-04 08:50:00,U003009,신용카드,식음료,37201.0,경남,30대,성공
2024-06-19 06:32:00,U002730,신용카드,식음료,37909.0,경기,50대,성공
2024-06-23 01:28:00,U003791,계좌이체,교육,58409.0,서울,50대,성공
2024/05/08 07:59,U002741,신용카드,식음료,19471.0,경기,40대,성공
2024-11-09 10:22:00,U000010,체크카드,교통,3322.0,경기,60대 이상,성공
2024/05/19 12:02,U001235,계좌이체,식음료,8238.0,제주,20대,성공
2024-10-01 13:15:00,U002503,신용카드,문화/여가,39869.0,충남,30대,성공
2024-11-24 13:04:00,U001407,신용카드,식음료,27823.0,광주,40대,성공
2024-04-24 16:08:00,U001311, 신용카드 ,교육,198890.0,전남,60대 이상,성공
2024-01-11 20:06:00,U002186,,여행,491213.0,서울,30대,성공
2024/04/20 19:29,U000505, 신용카드 ,식음료,9890.0,충북,30대,성공
2024-08-02 20:37:00,U001020,계좌이체,의료,14448.0,경기,10대,성공
2024-12-29 18:10:00,U003009,,식음료,12501.0,서울,20대,성공
2024-10-26 18:45:00,U002614,계좌이체,식음료,7803.0,경북,30대,성공
2024-02-05 13:35:00,U003286,휴대폰결제,쇼핑,44639.0,울산,20대,성공
2024-11-08 17:44:00,U002463,신용카드,식음료,47648.0,부산,40대,성공
2024-02-27 22:56:00,U000162,신용카드,쇼핑,100103.0,충남,40대,성공
2024-01-19 20:39:00,U003035,포인트결제,교통,4001.0,부산,,성공
2024-05-20 18:27:00,U002752,포인트결제,교통,6574.0,서울,30대,성공
2024-12-18 16:54:00,U001026,포인트결제,식음료,23191.0,경기,,성공
2024-03-19 18:29:00,U003694,신용카드,여행,144877.0,서울,50대,성공
2024-08-30 18:54:00,U002288,포인트결제,식음료,4398.0,,40대,성공
2024/01/06 06:16,U002617,계좌이체,교통,1938.0,인천,30대,성공
2024-08-21 08:39:00,U003577, 신용카드 ,식음료,24816.0,제주,20대,성공
2024-04-28 21:07:00,U000142,신용카드,쇼핑,,서울,40대,성공
2024-12-05 20:21:00,U002948,체크카드,쇼핑,107973.0,서울,30대,성공
2024-08-14 19:29:00,U000995,휴대폰결제,식음료,32747.0,경기,20대,성공
2024-12-24 20:29:00,U002145,신용카드,쇼핑,46639.0,경기,,취소
2024-04-25 19:26:00,U000778,신용카드,식음료,16739.0,인천,20대,성공
2024-04-29 21:23:00,U003511,신용카드,의료,21885.0,서울,50대,성공
2024/02/18 01:27,U001983,신용카드,식음료,3445.0,부산,30대,성공
2024-12-25 18:40:00,U000879,신용카드,여행,480938.0,서울,60대 이상,성공
2024/09/11 20:00,U001480,신용카드,쇼핑,79140.0,서울,,성공
2024-04-13 08:52:00,U001908,계좌이체,쇼핑,27007.0,부산,20대,성공
2024-02-19 09:28:00,U003346,휴대폰결제,여행,255728.0,경기,30대,성공
2024-06-25 11:56:00,U003675,신용카드,의료,6125.0,경기,40대,성공
2024-12-19 14:03:00,U000844,신용카드,문화/여가,9846.0,경기,30대,성공
2024-08-28 21:49:00,U002855,체크카드,기타,29762.0,부산,20대,취소
2024-04-08 05:58:00,U001042,체크카드,쇼핑,30855.0,경기,50대,실패
2024-03-17 12:49:00,U003381,신용카드,쇼핑,16616.0,인천,60대 이상,성공
2024-10-19 12:52:00,U002911,포인트결제,의료,20149.0,경기,40대,성공
2024-03-14 20:19:00,U001154,계좌이체,의료,113347.0,경기,50대,성공
2024-05-18 16:26:00,U001657,신용카드,교통,7266.0,서울,50대,성공
2024-11-04 10:06:00,U001053,계좌이체,식음료,23110.0,서울,40대,성공
2024-02-13 15:39:00,U001915,신용카드,쇼핑,45784.0,경기,60대 이상,성공
2024-06-10 09:48:00,U003250, 신용카드 ,식음료,22675.0,서울,30대,성공
2024/10/14 08:17,U000302,휴대폰결제,교통,1292.0,서울,30대,성공
2024-02-13 15:33:00,U003593,신용카드,교통,4855.0,부산,20대,성공
2024-05-12 16:44:00,U003939,체크카드,교육,72685.0,경기,20대,성공
2024-05-14 13:04:00,U002212,계좌이체,쇼핑,28919.0,대전,40대,성공
2024-09-18 20:05:00,U002665,체크카드,식음료,19233.0,인천,30대,성공
2024-07-01 12:43:00,U002951,신용카드,식음료,2313.0,서울,30대,성공
2024-10-30 09:56:00,U000681,신용카드,식음료,45413.0,경기,20대,성공
2024/07/21 19:21,U001181,포인트결제,교육,227588.0,전북,30대,성공
2024-11-13 19:00:00,U002352,신용카드,교육,179515.0,제주,60대 이상,성공
2024-06-01 03:08:00,U001775,체크카드,공과금,140755.0,경기,40대,성공
2024-11-07 16:50:00,U003680, 신용카드 ,의료,100897.0,서울,20대,성공
2024/12/28 06:32,U001684,휴대폰결제,교통,500.0,서울,30대,성공
2024-12-19 21:00:00,U000786,휴대폰결제,쇼핑,85819.0,서울,10대,성공
2024-06-09 15:02:00,U000232,휴대폰결제,쇼핑,38560.0,서울,50대,성공
2024-01-27 18:20:00,U003003,,공과금,43922.0,,50대,성공
2024-01-29 19:50:00,U000319,포인트결제,교통,4169.0,대전,20대,성공
2024-07-17 10:10:00,U002277,신용카드,문화/여가,36884.0,서울,40대,성공
2024-04-28 20:29:00,U002745,신용카드,식음료,23752.0,서울,30대,성공
2024/03/09 09:11,U002990,신용카드,쇼핑,100226.0,서울,30대,성공
2024-02-28 19:00:00,U000407,신용카드,여행,232049.0,강원,20대,성공
2024-10-17 18:56:00,U001158,신용카드,여행,625262.0,경기,,성공
2024-10-30 09:13:00,U000653,포인트결제,공과금,98869.0,대구,40대,성공
2024-01-29 16:49:00,U001473,신용카드,쇼핑,93052.0,대구,40대,성공
2024-07-03 15:27:00,U002402,체크카드,식음료,10897.0,경남,50대,성공
2024-05-13 21:23:00,U001715,포인트결제,문화/여가,27882.0,인천,20대,성공
2024-12-06 11:33:00,U002580,포인트결제,문화/여가,30794.0,충남,10대,성공
2024-12-03 12:48:00,U002953,포인트결제,교육,292565.0,경기,40대,성공
2024-12-13 09:29:00,U001716,체크카드,식음료,11122.0,경기,30대,성공
2024-05-15 19:04:00,U002706,체크카드,쇼핑,20533.0,대구,10대,성공
2024-12-30 17:08:00,U003785,휴대폰결제,의료,46781.0,부산,40대,성공
2024-01-28 14:13:00,U001851,,교육,246727.0,제주,20대,성공
2024-04-30 20:29:00,U002731,포인트결제,문화/여가,60782.0,서울,,성공
2024-11-19 09:20:00,U003597,체크카드,쇼핑,63536.0,서울,20대,성공
2024-01-23 10:37:00,U003317,체크카드,의료,22639.0,충남,20대,성공
2024-04-01 21:41:00,U003123,체크카드,공과금,17478.0,경기,30대,성공
2024-10-01 21:00:00,U000522,체크카드,식음료,6728.0,서울,20대,성공
2024-06-09 21:52:00,U002559,,교육,82221.0,경기,40대,성공
2024-01-17 21:31:00,U000749,계좌이체,식음료,17601.0,강원,10대,성공
2024-09-14 10:20:00,U000379,체크카드,교통,5619.0,대전,30대,성공
2024-04-04 19:54:00,U002837,포인트결제,공과금,158424.0,경북,40대,성공
2024/05/18 22:47,U000064,계좌이체,공과금,74937.0,서울,10대,성공
2024/12/05 10:16,U001893,계좌이체,교육,49846.0,인천,50대,성공
2024-09-09 22:53:00,U002091,포인트결제,쇼핑,70146.0,경남,,성공
2024-12-05 11:49:00,U002195,체크카드,공과금,48730.0,광주,30대,성공
2024-01-31 12:52:00,U001570,신용카드,기타,23983.0,대전,30대,취소
2024-04-13 11:38:00,U001212,,식음료,15360.0,서울,40대,성공
2024-03-06 12:52:00,U002826,체크카드,식음료,3012.0,대구,20대,취소
2024-07-31 19:11:00,U002206,계좌이체,의료,40993.0,경기,30대,성공
2024-06-11 19:39:00,U003079,계좌이체,식음료,38766.0,서울,30대,성공
2024-10-20 21:46:00,U002054,휴대폰결제,의료,14008.0,충남,60대 이상,실패
2024-05-03 12:58:00,U002420,체크카드,교육,47774.0,서울,60대 이상,성공
2024-10-03 19:41:00,U001623,신용카드,쇼핑,25274.0,대전,60대 이상,성공
2024-09-21 18:01:00,U001036,신용카드,교육,123663.0,대구,50대,성공
2024-09-02 20:48:00,U000472,휴대폰결제,쇼핑,8945.0,전북,20대,성공
2024/07/07 07:23,U002510,휴대폰결제,식음료,18232.0,인천,30대,성공
2024-09-01 06:08:00,U001159,계좌이체,공과금,62067.0,경기,,성공
2024-09-16 20:35:00,U002734,계좌이체,쇼핑,72379.0,서울,60대 이상,성공
2024-12-02 13:29:00,U003386,계좌이체,식음료,4083.0,경남,20대,성공
2024-10-16 11:29:00,U003957,신용카드,문화/여가,21669.0,부산,30대,성공
2024-12-28 10:26:00,U001291,계좌이체,식음료,50590.0,서울,40대,성공
2024-10-05 19:50:00,U001238,포인트결제,식음료,9985.0,부산,10대,성공
2024-10-23 15:07:00,U000210,신용카드,여행,26047.0,경기,40대,성공
2024/05/22 18:46,U002844,체크카드,공과금,28535.0,전남,30대,취소
2024-08-12 20:50:00,U000895,체크카드,문화/여가,67509.0,부산,40대,성공
2024-10-02 07:46:00,U003674,신용카드,쇼핑,,경기,40대,성공
2024/04/29 01:22,U000534,포인트결제,교통,1172.0,전북,40대,성공
2024/01/19 10:45,U002455,포인트결제,식음료,14446.0,경기,20대,성공
2024/03/04 14:36,U003089,계좌이체,쇼핑,53673.0,부산,60대 이상,성공
2024-01-23 00:16:00,U000824,신용카드,문화/여가,28182.0,서울,,성공
2024-08-16 09:18:00,U001250,계좌이체,교육,76116.0,충북,30대,취소
2024-07-15 21:52:00,U003242,신용카드,공과금,47177.0,대전,20대,성공
2024-07-15 14:08:00,U000974,,기타,16585.0,세종,20대,성공
2024-03-06 19:05:00,U002612,신용카드,식음료,32802.0,경기,20대,성공
2024-06-06 11:55:00,U002416, 신용카드 ,교통,3575.0,,,성공
2024-08-16 06:50:00,U003016,신용카드,쇼핑,17749.0,서울,50대,실패
2024-07-25 19:44:00,U001291,계좌이체,공과금,16501.0,서울,40대,성공
2024-12-07 12:15:00,U003575,계좌이체,교통,4675.0,경기,20대,성공
2024-09-24 18:45:00,U002522,휴대폰결제,문화/여가,19756.0,인천,20대,성공
2024-09-12 11:36:00,U001675,계좌이체,식음료,6498.0,경기,50대,성공
2024-08-30 11:24:00,U003850,계좌이체,식음료,11765.0,경기,20대,성공
2024-05-03 17:17:00,U001233,신용카드,교통,4011.0,경북,20대,성공
2024/10/12 17:21,U002139,신용카드,의료,16572.0,서울,30대,성공
2024-10-25 17:57:00,U001013,신용카드,식음료,500.0,서울,50대,성공
2024-03-25 23:08:00,U000820,계좌이체,교통,,인천,10대,성공
2024-12-20 21:35:00,U001522,포인트결제,쇼핑,71763.0,대전,20대,성공
2024-04-28 20:41:00,U003863,,쇼핑,108223.0,서울,30대,성공
2024-10-02 21:52:00,U001727,신용카드,식음료,2046.0,충남,20대,성공
2024-08-07 09:36:00,U003965,,기타,6545.0,서울,50대,실패
2024/06/16 16:47,U002385,계좌이체,식음료,44340.0,강원,50대,성공
2024-01-17 12:23:00,U002131,신용카드,교통,4851.0,충남,40대,취소
2024-04-08 06:45:00,U001757,신용카드,쇼핑,140262.0,광주,50대,성공
2024-07-27 18:57:00,U003898,신용카드,교육,,충남,50대,성공
2024-11-09 08:44:00,U001762,포인트결제,교통,5699.0,경기,40대,성공
2024-01-13 20:06:00,U003323,포인트결제,식음료,17958.0,경기,30대,성공
2024/12/18 11:58,U002929,신용카드,식음료,14242.0,,40대,성공
2024-03-01 01:57:00,U001669,신용카드,교통,5560.0,경기,40대,성공
2024-11-07 10:41:00,U002813,,문화/여가,71608.0,서울,50대,성공
2024-03-07 19:39:00,U003530,신용카드,쇼핑,46736.0,부산,30대,성공
2024-01-08 18:24:00,U001993, 신용카드 ,교통,4207.0,경기,20대,성공
2024-12-22 07:34:00,U001155,체크카드,문화/여가,24189.0,서울,30대,성공
2024-01-01 13:52:00,U003870,계좌이체,쇼핑,,서울,20대,성공
2024/07/24 17:41,U000316,신용카드,교육,,부산,30대,성공
2024-05-29 06:11:00,U002200,신용카드,쇼핑,58004.0,서울,40대,성공
2024-09-15 18:28:00,U001882,계좌이체,교통,2289.0,경남,50대,성공
2024-05-24 19:35:00,U003483,,식음료,5022.0,경기,30대,성공
2024-02-16 18:12:00,U001007,신용카드,문화/여가,101702.0,서울,10대,성공
2024-04-15 19:27:00,U001850,포인트결제,식음료,3984.0,서울,20대,성공
2024-08-15 09:14:00,U002842,포인트결제,식음료,6398.0,부산,30대,성공
2024-07-14 13:17:00,U002362,신용카드,식음료,18969.0,경기,20대,성공
2024-11-29 12:09:00,U000694,신용카드,의료,5035.0,부산,,성공
2024-04-17 19:48:00,U001061,계좌이체,식음료,7624.0,경기,20대,성공
2024-03-06 11:47:00,U000812,신용카드,교통,7736.0,인천,,성공
2024-09-10 15:15:00,U002458,신용카드,쇼핑,61074.0,서울,60대 이상,성공
2024-06-20 10:38:00,U002611,신용카드,여행,74126.0,인천,,성공
2024/12/23 14:41,U003639,계좌이체,교통,4321.0,경기,50대,성공
2024-02-18 06:00:00,U000109,휴대폰결제,교통,8827.0,경기,40대,성공
2024-01-03 06:37:00,U003988,신용카드,문화/여가,12465.0,서울,30대,성공
2024-09-07 20:07:00,U003427,포인트결제,쇼핑,8824.0,대전,20대,성공
2024-12-26 10:49:00,U003293,신용카드,식음료,25782.0,부산,30대,성공
2024-12-11 12:38:00,U003113,신용카드,식음료,22761.0,세종,,성공
2024-12-25 11:41:00,U002607,체크카드,문화/여가,31597.0,대구,50대,성공
2024-04-30 21:01:00,U003067,계좌이체,문화/여가,44594.0,인천,20대,성공
2024-04-16 19:08:00,U000948,계좌이체,쇼핑,31233.0,서울,30대,성공
2024-02-02 22:50:00,U000576, 신용카드 ,문화/여가,18331.0,,20대,성공
2024-08-10 15:02:00,U000990,휴대폰결제,의료,57810.0,경기,20대,성공
2024-04-29 12:39:00,U000738,계좌이체,식음료,3881.0,인천,60대 이상,성공
2024-05-31 16:40:00,U002091, 신용카드 ,식음료,75032.0,경남,40대,실패
2024-10-01 16:32:00,U002952,체크카드,공과금,118634.0,제주,20대,성공
2024-12-14 12:39:00,U002176,체크카드,식음료,11682.0,부산,30대,성공
2024-12-11 14:39:00,U003343,신용카드,식음료,9277.0,강원,30대,성공
2024-11-26 11:31:00,U002605,체크카드,여행,163286.0,경북,20대,성공
2024/04/17 08:52,U003290,신용카드,식음료,42121.0,경남,20대,성공
2024-05-06 10:02:00,U000986,신용카드,교육,76138.0,서울,40대,성공
2024-11-17 15:43:00,U003674,신용카드,쇼핑,89898.0,경기,10대,성공
2024/09/06 15:58,U000699,계좌이체,쇼핑,120313.0,전남,50대,성공
2024/07/25 21:02,U000416,휴대폰결제,쇼핑,61435.0,서울,20대,성공
2024-08-11 19:56:00,U002350,신용카드,문화/여가,7120.0,충북,50대,성공
2024-12-07 21:16:00,U002441,체크카드,교육,67316.0,서울,30대,성공
2024-12-27 10:27:00,U003404,신용카드,기타,15214.0,서울,30대,성공
2024-10-05 12:23:00,U001938,신용카드,기타,17757.0,경기,20대,성공
2024-04-26 20:20:00,U003845,체크카드,공과금,44380.0,경기,40대,취소
2024-08-30 11:42:00,U002367,계좌이체,문화/여가,24109.0,충남,60대 이상,성공
2024-05-12 16:26:00,U001569,신용카드,식음료,19325.0,충남,20대,성공
2024-03-07 10:27:00,U001607,신용카드,기타,15204.0,광주,40대,실패
2024-05-01 11:13:00,U003370,체크카드,쇼핑,26591.0,서울,30대,성공
2024/08/07 10:28,U002171,계좌이체,의료,72895.0,충남,50대,취소
2024-07-16 09:46:00,U002592,계좌이체,쇼핑,16229.0,대구,30대,성공
2024-10-19 21:38:00,U001838,신용카드,공과금,92033.0,서울,20대,성공
2024-04-10 12:32:00,U002133,체크카드,식음료,3657.0,광주,40대,성공
2024/11/20 17:50,U003195,체크카드,쇼핑,38093.0,서울,30대,성공
2024-07-08 11:00:00,U003577,신용카드,식음료,14392.0,서울,40대,취소
2024-09-28 09:09:00,U002879,계좌이체,식음료,15274.0,충남,50대,성공
2024-08-29 08:36:00,U003283,휴대폰결제,식음료,23349.0,경기,30대,실패
2024-11-21 19:25:00,U002372,신용카드,쇼핑,54064.0,경기,50대,성공
2024-11-29 18:01:00,U002151,신용카드,쇼핑,17293.0,대구,40대,성공
2024-12-22 14:01:00,U003125,계좌이체,쇼핑,36745.0,서울,40대,성공
2024-05-07 10:12:00,U003376,신용카드,식음료,10290.0,서울,50대,성공
2024-05-05 09:55:00,U002943, 신용카드 ,교육,198676.0,대구,40대,성공
2024-02-15 11:27:00,U000639,신용카드,의료,30535.0,서울,,성공
2024-11-22 20:21:00,U002410,체크카드,식음료,24094.0,경기,20대,성공
2024-02-06 17:04:00,U000587,체크카드,교육,49599.0,경기,30대,성공
2024-02-14 21:39:00,U003475,계좌이체,여행,375307.0,서울,40대,성공
2024-12-06 19:14:00,U003681,신용카드,식음료,15394.0,경기,30대,실패
2024-11-13 09:15:00,U003814,신용카드,문화/여가,15235.0,부산,,성공
2024-08-14 18:14:00,U003815, 신용카드 ,여행,116195.0,경남,50대,성공
2024-07-29 15:51:00,U003418,계좌이체,여행,211328.0,서울,40대,성공
2024-08-20 18:21:00,U000055,신용카드,식음료,32327.0,제주,30대,성공
2024-06-21 22:27:00,U002201,신용카드,쇼핑,18250.0,부산,20대,성공
2024-05-19 15:46:00,U001768,휴대폰결제,식음료,9722.0,,40대,성공
2024/04/19 18:26,U000070,체크카드,교육,55544.0,경기,40대,성공
2024-06-05 19:14:00,U000874,체크카드,쇼핑,80306.0,경기,30대,성공
2024-10-02 13:51:00,U001968,계좌이체,식음료,8304.0,충남,20대,성공
2024/02/09 17:45,U000952,체크카드,식음료,42459.0,인천,50대,성공
2024-12-28 17:56:00,U003305,포인트결제,쇼핑,53915.0,강원,10대,성공
2024-06-14 10:55:00,U000295,계좌이체,식음료,32729.0,서울,20대,성공
2024-09-18 14:08:00,U001581,계좌이체,교육,116321.0,서울,60대 이상,성공
2024-06-12 15:14:00,U002209,포인트결제,문화/여가,8105.0,대전,20대,성공
2024-02-20 16:47:00,U003223,신용카드,식음료,32541.0,서울,50대,성공
2024/10/02 21:12,U003705, 신용카드 ,문화/여가,10728.0,서울,60대 이상,성공
2024-06-06 18:56:00,U002581,신용카드,의료,7226.0,대구,30대,성공
2024-07-10 11:57:00,U003195,포인트결제,여행,155005.0,충북,40대,성공
2024/11/27 02:01,U002100,휴대폰결제,여행,197005.0,경북,50대,성공
2024-02-05 11:58:00,U000044,포인트결제,기타,54117.0,대구,30대,성공
2024-08-08 19:25:00,U002678,체크카드,공과금,274399.0,서울,20대,성공
2024-02-09 10:01:00,U000571,포인트결제,교육,51102.0,부산,30대,성공
2024-05-21 17:54:00,U003366,신용카드,의료,77115.0,서울,30대,성공
2024-12-04 11:49:00,U002687,체크카드,식음료,1937.0,서울,30대,성공
2024-11-28 13:04:00,U000991,체크카드,쇼핑,108433.0,대구,40대,성공
2024-11-13 09:48:00,U002397,신용카드,쇼핑,112550.0,,50대,성공
2024/11/08 10:44,U003716,신용카드,쇼핑,23234.0,서울,20대,취소
2024-04-02 21:17:00,U000558,신용카드,쇼핑,41240.0,서울,30대,성공
2024-10-28 07:27:00,U003892, 신용카드 ,기타,34965.0,경기,30대,성공
2024-05-22 08:50:00,U002039,체크카드,문화/여가,31258.0,경기,40대,성공
2024-01-08 14:21:00,U000437,체크카드,교육,48651.0,경기,,성공
2024-06-14 20:23:00,U003233,,문화/여가,23098.0,인천,40대,성공
2024-09-19 13:25:00,U001591,신용카드,여행,252146.0,서울,40대,성공
2024-09-25 16:01:00,U001068,체크카드,쇼핑,68158.0,경기,10대,성공
2024-09-14 13:11:00,U002646,신용카드,여행,141272.0,서울,30대,성공
2024-11-09 21:36:00,U001286,신용카드,교육,90508.0,경북,40대,성공
2024-06-08 17:46:00,U001882,신용카드,기타,20610.0,경기,40대,성공
2024-07-05 17:06:00,U003783,체크카드,쇼핑,76533.0,전북,40대,성공
2024-03-27 09:31:00,U001325,체크카드,쇼핑,22639.0,인천,30대,성공
2024-04-14 16:34:00,U001236,신용카드,의료,18778.0,경기,30대,성공
2024-04-13 18:10:00,U003877,신용카드,문화/여가,65564.0,인천,50대,성공
2024-04-14 05:29:00,U003093,신용카드,쇼핑,37444.0,부산,10대,성공
2024-10-31 15:06:00,U003193,,교육,22585.0,부산,40대,성공
2024-02-22 07:45:00,U003420,신용카드,기타,19717.0,서울,30대,성공
2024-06-23 18:10:00,U002325,계좌이체,식음료,16161.0,경기,30대,성공
2024-09-03 11:43:00,U001519,신용카드,식음료,42276.0,서울,30대,성공
2024-12-22 12:51:00,U001405,체크카드,식음료,13926.0,전북,30대,성공
2024-07-11 17:50:00,U003881,신용카드,교통,5198.0,경기,40대,성공
2024-04-03 09:06:00,U000857,체크카드,교통,3862.0,전남,20대,성공
2024-01-01 18:05:00,U000537,신용카드,식음료,19366.0,경남,30대,성공
2024-06-30 13:56:00,U003507,,쇼핑,104823.0,서울,20대,성공
2024-01-04 10:07:00,U001275,신용카드,교육,125302.0,경기,20대,성공
2024-07-02 14:56:00,U001830,신용카드,공과금,10394.0,,20대,성공
2024-07-14 22:21:00,U002001,신용카드,여행,166041.0,인천,30대,성공
2024/11/27 20:17,U002417,체크카드,기타,10489.0,부산,40대,성공
2024-09-25 07:04:00,U003630,체크카드,식음료,19206.0,서울,40대,성공
2024-02-11 12:01:00,U003484,신용카드,쇼핑,186120.0,충남,,성공
2024-04-25 20:25:00,U001728,체크카드,식음료,21921.0,경기,30대,성공
2024-06-16 09:39:00,U003256,체크카드,문화/여가,26617.0,인천,60대 이상,성공
2024/09/19 19:39,U003314,계좌이체,교통,500.0,광주,60대 이상,성공
2024-11-06 21:48:00,U002158,계좌이체,여행,461085.0,서울,30대,성공
2024/12/15 10:26,U002116,계좌이체,식음료,20192.0,경기,30대,성공
2024-02-13 14:27:00,U000171, 신용카드 ,교육,135323.0,경기,20대,성공
2024-03-15 07:28:00,U001582,휴대폰결제,문화/여가,29416.0,경기,50대,성공
2024-07-01 22:40:00,U003284,신용카드,교육,184458.0,경기,40대,성공
2024-09-04 13:13:00,U003798,체크카드,교육,79805.0,서울,,성공
2024-08-11 17:56:00,U000484,계좌이체,교육,234077.0,경기,20대,성공
2024/11/11 19:15,U001267,신용카드,문화/여가,9804.0,,20대,성공
2024-10-07 20:26:00,U003069,신용카드,쇼핑,42792.0,서울,50대,성공
2024-12-15 18:57:00,U002352,신용카드,공과금,11444.0,,20대,성공
2024-09-13 08:05:00,U002408,포인트결제,식음료,18282.0,서울,20대,성공
2024-06-23 20:27:00,U000664,계좌이체,교통,579.0,서울,20대,성공
2024-09-23 20:27:00,U002116,신용카드,쇼핑,7447.0,서울,40대,성공
2024-12-08 02:19:00,U002200,체크카드,교통,1260.0,서울,40대,성공
2024-11-05 12:28:00,U003034,체크카드,교통,1953.0,서울,40대,성공
2024-04-11 09:18:00,U001115,체크카드,식음료,30986.0,서울,,취소
2024-02-13 11:20:00,U003881, 신용카드 ,여행,322744.0,경기,20대,성공
2024/11/21 09:41,U002342,휴대폰결제,식음료,19778.0,경남,50대,성공
2024-07-22 12:21:00,U003746,신용카드,교통,9671.0,서울,20대,성공
2024-01-23 19:32:00,U001587, 신용카드 ,교통,500.0,부산,20대,성공
2024-12-06 14:43:00,U002612,체크카드,공과금,64257.0,경기,,성공
2024-04-05 18:32:00,U000910,신용카드,공과금,50393.0,서울,20대,성공
2024-03-25 15:38:00,U000952,신용카드,문화/여가,21216.0,경기,,성공
2024-12-04 18:10:00,U000663,신용카드,식음료,23857.0,서울,30대,성공
2024-11-06 18:22:00,U003573,신용카드,기타,18494.0,대전,20대,성공
2024-06-29 21:57:00,U003380,휴대폰결제,식음료,5828.0,충남,20대,성공
2024-01-20 20:37:00,U000992,계좌이체,교육,62771.0,충남,30대,성공
2024-11-20 20:57:00,U002940,포인트결제,교육,234460.0,경기,40대,성공
2024-02-04 15:45:00,U000267,휴대폰결제,의료,24900.0,충남,20대,성공
2024-01-16 22:24:00,U002166,포인트결제,기타,18517.0,부산,,성공
2024-12-13 10:04:00,U002910,계좌이체,공과금,81117.0,대구,20대,성공
2024-11-27 08:30:00,U001126,계좌이체,쇼핑,26379.0,서울,20대,성공
2024/05/15 21:13,U002415,포인트결제,식음료,25958.0,서울,50대,성공
2024-09-22 10:01:00,U002904,포인트결제,쇼핑,61466.0,경기,30대,성공
2024-04-19 12:35:00,U003473,,여행,58197.0,,40대,성공
2024-08-14 18:43:00,U003486,신용카드,문화/여가,10781.0,경기,20대,실패
2024-07-10 18:19:00,U002876,계좌이체,교육,178752.0,,20대,성공
2024-11-17 20:02:00,U003404,휴대폰결제,의료,8782.0,충북,40대,성공
2024/12/09 18:36,U000371,신용카드,식음료,32997.0,경남,50대,성공
2024/01/27 12:01,U001636,체크카드,교통,2903.0,부산,20대,성공
2024-03-25 13:31:00,U002631, 신용카드 ,식음료,36561.0,인천,30대,성공
2024-05-08 17:37:00,U002082,체크카드,문화/여가,21984.0,서울,20대,성공
2024-09-25 00:48:00,U000729, 신용카드 ,의료,29188.0,강원,60대 이상,성공
2024-12-01 17:47:00,U000691,포인트결제,기타,40452.0,서울,30대,성공
2024-12-28 21:39:00,U000302,체크카드,문화/여가,45936.0,서울,30대,성공
2024-02-17 22:32:00,U003881,휴대폰결제,교통,4361.0,경기,20대,성공
2024-07-12 01:43:00,U002406,체크카드,의료,10776.0,전남,30대,성공
2024-02-19 08:51:00,U000844,체크카드,식음료,12764.0,경기,20대,성공
2024-08-06 12:21:00,U001706,포인트결제,여행,265045.0,세종,40대,성공
2024-02-15 09:38:00,U000460,계좌이체,쇼핑,77183.0,광주,30대,성공
2024-12-24 21:22:00,U001991,휴대폰결제,문화/여가,79767.0,인천,20대,성공
2024-04-10 16:23:00,U003232,계좌이체,교육,43028.0,세종,60대 이상,성공
2024/08/14 02:35,U003253,포인트결제,여행,127172.0,경기,30대,성공
2024-06-19 11:21:00,U000817,포인트결제,쇼핑,96143.0,경남,10대,취소
2024-08-05 14:01:00,U000786,체크카드,기타,18543.0,경남,20대,성공
2024/08/19 16:46,U003192,신용카드,여행,179803.0,제주,50대,성공
2024/10/23 12:26,U002784, 신용카드 ,식음료,,부산,30대,실패
2024-02-17 10:03:00,U003379,포인트결제,식음료,8977.0,경기,50대,성공
2024-02-04 09:57:00,U003417,신용카드,의료,59565.0,경기,30대,성공
2024-12-15 21:39:00,U002966,체크카드,교육,72949.0,부산,20대,성공
2024-08-24 08:04:00,U002970,신용카드,문화/여가,31136.0,부산,20대,성공
2024/09/14 18:51,U000661,신용카드,의료,8092.0,전남,60대 이상,실패
2024-07-17 21:13:00,U000817,신용카드,의료,94838.0,부산,30대,성공
2024/10/09 14:37,U001985,신용카드,교통,3671.0,경기,30대,성공
2024-04-22 10:10:00,U003257,신용카드,쇼핑,44554.0,경남,40대,성공
2024-12-27 11:05:00,U001222,계좌이체,교육,309028.0,경기,20대,성공
2024-09-23 21:58:00,U000728,계좌이체,쇼핑,,대구,40대,성공
2024/03/05 18:59,U001177,휴대폰결제,교육,252003.0,충남,30대,성공
2024-09-03 20:41:00,U000423,,문화/여가,81979.0,대구,60대 이상,성공
2024-12-04 06:41:00,U003516, 신용카드 ,여행,289959.0,서울,50대,성공
2024-02-11 08:13:00,U000301,휴대폰결제,기타,3061.0,서울,20대,성공
2024-04-22 20:41:00,U003321,체크카드,쇼핑,85223.0,제주,40대,성공
2024-03-28 12:32:00,U000432, 신용카드 ,식음료,6730.0,서울,40대,성공
2024-07-16 21:26:00,U002681,신용카드,쇼핑,152404.0,서울,30대,성공
2024-11-23 01:13:00,U000413,신용카드,식음료,26337.0,서울,30대,성공
2024-01-22 12:05:00,U003673,,교통,6980.0,경기,10대,실패
2024-12-05 15:19:00,U000043,신용카드,식음료,21492.0,서울,20대,성공
2024/12/23 08:30,U003417,신용카드,교통,4829.0,경기,40대,성공
2024-01-15 15:02:00,U002014,신용카드,의료,76465.0,제주,40대,성공
2024-04-24 12:03:00,U000867,신용카드,교육,149059.0,경남,50대,성공
2024/01/09 13:06,U002542,신용카드,문화/여가,58470.0,경기,20대,성공
2024/11/14 18:56,U000142,신용카드,교통,5233.0,경기,20대,성공
2024-04-27 05:03:00,U001907,체크카드,식음료,27260.0,경기,60대 이상,성공
2024-02-20 23:54:00,U000732,계좌이체,쇼핑,49762.0,인천,50대,성공
2024-06-17 17:02:00,U003251,체크카드,쇼핑,40340.0,부산,10대,실패
2024-12-28 20:02:00,U003660,신용카드,식음료,22782.0,서울,30대,성공
2024-05-15 10:47:00,U000042,체크카드,식음료,7959.0,경기,40대,성공
2024-11-06 13:18:00,U000622,신용카드,문화/여가,23705.0,부산,30대,성공
2024-09-21 21:46:00,U003834,신용카드,식음료,2897.0,서울,20대,성공
2024/11/29 14:25,U000870,신용카드,교통,2872.0,충남,50대,성공
2024/02/26 10:45,U002615,체크카드,의료,14419.0,경남,20대,성공
2024-03-17 14:26:00,U002687,계좌이체,교통,2802.0,서울,,성공
2024-03-03 22:23:00,U000815,,의료,2477.0,충남,20대,성공
2024-01-03 18:47:00,U001629,,기타,7588.0,경기,40대,성공
2024-10-31 20:35:00,U002712,신용카드,교통,3021.0,전남,,성공
2024-12-23 20:47:00,U003963,계좌이체,식음료,23607.0,광주,40대,성공
2024-01-16 20:51:00,U000646,체크카드,공과금,73205.0,서울,30대,성공
2024-09-09 20:55:00,U000788,계좌이체,여행,269266.0,경기,20대,성공
2024-10-14 17:12:00,U001165,휴대폰결제,교육,45941.0,부산,20대,성공
2024-11-19 06:09:00,U003689,계좌이체,식음료,15436.0,,50대,성공
2024-02-28 19:46:00,U001662, 신용카드 ,교육,195783.0,부산,60대 이상,성공
2024-03-21 19:33:00,U003248,체크카드,교통,1207.0,제주,20대,성공
2024-09-30 11:34:00,U002022,체크카드,쇼핑,45911.0,경기,60대 이상,성공
2024-11-20 19:08:00,U002498,신용카드,공과금,28679.0,서울,20대,성공
2024-05-20 10:22:00,U002576,신용카드,쇼핑,72411.0,경기,40대,성공
2024-05-04 15:19:00,U003476,포인트결제,문화/여가,21344.0,경기,30대,성공
2024-05-07 17:03:00,U003693,신용카드,교육,113324.0,충남,30대,성공
2024-06-06 04:51:00,U003767,휴대폰결제,식음료,8758.0,서울,30대,성공
2024-03-04 20:54:00,U002083,포인트결제,쇼핑,-38005.0,,40대,성공
2024-11-03 21:41:00,U003663,계좌이체,교통,5483.0,인천,40대,성공
2024-12-24 20:03:00,U002210,포인트결제,교통,1544.0,경기,20대,성공
2024-07-13 20:26:00,U002109,계좌이체,문화/여가,37773.0,대구,30대,성공
2024-07-15 20:52:00,U003940,포인트결제,쇼핑,52173.0,인천,10대,성공
2024/07/13 18:03,U001139,신용카드,기타,19696.0,서울,,성공
2024-09-28 17:37:00,U000465,신용카드,의료,45734.0,경기,30대,성공
2024-06-28 08:51:00,U002853,휴대폰결제,식음료,9851.0,서울,60대 이상,성공
2024-01-01 10:34:00,U003607,포인트결제,쇼핑,48968.0,서울,30대,성공
2024-10-21 14:31:00,U000093,신용카드,기타,15355.0,대구,30대,성공
2024/03/04 17:33,U000191,계좌이체,문화/여가,60283.0,,30대,취소
2024-06-04 18:03:00,U001687,신용카드,문화/여가,34207.0,서울,20대,성공
2024-01-24 16:48:00,U001218,체크카드,식음료,32693.0,경기,,성공
2024-10-21 15:46:00,U001130,신용카드,기타,25810.0,세종,,성공
2024-01-24 05:00:00,U001228,체크카드,쇼핑,37972.0,서울,40대,성공
2024-06-03 13:07:00,U003655,체크카드,기타,25102.0,경남,20대,성공
2024-07-12 13:16:00,U000713,체크카드,식음료,16717.0,울산,40대,성공
2024-07-08 11:02:00,U002736,포인트결제,공과금,86315.0,,50대,성공
2024/11/29 21:41,U001757,계좌이체,식음료,25663.0,부산,40대,성공
2024-08-04 13:57:00,U000227,휴대폰결제,쇼핑,28880.0,경기,10대,성공
2024-09-22 12:02:00,U002684,신용카드,기타,26539.0,서울,30대,취소
2024-10-15 17:48:00,U003699,체크카드,쇼핑,29178.0,울산,60대 이상,성공
2024-10-11 14:14:00,U000880,체크카드,의료,11665.0,서울,40대,성공
2024-08-15 08:29:00,U003344,신용카드,문화/여가,13286.0,제주,10대,성공
2024-02-15 17:30:00,U000336,체크카드,문화/여가,42659.0,서울,20대,성공
2024-08-31 19:49:00,U003806,포인트결제,식음료,16925.0,대전,30대,성공
2024-09-06 10:58:00,U000114,휴대폰결제,식음료,2611.0,서울,20대,성공
2024-06-14 11:34:00,U002551,신용카드,교통,6443.0,서울,40대,성공
2024-07-27 23:10:00,U000599,신용카드,기타,33291.0,서울,20대,성공
2024/06/21 21:02,U002165,체크카드,의료,57563.0,부산,30대,성공
2024-01-02 19:19:00,U003110,계좌이체,쇼핑,52232.0,전남,30대,실패
2024-12-11 04:21:00,U001270,신용카드,교육,114807.0,경남,20대,성공
2024-07-24 09:16:00,U003862, 신용카드 ,식음료,49618.0,세종,,성공
2024/07/06 21:55,U002448,신용카드,의료,46774.0,경기,30대,성공
2024-10-22 16:37:00,U001594,신용카드,쇼핑,74250.0,서울,20대,성공
2024/01/26 05:36,U000684,신용카드,의료,42185.0,충남,20대,성공
2024-09-19 16:36:00,U001181, 신용카드 ,교통,3164.0,서울,50대,성공
2024-06-27 19:44:00,U000167,신용카드,교육,245850.0,대전,20대,성공
2024-01-10 20:17:00,U001193,신용카드,식음료,21779.0,서울,20대,성공
2024-03-26 09:33:00,U002051,계좌이체,여행,479699.0,부산,,성공
2024-07-28 19:10:00,U003380,신용카드,쇼핑,68674.0,경기,20대,성공
2024-11-16 22:10:00,U003037,계좌이체,쇼핑,101856.0,경북,50대,성공
2024-09-07 00:04:00,U002474,신용카드,공과금,41821.0,서울,30대,성공
2024-01-14 20:30:00,U002746,신용카드,식음료,10508.0,부산,30대,성공
2024-09-08 20:16:00,U003855,체크카드,문화/여가,61935.0,서울,20대,성공
2024-05-21 12:57:00,U002505,계좌이체,기타,22524.0,대전,40대,성공
2024-01-10 18:59:00,U001330,포인트결제,식음료,25544.0,대구,10대,성공
2024-10-24 18:19:00,U001186,계좌이체,식음료,12826.0,서울,40대,성공
2024-07-05 21:01:00,U003606,신용카드,공과금,86148.0,부산,60대 이상,성공
2024-02-19 20:43:00,U001062,계좌이체,교통,10479.0,경기,60대 이상,성공
2024/06/04 20:49,U002520,휴대폰결제,기타,20056.0,대전,40대,성공
2024-03-16 19:41:00,U000941,휴대폰결제,기타,,서울,30대,성공
2024-11-03 10:11:00,U000578,휴대폰결제,식음료,4540.0,경기,30대,성공
2024-03-21 15:47:00,U001933,신용카드,의료,38234.0,대구,60대 이상,성공
2024-11-10 09:30:00,U000804,계좌이체,쇼핑,57065.0,경기,20대,성공
2024-02-28 16:52:00,U002309,계좌이체,문화/여가,6921.0,서울,30대,성공
2024-09-29 05:35:00,U000474,체크카드,문화/여가,52883.0,대구,20대,성공
2024-03-27 08:58:00,U003743,신용카드,식음료,6173.0,인천,20대,실패
2024-06-08 06:31:00,U001035,휴대폰결제,식음료,6417.0,경기,30대,성공
2024/10/21 21:43,U000085,체크카드,공과금,48748.0,경기,60대 이상,성공
2024-07-28 17:43:00,U003105,체크카드,의료,46701.0,경기,20대,성공
2024-04-07 05:45:00,U003578,체크카드,여행,442636.0,서울,20대,성공
2024-10-28 14:26:00,U003381,포인트결제,공과금,143298.0,대전,30대,실패
2024-02-20 23:06:00,U001679,신용카드,교통,8025.0,경기,20대,성공
2024-09-30 09:47:00,U003110,신용카드,쇼핑,32990.0,부산,20대,성공
2024-01-21 16:31:00,U003286,계좌이체,교육,306066.0,서울,60대 이상,성공
2024-11-20 19:54:00,U001852,휴대폰결제,공과금,76807.0,대구,40대,취소
2024-03-27 20:24:00,U001957,체크카드,공과금,,경기,40대,성공
2024-10-30 11:03:00,U002332,체크카드,쇼핑,96668.0,경기,40대,성공
2024/08/28 15:27,U003797,신용카드,쇼핑,17747.0,,20대,성공
2024-04-04 19:14:00,U001902,체크카드,의료,40781.0,경기,10대,성공
2024-10-11 10:41:00,U002255,체크카드,여행,202170.0,경기,30대,성공
2024-12-17 13:30:00,U000208,신용카드,교육,107478.0,전남,50대,성공
2024-07-29 15:31:00,U000935,신용카드,의료,59025.0,경기,30대,성공
2024-05-12 12:43:00,U000897,신용카드,식음료,26518.0,서울,20대,성공
2024/01/11 22:57,U003742,신용카드,문화/여가,26351.0,전북,50대,성공
2024/09/30 13:12,U001976,체크카드,문화/여가,25904.0,서울,40대,성공
2024-12-15 21:18:00,U003395,신용카드,식음료,7011.0,경북,20대,성공
2024-12-29 20:47:00,U002632,신용카드,쇼핑,18794.0,경기,50대,성공
2024-02-17 14:32:00,U002193,신용카드,쇼핑,19570.0,경기,30대,성공
2024-11-13 19:19:00,U002072,신용카드,여행,138986.0,인천,,실패
2024-01-10 16:05:00,U002454,계좌이체,기타,131624.0,서울,40대,성공
2024/07/27 11:38,U003554,신용카드,교통,9533.0,인천,20대,성공
2024-03-11 17:02:00,U003955,포인트결제,식음료,10086.0,경북,30대,성공
2024/10/24 19:12,U001643,신용카드,교통,3121.0,경북,30대,실패
2024-02-08 02:24:00,U001676,포인트결제,쇼핑,84986.0,인천,20대,성공
2024-04-22 11:17:00,U001382,신용카드,문화/여가,22403.0,경기,50대,성공
2024-09-24 17:00:00,U003882,포인트결제,쇼핑,68649.0,서울,40대,성공
2024-08-25 10:00:00,U002133,계좌이체,공과금,105559.0,서울,50대,성공
2024/04/15 13:58,U002444,신용카드,교통,3541.0,제주,40대,실패
2024-11-10 11:07:00,U002379,체크카드,기타,1657.0,경기,20대,성공
2024/09/20 19:55,U002931,계좌이체,문화/여가,21629.0,경기,30대,성공
2024-10-05 18:14:00,U003093,계좌이체,문화/여가,5199.0,경기,40대,성공
2024-01-20 16:29:00,U000775,체크카드,문화/여가,21063.0,경기,20대,성공
2024/08/16 12:01,U003390, 신용카드 ,교육,335773.0,인천,20대,성공
2024/09/23 20:47,U000471,신용카드,교통,4653.0,부산,20대,성공
2024-05-29 08:22:00,U001622,신용카드,여행,55496.0,충남,20대,성공
2024/12/27 14:14,U000870,계좌이체,문화/여가,39547.0,,40대,취소
2024-07-22 08:20:00,U000097,신용카드,식음료,39153.0,인천,30대,성공
2024-05-14 11:36:00,U001667,체크카드,기타,29056.0,서울,20대,성공
2024/08/20 12:23,U001247,체크카드,의료,54701.0,서울,10대,성공
2024-09-25 12:54:00,U002783,휴대폰결제,문화/여가,22771.0,서울,30대,실패
2024-09-25 15:47:00,U002256,계좌이체,쇼핑,78779.0,충남,40대,성공
2024-03-11 20:17:00,U003687,신용카드,의료,41181.0,서울,,성공
2024-05-08 22:18:00,U000053,신용카드,교통,3722.0,경남,30대,성공
2024-08-12 10:59:00,U000374,계좌이체,식음료,5507.0,경기,30대,성공
2024-05-12 12:43:00,U000897,신용카드,식음료,26518.0,서울,20대,성공
2024/12/06 15:49,U001667,신용카드,공과금,139062.0,광주,20대,성공
2024-04-21 11:17:00,U002364,휴대폰결제,의료,67867.0,서울,30대,취소
2024/09/12 14:18,U002535, 신용카드 ,교육,677019.0,충북,20대,성공
2024-08-19 05:02:00,U000035,계좌이체,문화/여가,13672.0,인천,30대,성공
2024-07-02 12:15:00,U002891,신용카드,교통,5141.0,경북,30대,성공
2024-03-04 09:18:00,U000308,신용카드,기타,29882.0,경기,,성공
2024-01-24 19:16:00,U000398, 신용카드 ,식음료,58502.0,,,성공
2024-05-17 14:51:00,U000264,휴대폰결제,쇼핑,64146.0,서울,30대,성공
2024-01-05 20:49:00,U000386,신용카드,쇼핑,71744.0,서울,30대,성공
2024-08-28 15:07:00,U001437,체크카드,문화/여가,35244.0,부산,30대,실패
2024-08-03 18:49:00,U002713,포인트결제,공과금,44250.0,서울,,성공
2024-11-16 05:52:00,U001549,신용카드,교육,96035.0,서울,40대,성공
2024/12/04 10:47,U000280,신용카드,식음료,21793.0,서울,40대,성공
2024-07-06 13:34:00,U001163,계좌이체,여행,66394.0,경기,30대,성공
2024-06-30 11:43:00,U001669,체크카드,쇼핑,19119.0,,20대,성공
2024-03-16 19:38:00,U002622,포인트결제,문화/여가,9160.0,경기,20대,성공
2024-06-24 18:44:00,U002502,신용카드,교통,734.0,경남,20대,성공
2024-01-05 05:25:00,U003671,신용카드,의료,22188.0,강원,50대,성공
2024-06-12 20:09:00,U000942,포인트결제,공과금,105179.0,경기,30대,성공
2024-12-16 15:07:00,U000609,신용카드,기타,37122.0,서울,20대,성공
2024-03-16 23:12:00,U002425, 신용카드 ,의료,18246.0,경기,20대,성공
2024-12-05 19:08:00,U001376,신용카드,교통,5955.0,대구,,실패
2024-07-20 10:24:00,U003080,포인트결제,쇼핑,114642.0,경남,30대,성공
2024-07-12 15:16:00,U001409,,기타,10186.0,경기,30대,성공
2024/05/12 18:18,U002128,계좌이체,쇼핑,5489.0,대전,10대,성공
2024-10-07 22:32:00,U003187,계좌이체,기타,12582.0,서울,40대,성공
2024-02-23 20:07:00,U003695,,쇼핑,146026.0,경기,50대,성공
2024-10-09 09:18:00,U003314,신용카드,쇼핑,62088.0,서울,20대,성공
2024/12/17 09:21,U000079,신용카드,쇼핑,46131.0,서울,30대,성공
2024-01-27 14:42:00,U003697,체크카드,문화/여가,35725.0,부산,10대,성공
2024-12-19 19:21:00,U002551,계좌이체,식음료,10884.0,서울,40대,성공
2024-06-14 18:49:00,U001125,계좌이체,쇼핑,22287.0,서울,40대,성공
2024-05-14 11:18:00,U001603,체크카드,기타,40441.0,서울,30대,취소
2024-02-22 10:39:00,U002102,신용카드,쇼핑,59506.0,경기,20대,성공
2024-05-14 12:36:00,U000436,신용카드,교육,228522.0,서울,,성공
2024-07-12 12:05:00,U002233,신용카드,교육,160090.0,경기,20대,성공
2024-09-17 19:25:00,U002317,신용카드,문화/여가,46045.0,서울,30대,성공
2024/08/25 19:40,U002421,계좌이체,교육,300600.0,경기,60대 이상,성공
2024-06-22 11:20:00,U002495,계좌이체,쇼핑,23934.0,서울,60대 이상,성공
2024-10-01 23:01:00,U000024,신용카드,쇼핑,80194.0,경기,20대,성공
2024-04-05 11:29:00,U003522,신용카드,기타,12846.0,충북,,성공
2024/06/12 09:35,U000716,,식음료,11551.0,서울,20대,실패
2024-08-01 05:46:00,U002553,신용카드,식음료,10102.0,충남,50대,성공
2024/11/09 21:27,U000113,체크카드,식음료,9439.0,경기,40대,성공
2024-11-03 08:23:00,U001560,체크카드,기타,60018.0,전북,20대,성공
2024-11-10 16:42:00,U000735,체크카드,식음료,12108.0,경기,60대 이상,성공
2024-07-09 11:34:00,U000849,휴대폰결제,교통,3581.0,서울,40대,성공
2024-09-19 21:48:00,U003811,체크카드,교통,5126.0,인천,50대,성공
2024-07-02 22:41:00,U000313,체크카드,교육,92249.0,제주,20대,성공
2024-02-11 10:18:00,U002034,포인트결제,여행,72837.0,충북,20대,성공
2024-08-19 09:01:00,U000045,체크카드,식음료,23628.0,울산,20대,성공
2024-08-24 09:20:00,U000041,포인트결제,식음료,12540.0,,50대,성공
2024-03-12 21:20:00,U000804,체크카드,식음료,27650.0,충북,60대 이상,성공
2024/02/08 13:48,U001744,신용카드,식음료,6646.0,대구,20대,성공
2024-05-29 21:43:00,U003844,휴대폰결제,교육,65428.0,경기,30대,취소
2024-02-14 14:20:00,U001876,체크카드,의료,43569.0,경기,20대,성공
2024-09-13 18:17:00,U003316,체크카드,교육,117531.0,경기,,성공
2024-11-01 09:18:00,U003003,신용카드,문화/여가,41374.0,서울,30대,성공
2024-06-28 22:34:00,U001647,신용카드,기타,23119.0,경기,30대,성공
2024-03-04 11:59:00,U000840,신용카드,식음료,15509.0,경남,10대,성공
2024-11-17 18:01:00,U001615, 신용카드 ,쇼핑,10213.0,대구,40대,성공
2024-09-11 07:05:00,U002183,계좌이체,식음료,3803.0,서울,30대,성공
2024-03-05 11:45:00,U000541,신용카드,식음료,14372.0,경남,30대,성공
2024-12-04 14:13:00,U000764,신용카드,식음료,32653.0,경기,40대,성공
2024-08-02 09:08:00,U002265,,식음료,21740.0,경기,50대,성공
2024-01-01 04:07:00,U000798,신용카드,기타,55443.0,제주,30대,실패
2024-02-23 19:01:00,U001428,포인트결제,기타,28695.0,경남,30대,성공
2024-09-21 19:49:00,U000215,신용카드,교통,2226.0,광주,20대,성공
2024-10-04 13:03:00,U000022,체크카드,교통,1855.0,,50대,성공
2024-05-22 18:03:00,U002896,체크카드,공과금,149715.0,,20대,성공
2024-04-26 20:22:00,U000523,신용카드,문화/여가,18430.0,경기,20대,취소
2024-01-08 13:43:00,U001070,체크카드,기타,13399.0,인천,50대,성공
2024-05-03 11:21:00,U000473,체크카드,교통,1168.0,서울,,실패
2024-02-07 09:58:00,U002303,신용카드,교통,1689.0,경기,30대,성공
2024-02-12 10:44:00,U001185,포인트결제,쇼핑,105985.0,충남,10대,성공
2024-08-11 11:03:00,U001636, 신용카드 ,공과금,130561.0,경기,20대,성공
2024-10-16 13:42:00,U002561,신용카드,식음료,9137.0,경기,30대,성공
2024-11-17 20:23:00,U000329,신용카드,교통,4423.0,서울,30대,성공
2024-01-17 02:23:00,U001300,신용카드,쇼핑,105610.0,서울,10대,성공
2024-08-15 13:46:00,U002538,계좌이체,식음료,5855.0,서울,60대 이상,성공
2024-09-01 12:41:00,U001444,계좌이체,쇼핑,79907.0,서울,30대,성공
2024-07-19 02:14:00,U001501,포인트결제,식음료,5133.0,경기,20대,성공
2024-03-07 18:30:00,U001608,신용카드,쇼핑,46286.0,서울,,실패
2024-07-11 15:11:00,U000859,신용카드,문화/여가,51572.0,경북,30대,성공
2024-08-29 10:54:00,U001171,체크카드,쇼핑,70974.0,서울,40대,성공
2024-11-14 16:30:00,U002030,포인트결제,문화/여가,76815.0,서울,40대,성공
2024-10-06 12:12:00,U000713,체크카드,기타,6516.0,서울,30대,성공
2024-05-17 20:55:00,U002980,휴대폰결제,공과금,79258.0,인천,30대,성공
2024-09-15 12:29:00,U003808,체크카드,문화/여가,34280.0,경북,30대,성공
2024-02-28 16:41:00,U000288,체크카드,쇼핑,21724.0,경기,60대 이상,성공
2024/03/19 20:17,U000166,포인트결제,의료,26252.0,대전,40대,성공
2024-01-16 22:00:00,U001571,계좌이체,의료,45723.0,경남,40대,성공
2024-08-31 18:06:00,U001972,신용카드,교통,3998.0,경남,20대,성공
2024-02-05 09:40:00,U001990,신용카드,식음료,52722.0,부산,40대,성공
2024-12-29 21:17:00,U000162,신용카드,의료,12317.0,경기,20대,성공
2024-09-18 18:15:00,U000125,체크카드,식음료,15526.0,충북,,성공
2024-03-30 21:28:00,U001230,신용카드,기타,52225.0,경남,40대,성공
2024-03-08 21:45:00,U003603,계좌이체,교육,99749.0,경기,40대,성공
2024/03/04 13:00,U001333,신용카드,쇼핑,52328.0,서울,40대,성공
2024-07-09 21:02:00,U000342,신용카드,여행,100961.0,서울,10대,성공
2024-05-18 15:13:00,U002527,계좌이체,교통,5265.0,경기,30대,성공
2024-07-07 21:13:00,U000050,계좌이체,기타,13817.0,광주,30대,성공
2024-11-24 18:42:00,U003340,체크카드,쇼핑,23446.0,경기,10대,성공
2024-10-31 10:23:00,U000155,계좌이체,교통,8258.0,경남,20대,성공
2024-07-30 08:00:00,U003593,신용카드,교통,583.0,경기,20대,성공
2024-05-13 06:01:00,U003832,포인트결제,기타,25980.0,서울,50대,성공
2024-08-11 16:28:00,U001261,휴대폰결제,교통,4292.0,경기,20대,성공
2024-01-10 05:26:00,U000355,신용카드,쇼핑,34722.0,서울,30대,성공
2024-07-07 12:50:00,U001364,포인트결제,식음료,14137.0,,50대,성공
2024-10-29 12:07:00,U003818,신용카드,의료,36136.0,부산,30대,성공
2024-06-03 18:45:00,U003185,신용카드,공과금,86564.0,인천,30대,성공
2024/02/03 09:14,U001850,신용카드,식음료,61179.0,전북,50대,성공
2024-11-27 08:23:00,U003884,신용카드,문화/여가,61741.0,대전,20대,성공
2024-08-15 12:13:00,U002116,,교통,2435.0,제주,20대,성공
2024/02/06 11:07,U000638,신용카드,식음료,11808.0,서울,40대,성공
2024-04-26 21:22:00,U000826,휴대폰결제,기타,58284.0,서울,40대,성공
2024-09-25 19:49:00,U002107,체크카드,공과금,46775.0,,50대,성공
2024-05-27 23:59:00,U000407,포인트결제,식음료,13682.0,인천,10대,성공
2024-08-04 14:44:00,U002015,신용카드,의료,51798.0,인천,40대,성공
2024-11-09 18:06:00,U001362,포인트결제,쇼핑,72383.0,대전,50대,성공
2024-03-25 23:19:00,U000801,체크카드,교통,2142.0,강원,40대,성공
2024-02-26 20:32:00,U002791,신용카드,식음료,37562.0,인천,40대,성공
2024/08/07 00:51,U002229,신용카드,문화/여가,107485.0,,30대,성공
2024-07-04 20:33:00,U000314,신용카드,기타,58885.0,경기,50대,성공
2024-09-24 21:14:00,U001832,신용카드,공과금,11349.0,경기,30대,성공
2024-12-26 16:26:00,U002362,계좌이체,의료,14843.0,강원,50대,성공
2024-10-21 19:42:00,U000561,신용카드,기타,11066.0,경기,20대,성공
2024/11/01 08:55,U002283,계좌이체,문화/여가,43343.0,경기,30대,성공
2024/07/11 15:30,U002858,휴대폰결제,교통,5853.0,서울,20대,성공
2024-02-25 08:24:00,U002242,신용카드,문화/여가,18535.0,대구,40대,성공
2024-12-09 00:04:00,U002803,신용카드,교통,3891.0,서울,40대,성공
2024-05-13 16:52:00,U003883,신용카드,기타,11414.0,서울,20대,성공
2024-09-13 10:18:00,U001289, 신용카드 ,의료,57823.0,,30대,성공
2024-03-03 05:07:00,U000678,신용카드,식음료,8953.0,전남,30대,성공
2024-05-15 19:41:00,U001860,휴대폰결제,교통,6026.0,서울,30대,성공
2024/02/07 16:14,U002826,신용카드,식음료,49315.0,인천,30대,성공
2024-06-30 19:01:00,U002068,신용카드,교통,5939.0,인천,30대,성공
2024-12-03 19:14:00,U002201,신용카드,쇼핑,29593.0,전북,20대,성공
2024/06/07 20:04,U002345,신용카드,교통,4824.0,전남,20대,성공
2024-08-13 21:03:00,U003759,체크카드,의료,85097.0,충북,30대,성공
2024/12/01 11:20,U001484,계좌이체,공과금,34921.0,경남,60대 이상,성공
2024-04-26 19:30:00,U001699,체크카드,쇼핑,106366.0,경기,30대,실패
2024-11-18 19:37:00,U002839,신용카드,쇼핑,35064.0,경남,20대,성공
2024-10-18 10:59:00,U003436,신용카드,의료,40142.0,서울,40대,성공
2024-11-25 12:24:00,U002084,신용카드,쇼핑,24694.0,경북,20대,성공
2024-12-24 14:45:00,U003506,체크카드,쇼핑,72727.0,서울,30대,성공
2024-03-30 18:02:00,U001079,신용카드,공과금,122454.0,경기,20대,성공
2024-09-16 08:32:00,U000927,포인트결제,문화/여가,114219.0,,30대,성공
2024-02-27 16:46:00,U000957,신용카드,교통,1804.0,부산,20대,성공
2024-01-21 10:46:00,U001256,신용카드,문화/여가,33881.0,경기,30대,성공
2024-04-04 19:47:00,U001206,체크카드,식음료,33260.0,세종,20대,성공
2024-10-27 07:23:00,U002250,휴대폰결제,기타,12052.0,세종,20대,성공
2024/02/09 13:11,U002835,체크카드,교통,10943.0,,30대,성공
2024/08/21 15:52,U001219,신용카드,식음료,5077.0,경기,20대,성공
2024-05-14 11:44:00,U002625,신용카드,교통,8310.0,제주,40대,성공
2024-06-07 19:04:00,U002824,체크카드,여행,151532.0,인천,40대,성공
2024-05-07 01:47:00,U003575,신용카드,의료,44084.0,서울,10대,성공
2024-03-08 18:19:00,U000875,신용카드,식음료,22591.0,경기,40대,성공
2024-04-28 22:42:00,U001256,계좌이체,쇼핑,35493.0,서울,30대,성공
2024-09-01 20:21:00,U000972,신용카드,기타,77813.0,경남,30대,성공
2024-04-12 13:19:00,U003210,휴대폰결제,문화/여가,56493.0,대구,,성공
2024-07-06 11:49:00,U001566,신용카드,기타,11207.0,경기,20대,성공
2024-09-16 22:36:00,U002176,신용카드,식음료,30851.0,경북,30대,성공
2024-01-11 15:40:00,U001020,신용카드,쇼핑,41005.0,서울,,성공
2024-05-08 17:02:00,U000299,체크카드,식음료,12394.0,경기,40대,성공
2024-07-29 17:05:00,U003018,신용카드,교통,,대구,20대,성공
2024-12-08 18:41:00,U000879,신용카드,교육,27432.0,서울,10대,성공
2024-03-25 20:00:00,U000239,신용카드,식음료,13101.0,경기,40대,성공
2024-07-27 18:09:00,U001168,계좌이체,쇼핑,28517.0,경기,60대 이상,성공
2024-04-23 09:00:00,U002734,포인트결제,교통,3922.0,광주,,성공
2024-10-03 18:31:00,U003811,휴대폰결제,쇼핑,82111.0,서울,30대,성공
2024-05-14 19:36:00,U003755,계좌이체,식음료,52108.0,서울,40대,성공
2024-04-01 12:11:00,U001680,계좌이체,식음료,22393.0,서울,50대,성공
2024-11-04 21:42:00,U000698, 신용카드 ,식음료,5586.0,경기,20대,성공
2024-12-04 14:42:00,U003293, 신용카드 ,교통,1467.0,경남,30대,성공
2024/04/09 17:46,U001699,신용카드,쇼핑,36749.0,서울,40대,취소
2024-01-17 12:15:00,U001739,체크카드,식음료,17579.0,충남,30대,성공
2024-06-15 20:35:00,U001953,신용카드,공과금,153717.0,경기,20대,성공
2024-05-17 12:21:00,U001603,신용카드,쇼핑,77109.0,세종,,성공
2024-05-31 18:24:00,U001147,신용카드,쇼핑,,충남,20대,성공
2024/07/02 09:38,U001993,,식음료,21916.0,경기,20대,성공
2024-07-10 22:41:00,U000109,체크카드,여행,136173.0,경기,20대,성공
2024-07-14 06:16:00,U002020,체크카드,여행,59096.0,서울,30대,성공
2024-12-29 18:52:00,U001492,체크카드,쇼핑,95397.0,경기,40대,성공
2024-06-07 07:57:00,U000153,신용카드,문화/여가,19099.0,전남,30대,성공
2024-02-27 19:23:00,U002346,포인트결제,쇼핑,6651.0,전남,20대,성공
2024-10-15 12:03:00,U003970,신용카드,문화/여가,43110.0,강원,60대 이상,성공
2024-04-01 11:34:00,U000949,체크카드,쇼핑,119993.0,서울,20대,성공
2024-02-27 20:31:00,U002694,체크카드,교통,3738.0,,30대,성공
2024-01-26 15:55:00,U000819,체크카드,식음료,38632.0,경남,30대,실패
2024/07/12 18:26,U003621,신용카드,쇼핑,87956.0,경기,,성공
2024-09-28 12:32:00,U002962,포인트결제,식음료,15467.0,강원,50대,성공
2024-12-01 12:23:00,U001061,체크카드,의료,40705.0,경남,30대,성공
2024-09-05 20:01:00,U002803,체크카드,의료,73590.0,경기,20대,성공
2024-02-16 20:24:00,U000468,신용카드,문화/여가,67460.0,경기,30대,성공
2024-07-14 11:02:00,U001771,휴대폰결제,교통,1470.0,경기,30대,성공
2024-08-26 06:59:00,U000238,신용카드,식음료,16843.0,경기,50대,성공
2024-03-16 19:35:00,U002394,신용카드,공과금,229993.0,서울,40대,성공
2024-12-13 14:41:00,U003045,휴대폰결제,의료,57370.0,경기,10대,성공
2024-04-28 14:49:00,U001286,포인트결제,쇼핑,10324.0,경남,50대,성공
2024-02-02 20:11:00,U002022,신용카드,의료,104242.0,경기,40대,성공
2024-12-29 17:23:00,U001593,체크카드,문화/여가,13786.0,경남,40대,성공
2024-03-07 12:22:00,U001686,계좌이체,의료,22230.0,경기,50대,성공
2024-09-01 15:25:00,U000203,계좌이체,쇼핑,71009.0,경기,50대,성공
2024-07-17 09:46:00,U000398, 신용카드 ,의료,36981.0,서울,50대,성공
2024/03/05 08:30,U002509,계좌이체,기타,18576.0,경기,30대,성공
2024-08-29 15:23:00,U000981,신용카드,의료,76932.0,경남,,성공
2024-08-03 14:25:00,U003919,계좌이체,공과금,243689.0,경북,20대,성공
2024/03/19 20:11,U003109,신용카드,쇼핑,9475.0,경남,20대,성공
2024-08-13 13:46:00,U003852,체크카드,교통,5573.0,경기,30대,성공
2024-09-30 11:39:00,U001405,체크카드,쇼핑,110309.0,서울,40대,실패
2024-08-08 13:02:00,U003947,신용카드,문화/여가,15695.0,세종,30대,성공
2024/02/11 15:37,U002967,신용카드,쇼핑,121023.0,경기,30대,성공
2024-03-01 21:31:00,U000618,신용카드,여행,136783.0,광주,30대,성공
2024-02-26 08:22:00,U000847,계좌이체,공과금,111481.0,서울,20대,성공
2024-09-18 19:42:00,U002743,신용카드,교육,249474.0,부산,20대,성공
2024-03-24 18:25:00,U000487,신용카드,의료,65803.0,전남,50대,성공
2024-10-12 22:25:00,U000355,체크카드,문화/여가,29966.0,전남,30대,성공
2024-07-30 11:32:00,U001861,신용카드,교통,2584.0,경기,30대,성공
2024/04/26 13:29,U002146,체크카드,문화/여가,21388.0,충남,40대,성공
2024-07-19 09:23:00,U002284,포인트결제,의료,128986.0,충남,50대,성공
2024-02-21 18:24:00,U001380,포인트결제,여행,583862.0,광주,50대,성공
2024-04-19 12:13:00,U001548,신용카드,식음료,4883.0,대구,30대,성공
2024/03/11 20:05,U003694,포인트결제,식음료,28196.0,경기,10대,성공
2024-09-21 19:51:00,U002507,휴대폰결제,교통,1318.0,전남,20대,성공
2024/07/21 21:11,U003424,체크카드,쇼핑,11063.0,경기,10대,성공
2024-11-28 08:43:00,U001525,신용카드,쇼핑,13294.0,경기,30대,성공
2024/05/27 01:46,U003558,신용카드,쇼핑,91539.0,서울,10대,실패
2024-12-14 18:51:00,U000945,체크카드,교육,157303.0,서울,20대,성공
2024-03-04 03:07:00,U002837,신용카드,식음료,44072.0,울산,30대,성공
2024-05-14 11:39:00,U000843,체크카드,쇼핑,85988.0,인천,40대,성공
2024-01-27 22:05:00,U000404,체크카드,교육,273337.0,서울,20대,성공
2024-07-30 10:14:00,U003243,체크카드,교통,5479.0,,30대,성공
2024-12-16 17:31:00,U003186,신용카드,쇼핑,57930.0,경기,20대,성공
2024/06/01 07:09,U003990,신용카드,쇼핑,29218.0,서울,50대,성공
2024-09-30 16:33:00,U003679,포인트결제,공과금,88001.0,인천,40대,성공
2024-04-05 15:20:00,U000465,계좌이체,문화/여가,53894.0,서울,20대,성공
2024-08-04 17:44:00,U001575,체크카드,식음료,10543.0,경기,30대,성공
2024-05-17 09:41:00,U003473,포인트결제,식음료,11943.0,서울,50대,성공
2024/07/25 09:21,U002891,계좌이체,식음료,12467.0,전남,40대,성공
2024-12-19 08:00:00,U000854,신용카드,쇼핑,46858.0,서울,20대,성공
2024-02-01 10:41:00,U001030,체크카드,교통,2159.0,경기,20대,성공
2024-02-02 19:39:00,U002308,휴대폰결제,교육,95309.0,경기,,성공
2024-06-29 03:41:00,U002783,신용카드,기타,9103.0,경기,30대,성공
2024-01-02 13:48:00,U002220,신용카드,쇼핑,95195.0,대구,30대,성공
2024-10-17 14:53:00,U001906,포인트결제,쇼핑,70236.0,경기,20대,성공
2024-09-16 15:49:00,U001248, 신용카드 ,식음료,27814.0,경남,40대,성공
2024-06-12 18:30:00,U001087,신용카드,기타,2802.0,경기,,취소
2024-07-26 14:28:00,U002075,신용카드,문화/여가,16857.0,충남,40대,성공
2024/08/19 11:38,U002127,체크카드,쇼핑,29075.0,충북,50대,성공
2024/02/02 16:21,U000695,포인트결제,교육,97160.0,제주,50대,취소
2024/10/24 05:18,U001870,신용카드,식음료,21269.0,서울,40대,취소
2024/10/25 09:56,U001894,계좌이체,식음료,16621.0,대전,20대,성공
2024-05-16 08:45:00,U002365,신용카드,여행,238924.0,서울,10대,성공
2024-04-03 20:38:00,U000905,신용카드,쇼핑,63700.0,울산,20대,성공
2024-06-07 17:54:00,U000172,계좌이체,식음료,25475.0,서울,60대 이상,성공
2024-07-11 21:24:00,U000005,신용카드,교통,4882.0,경기,20대,성공
2024-11-25 20:22:00,U001852,포인트결제,식음료,,인천,20대,성공
2024-04-13 22:15:00,U002257, 신용카드 ,쇼핑,104092.0,경기,20대,실패
2024/05/20 20:45,U002741,신용카드,쇼핑,,서울,40대,성공
2024-09-16 18:55:00,U003104,신용카드,교육,73946.0,서울,30대,성공
2024-04-10 16:29:00,U002673,신용카드,쇼핑,38477.0,서울,50대,성공
2024-02-24 22:12:00,U000796,신용카드,교통,4401.0,전북,50대,성공
2024-11-27 13:37:00,U001678,계좌이체,의료,65750.0,제주,20대,성공
2024/08/29 07:56,U002366,포인트결제,식음료,21243.0,인천,30대,성공
2024-03-16 23:29:00,U001138,신용카드,교통,741.0,서울,20대,성공
2024-08-09 16:07:00,U003283,신용카드,쇼핑,28270.0,경남,40대,성공
2024-01-28 22:01:00,U003901,휴대폰결제,식음료,500.0,서울,20대,실패
2024-09-02 09:11:00,U002192,신용카드,여행,124395.0,경기,50대,성공
2024-05-11 12:39:00,U002577,계좌이체,의료,98177.0,서울,40대,성공
2024-04-26 07:12:00,U003168,포인트결제,쇼핑,9432.0,경기,30대,성공
2024-04-24 01:54:00,U003186,계좌이체,식음료,28906.0,충북,20대,성공
2024-10-31 19:41:00,U002880,체크카드,쇼핑,61064.0,경기,30대,성공
2024-08-19 12:57:00,U000581,신용카드,쇼핑,85486.0,부산,,성공
2024-07-11 13:00:00,U001814,신용카드,기타,5976.0,충북,60대 이상,성공
2024-07-04 23:04:00,U002411,신용카드,교육,60593.0,인천,20대,성공
2024-10-31 16:55:00,U002128,신용카드,문화/여가,19262.0,강원,30대,성공
2024-06-20 12:26:00,U003596,신용카드,식음료,19267.0,경북,,성공
2024-10-19 09:12:00,U000971,포인트결제,공과금,113315.0,전남,20대,성공
2024-02-05 18:42:00,U000804,신용카드,식음료,3872.0,경기,10대,성공
2024-10-22 18:16:00,U001019,계좌이체,쇼핑,7500.0,경기,10대,성공
2024-10-11 17:52:00,U000822,체크카드,식음료,11624.0,서울,20대,성공
2024-09-20 04:33:00,U000828,,교육,65778.0,서울,30대,성공
2024-12-12 15:30:00,U002275,체크카드,쇼핑,71732.0,경기,,성공
2024-12-27 14:16:00,U000612,체크카드,기타,14532.0,대구,20대,성공
2024-02-13 09:26:00,U000655,신용카드,식음료,27099.0,서울,40대,성공
2024/09/09 12:13,U003030,휴대폰결제,공과금,84148.0,경남,30대,성공
2024-09-13 08:38:00,U002901,체크카드,여행,107204.0,충남,20대,성공
2024-03-26 13:12:00,U003319,포인트결제,공과금,64538.0,충북,20대,성공
2024/01/09 19:01,U000492,체크카드,문화/여가,52646.0,전북,10대,성공
2024-06-17 19:20:00,U003597,신용카드,식음료,23527.0,대전,40대,성공
2024-05-05 11:53:00,U002730,신용카드,식음료,41352.0,부산,,성공
2024-10-01 10:22:00,U003682,계좌이체,식음료,21906.0,서울,30대,실패
2024-06-22 07:28:00,U003976,체크카드,의료,17430.0,경남,30대,성공
2024-01-11 17:09:00,U001830, 신용카드 ,식음료,9347.0,서울,50대,성공
2024-01-18 01:17:00,U003453,체크카드,쇼핑,50383.0,서울,30대,성공
2024-08-20 21:56:00,U003627,신용카드,공과금,202001.0,경남,20대,성공
2024-12-26 08:00:00,U002457,체크카드,교육,192328.0,서울,10대,성공
2024/02/17 19:01,U002112,포인트결제,문화/여가,78955.0,서울,10대,성공
2024-12-26 19:15:00,U003207,,교통,8273.0,서울,30대,성공
2024-09-13 12:05:00,U002148,신용카드,의료,27350.0,,50대,성공
2024-05-21 20:11:00,U000640,신용카드,교육,51366.0,서울,30대,성공
2024-06-13 17:18:00,U000810,체크카드,식음료,15493.0,서울,40대,성공
2024-07-06 21:57:00,U003543,계좌이체,식음료,19527.0,경기,30대,성공
2024-06-03 18:27:00,U002485,신용카드,기타,14576.0,서울,40대,성공
2024-09-06 13:38:00,U003679,신용카드,쇼핑,162042.0,제주,20대,성공
2024-12-23 17:33:00,U001641,체크카드,쇼핑,74209.0,전북,50대,성공
2024-01-02 19:54:00,U003583,신용카드,문화/여가,28830.0,경기,,성공
2024-05-27 16:57:00,U000880,포인트결제,여행,46262.0,인천,50대,성공
2024-06-05 10:49:00,U002243,포인트결제,교통,8152.0,서울,20대,성공
2024-05-28 14:20:00,U000751,신용카드,교육,84897.0,부산,10대,성공
2024-08-28 19:34:00,U001839,계좌이체,쇼핑,45176.0,,20대,성공
2024-07-10 10:25:00,U002355,계좌이체,쇼핑,35496.0,서울,40대,성공
2024-05-10 18:58:00,U000618,계좌이체,문화/여가,19515.0,서울,,성공
2024-07-31 10:19:00,U001274,체크카드,식음료,,부산,30대,성공
2024-12-16 08:18:00,U002629,체크카드,기타,35565.0,인천,30대,성공
2024-04-24 16:08:00,U001094,신용카드,교통,5249.0,서울,40대,성공
2024-11-27 16:36:00,U000467,신용카드,교통,2229.0,전북,30대,성공
2024-07-31 08:58:00,U003521,신용카드,의료,20252.0,부산,50대,성공
2024-08-03 11:48:00,U003964,체크카드,쇼핑,38542.0,인천,40대,성공
2024-08-10 18:05:00,U000159,신용카드,공과금,178165.0,부산,10대,성공
2024-08-10 13:01:00,U000363,신용카드,교육,52391.0,경남,,성공
2024-02-24 09:47:00,U000805,신용카드,문화/여가,110216.0,서울,30대,성공
2024-07-17 01:43:00,U002791,계좌이체,교통,1852.0,경기,40대,성공
2024-02-17 15:10:00,U003146,체크카드,문화/여가,36887.0,서울,50대,성공
2024-04-05 10:10:00,U000390, 신용카드 ,문화/여가,39933.0,경북,20대,성공
2024-04-25 10:14:00,U003562,계좌이체,문화/여가,14382.0,서울,30대,성공
2024-06-01 07:13:00,U001646,신용카드,문화/여가,16002.0,서울,50대,성공
2024-04-11 20:31:00,U002963,휴대폰결제,쇼핑,69257.0,인천,20대,성공
2024-10-29 14:03:00,U002490,신용카드,식음료,13334.0,울산,,성공
2024-11-13 23:06:00,U000285,휴대폰결제,식음료,13923.0,대전,30대,성공
2024-08-26 07:40:00,U003903,체크카드,의료,27569.0,경남,10대,실패
2024-05-14 12:32:00,U003444,포인트결제,쇼핑,44686.0,경기,30대,성공
2024-07-03 10:03:00,U003875,휴대폰결제,쇼핑,78934.0,경기,30대,성공
2024/04/30 23:51,U000152,체크카드,기타,37453.0,인천,60대 이상,실패
2024/05/10 11:29,U000306,계좌이체,쇼핑,82356.0,경기,40대,성공
2024-02-24 11:52:00,U002850,계좌이체,기타,10680.0,,30대,성공
2024-08-08 09:54:00,U003141,체크카드,식음료,35184.0,대구,40대,성공
2024-02-01 14:09:00,U000754,신용카드,의료,49033.0,경기,30대,취소
2024-09-23 08:51:00,U001433,신용카드,의료,4418.0,대구,30대,성공
2024-08-08 12:32:00,U002435,계좌이체,교육,101670.0,경기,40대,성공
2024/06/11 20:56,U000097,신용카드,쇼핑,52524.0,경기,40대,성공
2024-02-28 12:14:00,U001936,체크카드,쇼핑,83776.0,대구,40대,성공
2024-01-07 19:46:00,U001817,신용카드,문화/여가,,경북,50대,성공
2024/08/19 11:07,U001647,계좌이체,식음료,34977.0,서울,30대,성공
2024-10-27 18:03:00,U002580,체크카드,식음료,19394.0,경기,20대,성공
2024-11-25 20:34:00,U001698,,쇼핑,56293.0,광주,,성공
2024-01-12 16:05:00,U002387,계좌이체,문화/여가,69625.0,경남,40대,실패
2024-05-08 10:22:00,U001291,신용카드,쇼핑,56522.0,경기,30대,성공
2024-06-30 01:16:00,U002716,계좌이체,쇼핑,87200.0,부산,50대,성공
2024/03/01 08:15,U001610,신용카드,쇼핑,76593.0,서울,30대,성공
2024-02-28 19:24:00,U003823,체크카드,식음료,17919.0,대전,60대 이상,취소
2024-04-13 05:01:00,U000040,휴대폰결제,교통,4663.0,경남,20대,성공
2024/11/29 23:14,U000994,포인트결제,교통,2113.0,경기,20대,성공
2024-03-20 11:55:00,U003914,체크카드,의료,7069.0,서울,20대,성공
2024-02-01 14:58:00,U001848,신용카드,식음료,10813.0,경기,,성공
2024-04-24 12:03:00,U000867,신용카드,교육,149059.0,경남,50대,성공
2024-01-19 02:40:00,U000898,포인트결제,교통,2725.0,부산,40대,성공
2024/11/10 19:25,U002297,포인트결제,교통,5225.0,,30대,성공
2024-10-22 18:08:00,U000330,신용카드,쇼핑,53601.0,인천,20대,성공
2024-12-15 18:23:00,U001418,신용카드,교통,15802.0,서울,40대,성공
2024-05-29 21:50:00,U000132,포인트결제,여행,92288.0,광주,20대,성공
2024-05-09 09:09:00,U001353,체크카드,의료,20750.0,광주,60대 이상,성공
2024-02-10 12:44:00,U001866,체크카드,기타,9940.0,대구,30대,성공
2024-07-08 09:15:00,U001704,신용카드,기타,35105.0,전북,60대 이상,성공
2024/03/19 11:34,U000324,체크카드,식음료,13855.0,부산,20대,실패
2024-12-08 02:03:00,U000809, 신용카드 ,교통,6638.0,경기,60대 이상,성공
2024/07/30 11:26,U001109,신용카드,문화/여가,80541.0,경기,50대,성공
2024/06/10 14:59,U002189,신용카드,식음료,6092.0,경북,30대,성공
2024-07-23 19:20:00,U003917,휴대폰결제,교통,4590.0,전남,50대,성공
2024-11-20 09:19:00,U003867,신용카드,공과금,30578.0,서울,40대,성공
2024-04-24 22:05:00,U001302,신용카드,문화/여가,18695.0,,20대,성공
2024-06-22 01:40:00,U001717,신용카드,문화/여가,24616.0,경남,20대,성공
2024-12-14 18:21:00,U002718, 신용카드 ,여행,112052.0,경기,20대,성공
2024/04/13 14:20,U003243,포인트결제,기타,17700.0,경남,30대,성공
2024-05-12 10:30:00,U003712,신용카드,식음료,22189.0,충북,30대,성공
2024/12/05 22:20,U002721,신용카드,교육,60747.0,경기,50대,성공
2024-12-14 16:13:00,U001040,신용카드,의료,,경기,,성공
2024/08/04 15:24,U000666,신용카드,교통,1555.0,경기,40대,성공
2024-04-29 21:13:00,U002929,신용카드,의료,78314.0,인천,,성공
2024-02-23 13:14:00,U001962,체크카드,교통,4529.0,,20대,성공
2024-11-18 16:38:00,U002615,신용카드,문화/여가,16470.0,경기,20대,성공
2024-11-24 13:55:00,U001017,신용카드,교통,4529.0,서울,40대,성공
2024-08-16 11:59:00,U000554,신용카드,기타,14419.0,서울,20대,성공
2024-11-17 19:13:00,U001726,신용카드,의료,10884.0,충남,10대,성공
2024-12-14 18:05:00,U001210,휴대폰결제,공과금,28521.0,부산,40대,성공
2024-03-27 13:47:00,U002769,신용카드,기타,10835.0,제주,20대,성공
2024-11-23 13:00:00,U003185,신용카드,여행,216161.0,부산,60대 이상,성공
2024-05-09 09:17:00,U002354,체크카드,기타,19086.0,,40대,성공
2024/11/19 18:20,U001028, 신용카드 ,식음료,12601.0,경남,30대,성공
2024-09-08 18:10:00,U002927,체크카드,의료,40288.0,충남,20대,성공
2024-08-10 15:21:00,U003800,체크카드,기타,22304.0,경기,30대,성공
2024-04-18 18:36:00,U002884,계좌이체,의료,30926.0,경기,50대,성공
2024-08-29 18:21:00,U003245,계좌이체,쇼핑,17755.0,서울,,성공
2024-07-18 13:13:00,U003538,신용카드,식음료,2682.0,서울,10대,실패
2024-03-06 16:38:00,U002108,체크카드,문화/여가,20892.0,,40대,성공
2024-05-21 09:09:00,U000480,신용카드,여행,183956.0,서울,20대,성공
2024-03-17 18:45:00,U002697,체크카드,교통,4317.0,경남,30대,성공
2024-10-27 16:52:00,U003783,신용카드,쇼핑,32225.0,부산,,성공
2024-12-23 16:19:00,U003673,체크카드,교육,54904.0,광주,30대,성공
2024-10-16 17:30:00,U000192,계좌이체,식음료,11160.0,,20대,성공
2024-03-15 04:55:00,U000905,신용카드,문화/여가,52034.0,전북,30대,성공
2024-08-20 17:41:00,U001425,체크카드,식음료,11713.0,,40대,성공
2024/04/11 12:07,U000430,체크카드,공과금,26932.0,대구,30대,성공
2024-10-25 10:37:00,U001458,체크카드,공과금,135813.0,서울,60대 이상,성공
2024-06-26 23:10:00,U003900,계좌이체,교통,1776.0,서울,30대,성공
2024-08-02 18:29:00,U001089,신용카드,쇼핑,39093.0,인천,50대,성공
2024-10-28 11:54:00,U000212,체크카드,교통,2927.0,경기,20대,성공
2024-10-17 20:43:00,U000628,체크카드,공과금,99288.0,충남,30대,성공
2024/02/29 14:14,U001710,신용카드,교육,102043.0,서울,40대,성공
2024-01-27 19:17:00,U001123,계좌이체,쇼핑,7154.0,경북,30대,성공
2024/12/09 20:23,U000332,신용카드,교육,84111.0,경기,40대,성공
2024/12/29 07:17,U001192,신용카드,식음료,12121.0,서울,40대,성공
2024-06-24 17:14:00,U003042,포인트결제,문화/여가,37388.0,경기,40대,성공
2024-05-05 20:45:00,U003903,신용카드,기타,10837.0,인천,20대,성공
2024-01-15 10:28:00,U000320,계좌이체,의료,66843.0,경기,10대,성공
2024-12-15 16:45:00,U003961,계좌이체,쇼핑,44775.0,서울,20대,취소
2024-09-16 10:41:00,U002775,신용카드,쇼핑,30216.0,경기,50대,성공
2024-08-11 15:09:00,U001670,신용카드,문화/여가,25324.0,대구,20대,성공
2024-07-19 08:18:00,U003109,체크카드,문화/여가,11723.0,경남,30대,성공
2024-12-19 13:02:00,U003956,신용카드,의료,62532.0,서울,60대 이상,성공
2024-07-22 18:55:00,U003387,신용카드,쇼핑,29347.0,충남,40대,성공
2024-03-29 17:32:00,U003197,계좌이체,식음료,12312.0,경기,60대 이상,성공
2024-05-03 19:46:00,U002483,휴대폰결제,쇼핑,66950.0,서울,40대,성공
2024-12-26 17:00:00,U001528,계좌이체,문화/여가,59782.0,경기,20대,성공
2024/06/02 15:09,U002913,신용카드,식음료,10352.0,서울,50대,실패
2024-10-06 11:23:00,U001226,체크카드,공과금,59606.0,서울,30대,성공
2024-12-22 10:44:00,U001321,휴대폰결제,의료,,서울,30대,성공
2024-12-25 09:07:00,U002144,체크카드,식음료,34361.0,인천,60대 이상,성공
2024-09-16 18:19:00,U000139,신용카드,공과금,27943.0,경기,50대,성공
2024/08/14 10:23,U003617,체크카드,쇼핑,18618.0,부산,,실패
2024-11-30 15:29:00,U002643,신용카드,여행,300836.0,서울,20대,성공
2024-11-05 12:19:00,U002919,포인트결제,문화/여가,17201.0,,20대,성공
2024-02-25 11:06:00,U003192, 신용카드 ,의료,26004.0,경기,30대,성공
2024-07-12 13:23:00,U001618,포인트결제,식음료,54856.0,인천,30대,성공
2024-10-14 03:55:00,U002333,계좌이체,공과금,81092.0,강원,30대,성공
2024/01/06 20:37,U003810,체크카드,교육,92383.0,서울,40대,성공
2024-04-16 22:21:00,U003469,신용카드,공과금,153246.0,부산,50대,성공
2024-02-05 11:16:00,U003316,체크카드,기타,16462.0,서울,20대,성공
2024-07-26 00:40:00,U002074,,교통,7563.0,경기,30대,성공
2024-10-27 14:58:00,U001220,신용카드,문화/여가,42055.0,충북,30대,성공
2024/01/03 13:14,U003491,신용카드,의료,64359.0,부산,30대,성공
2024-07-02 14:06:00,U003591,신용카드,식음료,2584.0,,50대,성공
2024-11-07 11:09:00,U001426,,여행,12316.0,인천,30대,실패
2024-03-07 14:24:00,U002377,체크카드,공과금,88324.0,대전,30대,성공
2024-04-02 20:00:00,U003887,체크카드,교통,3238.0,,30대,성공
2024-08-25 12:38:00,U000343,체크카드,교통,4174.0,서울,,성공
2024-05-24 06:58:00,U001150,,의료,24414.0,충남,20대,성공
2024-06-30 17:22:00,U001827,신용카드,교통,1501.0,울산,20대,성공
2024-11-01 19:20:00,U001463,신용카드,교통,3255.0,서울,,성공
2024-11-16 18:53:00,U002817, 신용카드 ,교통,4531.0,서울,20대,성공
2024-09-18 19:57:00,U002297,체크카드,식음료,12992.0,경기,,성공
2024-05-01 17:13:00,U001636,신용카드,의료,32468.0,부산,40대,성공
2024-11-03 08:30:00,U001624,체크카드,교통,2314.0,경기,20대,성공
2024-11-27 18:38:00,U001452,체크카드,기타,32316.0,,50대,성공
2024-10-18 19:02:00,U002377,신용카드,쇼핑,72144.0,서울,20대,성공
2024-05-01 15:21:00,U001959,체크카드,식음료,15165.0,대구,30대,성공
2024-08-23 12:03:00,U001132,계좌이체,문화/여가,25399.0,서울,20대,성공
2024-09-18 17:37:00,U003802,체크카드,교통,3383.0,강원,50대,성공
2024-11-30 10:27:00,U000379,신용카드,교통,4508.0,서울,30대,성공
2024-01-31 15:31:00,U003852,휴대폰결제,식음료,10079.0,충북,30대,성공
2024-04-06 19:37:00,U000136,체크카드,쇼핑,68524.0,충남,10대,성공
2024-10-09 18:18:00,U002973,체크카드,교통,4911.0,경기,50대,성공
2024-12-05 08:06:00,U000227,포인트결제,식음료,26716.0,인천,60대 이상,성공
2024-06-08 09:21:00,U000538,계좌이체,여행,145590.0,전북,50대,성공
2024-10-20 02:45:00,U001945,신용카드,쇼핑,48547.0,서울,20대,성공
2024-01-31 13:41:00,U001394,체크카드,교통,2101.0,경기,40대,실패
2024-09-14 16:40:00,U001856,신용카드,쇼핑,13609.0,,20대,성공
2024-03-13 11:37:00,U003590,신용카드,식음료,14263.0,서울,30대,성공
2024/12/19 21:23,U001135,포인트결제,쇼핑,15489.0,,20대,성공
2024-11-26 19:06:00,U000679,계좌이체,쇼핑,31208.0,서울,20대,성공
2024-02-01 18:44:00,U002349,체크카드,교통,5006.0,,40대,성공
2024-04-26 20:06:00,U003912,체크카드,식음료,2769.0,경기,10대,실패
2024-09-15 17:09:00,U000676,휴대폰결제,공과금,,경기,40대,성공
2024-03-01 21:14:00,U001087,포인트결제,쇼핑,60127.0,서울,40대,성공
2024-06-10 23:54:00,U003013,신용카드,기타,38534.0,서울,20대,성공
2024-11-16 04:10:00,U000599,포인트결제,식음료,20583.0,강원,50대,성공
2024-05-22 07:50:00,U000742,신용카드,식음료,6990.0,경북,20대,취소
2024-11-17 16:36:00,U001401,신용카드,문화/여가,20990.0,경남,20대,성공
2024-04-15 18:17:00,U002499,체크카드,교통,5434.0,경기,10대,성공
2024-08-08 14:16:00,U000352,계좌이체,쇼핑,55125.0,,30대,성공
2024-11-18 21:38:00,U002003,체크카드,교통,1939.0,제주,20대,성공
2024-05-17 11:09:00,U001983,신용카드,교육,198751.0,서울,20대,성공
2024-08-17 16:01:00,U001591,휴대폰결제,쇼핑,35057.0,충북,50대,성공
2024-11-19 15:43:00,U002440,신용카드,교통,4383.0,서울,30대,실패
2024-05-21 06:20:00,U002175,포인트결제,식음료,19520.0,부산,20대,성공
2024-01-18 15:48:00,U003687,체크카드,식음료,28649.0,경기,20대,성공
2024-11-23 17:52:00,U003927,체크카드,교통,500.0,서울,40대,성공
2024-03-08 00:23:00,U002169,포인트결제,문화/여가,23498.0,대구,30대,성공
2024-01-16 18:47:00,U003194,휴대폰결제,공과금,,서울,30대,성공
2024/08/28 22:47,U000634,체크카드,쇼핑,96481.0,서울,50대,성공
2024-06-22 14:22:00,U003839,신용카드,여행,249403.0,서울,20대,성공
2024/05/23 09:44,U002922,계좌이체,쇼핑,26300.0,인천,40대,성공
2024-04-05 07:37:00,U003938,포인트결제,교통,963.0,전남,,성공
2024/11/04 10:48,U001036,계좌이체,교육,143847.0,서울,40대,성공
2024-05-04 14:33:00,U003866,신용카드,문화/여가,27089.0,경기,30대,성공
2024-07-21 18:16:00,U002308, 신용카드 ,쇼핑,125888.0,서울,30대,성공
2024-07-02 22:27:00,U003285,포인트결제,쇼핑,52099.0,경기,40대,성공
2024-02-20 20:17:00,U002433,신용카드,쇼핑,31722.0,서울,30대,성공
2024-07-05 01:21:00,U000337,계좌이체,식음료,19923.0,경기,30대,성공
2024-12-24 13:59:00,U003467,신용카드,기타,57396.0,서울,30대,성공
2024-10-18 10:37:00,U000796,신용카드,식음료,7856.0,제주,50대,성공
2024-02-25 16:45:00,U001320,체크카드,식음료,16242.0,서울,20대,성공
2024-05-28 09:53:00,U002859,계좌이체,문화/여가,,서울,20대,성공
2024-07-29 21:23:00,U001801,체크카드,교육,153125.0,,30대,성공
2024-03-20 19:36:00,U001169,신용카드,여행,332456.0,대전,20대,성공
2024-02-10 14:36:00,U003705,신용카드,식음료,2986.0,대구,50대,성공
2024-05-24 18:17:00,U000444,신용카드,의료,26001.0,,40대,성공
2024-02-01 20:12:00,U000403,신용카드,의료,23578.0,경남,50대,성공
2024-01-01 23:19:00,U003648,체크카드,문화/여가,23996.0,경기,30대,성공
2024-01-01 09:28:00,U000052,신용카드,기타,26052.0,부산,,성공
2024/09/22 06:34,U003234,신용카드,교통,4083.0,경기,20대,성공
2024-08-29 21:01:00,U000581,신용카드,쇼핑,16253.0,경기,40대,성공
2024-06-19 18:17:00,U001163,포인트결제,교육,29580.0,부산,60대 이상,성공
2024-01-14 21:46:00,U003798,신용카드,쇼핑,57384.0,충북,40대,성공
2024/03/10 18:38,U003530,체크카드,교통,3536.0,인천,30대,성공
2024-09-04 15:58:00,U000959,신용카드,교통,8667.0,인천,30대,성공
2024-08-22 09:49:00,U003294,,교육,305856.0,충북,30대,성공
2024/09/27 06:23,U001109,신용카드,의료,23088.0,부산,30대,성공
2024-12-16 17:24:00,U001857,,교통,914.0,경기,20대,성공
2024-05-14 18:46:00,U000443,체크카드,쇼핑,63618.0,서울,20대,성공
2024-01-14 18:33:00,U001413,포인트결제,문화/여가,10026.0,부산,30대,성공
2024-05-19 16:05:00,U000316,계좌이체,식음료,9485.0,대구,40대,성공
2024-02-22 06:35:00,U001557,신용카드,의료,,충남,30대,성공
2024-09-28 16:06:00,U001991,계좌이체,교통,3736.0,경기,30대,성공
2024/03/08 11:40,U002168,체크카드,쇼핑,41699.0,서울,20대,성공
2024-08-19 22:17:00,U001397,포인트결제,쇼핑,51433.0,대전,30대,성공
2024-03-16 19:41:00,U000941,휴대폰결제,기타,,서울,30대,성공
2024-09-09 19:38:00,U002053,신용카드,교육,59626.0,서울,30대,성공
2024-02-11 12:18:00,U002538,계좌이체,교육,,충북,,성공
2024/03/16 13:41,U002207,체크카드,의료,28937.0,경기,20대,성공
2024/06/18 09:47,U000639,계좌이체,문화/여가,83853.0,경기,40대,성공
2024-03-06 06:36:00,U000140,신용카드,여행,407191.0,울산,20대,실패
2024-03-04 17:30:00,U001753,신용카드,기타,,경북,30대,실패
2024-07-08 18:37:00,U002438,신용카드,식음료,7772.0,대전,10대,성공
2024-06-05 10:52:00,U002224,계좌이체,교육,130582.0,인천,30대,성공
2024/07/17 15:45,U003359,포인트결제,문화/여가,29196.0,경기,20대,성공
2024-12-25 13:20:00,U001680, 신용카드 ,교통,,부산,30대,성공
2024-11-08 19:08:00,U002551,계좌이체,식음료,2327.0,서울,20대,성공
2024-08-09 10:44:00,U002068,신용카드,식음료,6082.0,광주,40대,성공
2024-07-09 12:26:00,U002616,포인트결제,기타,49272.0,서울,20대,성공
2024-11-11 09:57:00,U000796,포인트결제,식음료,1099.0,강원,60대 이상,성공
2024-05-09 15:43:00,U000098,체크카드,쇼핑,78054.0,경기,20대,성공
2024-05-06 18:33:00,U000894,체크카드,문화/여가,52483.0,서울,20대,성공
2024/01/27 06:48,U003099,휴대폰결제,문화/여가,18364.0,인천,40대,성공
2024/02/25 19:33,U002152,신용카드,기타,2839.0,부산,30대,성공
2024/01/13 11:27,U001269,신용카드,식음료,26066.0,부산,60대 이상,성공
2024-04-23 21:17:00,U003287,계좌이체,문화/여가,3200.0,경기,10대,성공
2024-11-16 19:23:00,U002035,신용카드,쇼핑,57667.0,서울,30대,성공
2024-12-21 23:58:00,U001117,신용카드,문화/여가,32859.0,울산,30대,성공
2024-05-07 19:13:00,U001145,,식음료,16605.0,경기,20대,성공
2024-02-28 14:38:00,U003154,신용카드,쇼핑,57219.0,전북,,성공
2024-12-30 13:58:00,U001658,체크카드,교육,72166.0,부산,20대,성공
2024-12-21 19:39:00,U002894,계좌이체,교통,4615.0,인천,20대,성공
2024-06-17 08:02:00,U003954,신용카드,문화/여가,26685.0,충남,20대,취소
2024-04-25 09:49:00,U000958,체크카드,식음료,6216.0,경기,,성공
2024-10-25 12:22:00,U000248,휴대폰결제,교통,1586.0,경기,50대,성공
2024-03-04 19:41:00,U000603,체크카드,교육,159889.0,경기,40대,성공
2024-11-22 09:13:00,U002828,체크카드,공과금,189090.0,경기,60대 이상,성공
2024-12-22 10:25:00,U000438,포인트결제,쇼핑,,경기,30대,성공
2024-05-07 11:35:00,U001809,휴대폰결제,식음료,14539.0,경기,40대,성공
2024-03-08 12:56:00,U003925,계좌이체,문화/여가,45327.0,광주,30대,성공
2024-12-15 10:35:00,U002188,신용카드,쇼핑,92075.0,경기,30대,성공
2024-10-24 09:15:00,U001032,포인트결제,공과금,123272.0,경기,40대,성공
2024-09-19 14:38:00,U002801,신용카드,식음료,9544.0,서울,40대,성공
2024-12-21 14:32:00,U000686,체크카드,문화/여가,28414.0,대구,40대,성공
2024-07-12 06:27:00,U002315,신용카드,공과금,37994.0,경기,60대 이상,성공
2024-05-30 21:38:00,U000847,계좌이체,식음료,21007.0,서울,20대,성공
2024-01-01 17:02:00,U003892,신용카드,교육,92315.0,전남,30대,성공
2024-09-17 16:52:00,U000970,신용카드,공과금,35369.0,서울,20대,성공
2024-02-25 20:54:00,U001353,계좌이체,식음료,7454.0,,30대,성공
2024-07-30 12:33:00,U001029,신용카드,쇼핑,,대구,30대,성공
2024-04-23 11:05:00,U003544,신용카드,교통,3689.0,부산,60대 이상,성공
2024-11-07 11:24:00,U002573,포인트결제,식음료,18971.0,대전,10대,성공
2024-04-22 18:44:00,U002655,포인트결제,의료,70679.0,울산,30대,성공
2024-04-12 13:31:00,U000588,,기타,12500.0,전남,30대,성공
2024-07-02 14:44:00,U001707,체크카드,식음료,20594.0,광주,30대,성공
2024-09-01 14:04:00,U000104,체크카드,문화/여가,72495.0,경남,,성공
2024/11/16 17:24,U002021,,기타,13854.0,경북,40대,성공
2024/09/24 21:29,U003010,신용카드,공과금,11387.0,,40대,성공
2024-12-01 15:56:00,U001584,휴대폰결제,쇼핑,25130.0,경기,30대,성공
2024-10-06 09:11:00,U002788,신용카드,교통,3798.0,충남,40대,성공
2024-11-20 21:23:00,U003716,신용카드,쇼핑,14703.0,서울,40대,성공
2024-07-18 18:42:00,U000411,체크카드,교육,126651.0,서울,40대,성공
2024-04-10 12:40:00,U000246,신용카드,문화/여가,25008.0,광주,50대,성공
2024/07/15 06:40,U001739, 신용카드 ,쇼핑,49697.0,경기,50대,성공
2024/03/30 16:22,U000492,신용카드,문화/여가,76690.0,경기,40대,성공
2024-04-06 18:33:00,U000574,신용카드,공과금,64714.0,경기,50대,성공
2024-09-11 09:12:00,U000045,계좌이체,식음료,15214.0,경기,30대,성공
2024-08-01 17:42:00,U003355,신용카드,쇼핑,18418.0,경북,20대,성공
2024-03-13 18:08:00,U002699, 신용카드 ,식음료,5908.0,경기,30대,성공
2024-07-12 10:00:00,U000948,신용카드,식음료,29846.0,인천,10대,성공
2024-03-08 19:53:00,U000129,포인트결제,쇼핑,80410.0,서울,10대,성공
2024-08-20 06:05:00,U000076,신용카드,교통,9718.0,서울,,성공
2024/05/20 19:16,U002556,체크카드,식음료,2871.0,충남,40대,성공
2024-01-14 12:12:00,U000437,체크카드,교육,121096.0,서울,,성공
2024-06-26 04:32:00,U000406,신용카드,기타,40096.0,서울,30대,성공
2024/07/03 09:07,U001433,체크카드,식음료,20584.0,서울,40대,성공
2024-07-31 14:23:00,U003099,체크카드,문화/여가,16443.0,경기,30대,성공
2024/01/01 13:03,U003462,신용카드,공과금,55836.0,경북,50대,성공
2024-05-14 12:03:00,U001158,체크카드,교육,112879.0,대구,10대,성공
2024-12-06 16:44:00,U002132,체크카드,공과금,59981.0,대구,20대,취소
2024-10-16 11:38:00,U001666,계좌이체,교육,26872.0,경남,40대,성공
2024/06/21 21:33,U000741, 신용카드 ,교통,500.0,대구,20대,성공
2024-06-17 15:56:00,U001719, 신용카드 ,공과금,43381.0,경남,30대,성공
2024-04-26 06:55:00,U001412,신용카드,공과금,40125.0,인천,20대,성공
2024/07/09 20:51,U000336,계좌이체,의료,35698.0,서울,40대,성공
2024/09/07 07:54,U001478,신용카드,식음료,22818.0,경기,40대,성공
2024-12-19 07:52:00,U003546,휴대폰결제,문화/여가,53746.0,서울,30대,성공
2024-03-11 12:47:00,U003352,체크카드,교통,1548.0,경기,40대,성공
2024-01-09 09:52:00,U000259,신용카드,문화/여가,25307.0,서울,40대,성공
2024-04-27 16:25:00,U000798,체크카드,식음료,8803.0,서울,30대,성공
2024-05-09 13:13:00,U001564,체크카드,쇼핑,18319.0,경남,30대,성공
2024-03-10 14:26:00,U001208,체크카드,식음료,44148.0,전북,,성공
2024-10-01 14:09:00,U000470,계좌이체,공과금,94350.0,서울,50대,성공
2024-06-25 12:22:00,U002336,포인트결제,기타,29748.0,경기,20대,성공
2024-08-10 12:11:00,U002138,체크카드,식음료,12935.0,인천,50대,실패
2024-12-27 08:32:00,U002594,신용카드,식음료,29551.0,경기,30대,성공
2024-05-03 07:17:00,U000389,신용카드,쇼핑,159012.0,경기,30대,성공
2024-03-03 15:12:00,U003498,신용카드,쇼핑,16679.0,인천,40대,성공
2024-11-11 19:04:00,U001344,휴대폰결제,쇼핑,80285.0,경기,40대,성공
2024-07-23 07:08:00,U001406,신용카드,여행,178322.0,부산,50대,성공
2024-06-02 17:39:00,U000125,체크카드,교육,220350.0,경기,30대,성공
2024-05-15 22:39:00,U000496,신용카드,쇼핑,,서울,50대,성공
2024-12-14 14:59:00,U003275,신용카드,의료,38552.0,광주,20대,성공
2024/01/05 20:35,U001111,계좌이체,쇼핑,165846.0,경기,20대,성공
2024-12-03 18:23:00,U002549,포인트결제,문화/여가,,서울,50대,성공
2024/09/27 09:53,U000927,체크카드,식음료,6523.0,광주,30대,성공
2024-07-15 09:35:00,U002690,신용카드,교통,882.0,부산,20대,성공
2024-02-11 06:10:00,U002725,체크카드,교육,105150.0,광주,20대,성공
2024-08-02 21:03:00,U003522,계좌이체,공과금,79122.0,인천,20대,성공
2024/02/04 16:44,U000745,계좌이체,의료,15639.0,부산,50대,성공
2024-07-12 06:28:00,U002995,체크카드,여행,5440.0,전남,50대,성공
2024/08/25 17:42,U003463,신용카드,의료,3752.0,경기,40대,성공
2024-11-27 19:38:00,U003426,계좌이체,문화/여가,24121.0,서울,30대,성공
2024-03-06 20:53:00,U002562,체크카드,식음료,8405.0,전남,20대,성공
2024-05-01 13:38:00,U002201,신용카드,교통,1917.0,경기,40대,실패
2024-06-09 12:06:00,U003113,휴대폰결제,식음료,11661.0,경기,30대,성공
2024-01-09 15:53:00,U002212, 신용카드 ,교통,2362.0,경기,,성공
2024-12-28 04:18:00,U003009,휴대폰결제,기타,37150.0,경기,30대,성공
2024-07-19 20:47:00,U000529,포인트결제,교통,3968.0,충북,10대,성공
2024-02-19 20:09:00,U003793,신용카드,교통,1072.0,서울,30대,성공
2024-06-12 13:28:00,U000725,계좌이체,교통,1395.0,경기,50대,성공
2024-11-26 14:46:00,U002069,계좌이체,식음료,3277.0,서울,20대,성공
2024-06-21 17:58:00,U003644,신용카드,쇼핑,39933.0,경기,40대,성공
2024-10-12 20:11:00,U000304,신용카드,쇼핑,32723.0,서울,40대,성공
2024-04-04 09:21:00,U003691,체크카드,공과금,53338.0,인천,20대,성공
2024-04-06 06:21:00,U001452,계좌이체,의료,101923.0,전남,30대,성공
2024-11-05 20:47:00,U000906,포인트결제,교통,500.0,광주,30대,성공
2024-07-05 14:46:00,U003509,신용카드,여행,204185.0,인천,40대,성공
2024/10/10 10:46,U001644,신용카드,공과금,40177.0,서울,60대 이상,성공
2024/02/13 19:51,U003055,계좌이체,쇼핑,34689.0,서울,10대,성공
2024-06-09 17:58:00,U003610,포인트결제,문화/여가,50456.0,전남,40대,성공
2024-06-20 17:27:00,U000836,신용카드,쇼핑,97036.0,경기,,성공
2024-05-07 01:47:00,U000489,신용카드,공과금,126929.0,경기,30대,성공
2024-01-26 21:50:00,U002905, 신용카드 ,식음료,9687.0,경기,20대,성공
2024-09-15 17:23:00,U003111,포인트결제,식음료,16286.0,부산,20대,성공
2024-04-02 14:23:00,U001332,체크카드,쇼핑,127940.0,대구,,성공
2024-10-09 14:32:00,U003796,,교육,61394.0,경북,30대,성공
2024/12/16 06:38,U003947,신용카드,의료,5381.0,경기,30대,성공
2024-10-02 02:39:00,U002667, 신용카드 ,여행,270083.0,경기,30대,성공
2024/10/26 09:46,U000558,체크카드,교통,10480.0,경남,20대,성공
2024-01-01 17:17:00,U001453,신용카드,식음료,13399.0,서울,30대,성공
2024-09-28 22:39:00,U001166,신용카드,교통,4000.0,서울,30대,성공
2024-11-17 08:40:00,U001542,체크카드,교통,1765.0,광주,20대,성공
2024/01/25 18:10,U000101,신용카드,쇼핑,21422.0,전북,,성공
2024-12-02 11:07:00,U003855,포인트결제,기타,9418.0,,20대,성공
2024-02-15 19:36:00,U001703,체크카드,식음료,18306.0,서울,20대,성공
2024-04-15 16:36:00,U003963,,식음료,9626.0,경기,60대 이상,성공
2024-10-10 03:37:00,U002227,체크카드,쇼핑,97639.0,서울,30대,성공
2024-06-29 09:45:00,U003882, 신용카드 ,교통,3108.0,경기,20대,성공
2024/03/05 22:03,U002488,체크카드,식음료,31605.0,경기,40대,성공
2024-12-17 11:23:00,U002011,체크카드,문화/여가,26144.0,서울,40대,성공
2024-07-17 09:40:00,U001746,,교통,4663.0,서울,20대,성공
2024-04-07 16:03:00,U000707,신용카드,쇼핑,16920.0,경남,40대,성공
2024-11-14 10:03:00,U001952, 신용카드 ,식음료,8762.0,경기,60대 이상,성공
2024-09-24 20:21:00,U003214,신용카드,식음료,10222.0,서울,20대,성공
2024-08-27 12:44:00,U002584,신용카드,식음료,12769.0,경기,20대,성공
2024/01/10 11:07,U001932,휴대폰결제,쇼핑,86446.0,충북,30대,성공
2024-12-15 21:58:00,U002493,신용카드,여행,137954.0,경기,30대,성공
2024-04-16 22:54:00,U000490,계좌이체,기타,28989.0,경기,20대,성공
2024-12-24 01:58:00,U001659,신용카드,쇼핑,58603.0,제주,20대,성공
2024-06-20 12:04:00,U002533,체크카드,식음료,40368.0,경남,60대 이상,성공
2024-10-03 22:11:00,U001174,신용카드,교통,856.0,광주,20대,성공
2024/07/29 11:19,U001337,신용카드,교통,5758.0,대구,60대 이상,성공
2024-02-06 13:47:00,U003868,신용카드,쇼핑,34464.0,광주,40대,성공
2024-06-08 21:11:00,U003350,계좌이체,교육,20361.0,경기,20대,성공
2024-05-15 11:32:00,U001386,신용카드,쇼핑,5964.0,서울,40대,성공
2024-04-30 17:49:00,U001189,체크카드,식음료,11030.0,광주,20대,성공
2024-02-03 11:19:00,U003864,신용카드,식음료,14936.0,경북,30대,성공
2024-11-29 03:28:00,U000598,체크카드,기타,18790.0,충남,50대,성공
2024-03-17 16:59:00,U002273, 신용카드 ,문화/여가,10844.0,전북,30대,성공
2024-09-07 23:36:00,U003316,포인트결제,쇼핑,48417.0,서울,30대,성공
2024-04-24 07:00:00,U003966,신용카드,문화/여가,40593.0,대전,40대,성공
2024-05-03 19:39:00,U000634,계좌이체,식음료,10876.0,서울,30대,성공
2024/08/30 12:27,U003606,신용카드,쇼핑,59745.0,부산,40대,실패
2024/03/15 18:02,U001008,,의료,25252.0,경기,30대,실패
2024/01/17 14:56,U002709,계좌이체,쇼핑,15735.0,,30대,성공
2024-12-06 19:42:00,U001564,계좌이체,쇼핑,43408.0,대전,20대,성공
2024-06-19 14:24:00,U001468,포인트결제,교육,179575.0,인천,50대,성공
2024-03-10 08:10:00,U002321,체크카드,의료,22512.0,,20대,성공
2024/05/13 12:44,U002941,신용카드,쇼핑,78275.0,서울,20대,성공
2024-04-04 16:39:00,U001054,휴대폰결제,쇼핑,38784.0,제주,20대,성공
2024-10-23 21:16:00,U003015,체크카드,공과금,6507.0,광주,50대,성공
2024-10-16 22:39:00,U003310,신용카드,교육,98747.0,부산,30대,취소
2024-10-13 14:55:00,U001430,신용카드,식음료,38604.0,경기,,성공
2024-10-21 21:12:00,U001626,체크카드,식음료,19795.0,경기,60대 이상,성공
2024-11-10 11:33:00,U003385,신용카드,식음료,3874.0,경기,40대,취소
2024-09-04 17:58:00,U002103,신용카드,쇼핑,34336.0,전북,40대,성공
2024-01-29 08:12:00,U002996,,쇼핑,94460.0,서울,50대,성공
2024-06-07 16:22:00,U002017,신용카드,문화/여가,29447.0,광주,40대,성공
2024-10-28 11:02:00,U002166,포인트결제,쇼핑,38455.0,경북,50대,성공
2024-11-25 17:04:00,U000033,포인트결제,교육,75365.0,서울,30대,성공
2024/03/19 19:51,U002339,신용카드,식음료,24593.0,전북,30대,성공
2024-04-20 19:49:00,U003482,체크카드,식음료,19179.0,서울,50대,성공
2024-11-02 09:11:00,U002940,계좌이체,공과금,112005.0,광주,40대,성공
2024-09-21 18:26:00,U003519, 신용카드 ,문화/여가,37623.0,경기,30대,성공
2024-06-05 13:29:00,U001410,신용카드,쇼핑,29292.0,경기,60대 이상,성공
2024-10-24 18:38:00,U002432,신용카드,문화/여가,4364.0,서울,30대,성공
2024-05-21 12:29:00,U003083,신용카드,문화/여가,63437.0,서울,10대,실패
2024-12-17 12:05:00,U003897,체크카드,문화/여가,14830.0,제주,30대,성공
2024-12-28 03:30:00,U000319,체크카드,쇼핑,26630.0,경기,40대,성공
2024-05-07 17:58:00,U001495,신용카드,공과금,67720.0,서울,60대 이상,성공
2024/02/27 15:50,U002364,포인트결제,공과금,126987.0,경기,20대,성공
2024-09-27 16:01:00,U002497,체크카드,공과금,47917.0,서울,30대,실패
2024-06-27 13:08:00,U003835,신용카드,쇼핑,22407.0,전남,20대,성공
2024-05-28 16:38:00,U002375,신용카드,교통,2864.0,경기,30대,성공
2024-07-06 19:20:00,U001180,포인트결제,교육,171887.0,대구,30대,성공
2024-11-17 19:11:00,U001697,휴대폰결제,교육,94465.0,서울,30대,성공
2024-09-08 14:03:00,U001358,휴대폰결제,문화/여가,42176.0,서울,30대,성공
2024-02-06 17:14:00,U003743,계좌이체,식음료,31375.0,,30대,성공
2024/07/19 12:38,U000817,휴대폰결제,교통,3395.0,울산,20대,성공
2024-03-21 20:51:00,U003512,신용카드,공과금,64286.0,경기,30대,성공
2024-06-20 18:16:00,U001209,신용카드,기타,5183.0,경북,20대,성공
2024-08-12 21:16:00,U002976,체크카드,의료,83937.0,서울,60대 이상,성공
2024-10-19 12:08:00,U003059,포인트결제,공과금,84421.0,강원,40대,성공
2024/07/22 11:02,U002583,체크카드,식음료,11500.0,서울,20대,성공
2024/10/10 10:42,U000220,,쇼핑,29172.0,서울,20대,성공
2024-04-09 14:41:00,U003114,포인트결제,쇼핑,26802.0,경기,30대,성공
2024/12/19 15:24,U003650,신용카드,교통,3981.0,경기,30대,실패
2024-05-14 11:41:00,U000943,신용카드,교통,1698.0,광주,30대,성공
2024-07-05 16:39:00,U003320,신용카드,쇼핑,132481.0,제주,40대,성공
2024-11-10 22:21:00,U002404,휴대폰결제,식음료,4508.0,서울,30대,성공
2024-01-25 17:57:00,U002463,신용카드,식음료,42087.0,충북,50대,성공
2024-07-26 11:45:00,U000489,휴대폰결제,식음료,22153.0,광주,30대,성공
2024-10-01 13:15:00,U002503,신용카드,문화/여가,39869.0,충남,30대,성공
2024-02-11 22:08:00,U002394,체크카드,쇼핑,19397.0,서울,20대,성공
2024-02-17 02:14:00,U002058,신용카드,기타,40112.0,경기,20대,성공
2024-12-23 12:22:00,U000555,포인트결제,공과금,67707.0,인천,20대,성공
2024-02-06 17:25:00,U000890,신용카드,교통,7441.0,경기,30대,성공
2024-08-09 12:35:00,U003375,휴대폰결제,문화/여가,73082.0,인천,40대,성공
2024/03/11 07:20,U000472, 신용카드 ,쇼핑,16873.0,경기,20대,성공
2024-05-03 15:57:00,U002319,신용카드,쇼핑,184856.0,충북,30대,성공
2024-04-27 18:37:00,U001212,체크카드,기타,15480.0,강원,50대,실패
2024-05-09 16:03:00,U000506,신용카드,교통,4717.0,서울,30대,성공
2024-10-06 22:46:00,U002965,포인트결제,여행,519576.0,부산,40대,성공
2024-01-27 11:34:00,U001948,계좌이체,기타,11052.0,세종,30대,성공
2024-03-02 19:56:00,U003811,체크카드,식음료,53460.0,충남,30대,성공
2024-02-10 07:00:00,U003428,신용카드,쇼핑,83828.0,전남,20대,성공
2024-09-17 08:15:00,U003811,체크카드,의료,10947.0,,40대,성공
2024-08-05 18:13:00,U002512,신용카드,문화/여가,,경기,30대,성공
2024-05-24 08:15:00,U003980,체크카드,식음료,24632.0,경기,30대,성공
2024/08/21 21:22,U000218,계좌이체,여행,215661.0,부산,30대,성공
2024/05/26 10:36,U001195,체크카드,식음료,8986.0,경남,40대,성공
2024-01-02 13:05:00,U003844,신용카드,문화/여가,68403.0,서울,30대,성공
2024-02-11 20:25:00,U001607,체크카드,기타,21998.0,서울,20대,성공
2024/08/10 23:26,U003576,신용카드,여행,290225.0,전북,50대,성공
2024-04-29 19:21:00,U003725,계좌이체,문화/여가,58291.0,경기,40대,성공
2024-08-17 20:32:00,U000386,포인트결제,쇼핑,24168.0,서울,30대,성공
2024/03/17 09:57,U000101,체크카드,기타,24861.0,서울,60대 이상,실패
2024-08-08 04:25:00,U003752,신용카드,식음료,15300.0,부산,30대,성공
2024-06-29 19:50:00,U001495,신용카드,쇼핑,126338.0,서울,50대,성공
2024/08/16 15:02,U003071,휴대폰결제,교육,120536.0,경기,30대,성공
2024-09-21 17:08:00,U003398,신용카드,문화/여가,53739.0,대구,40대,성공
2024-02-18 17:20:00,U003498,신용카드,식음료,6930.0,대구,,성공
2024-05-29 13:31:00,U001311,신용카드,식음료,22886.0,광주,30대,성공
2024-01-09 18:57:00,U002468, 신용카드 ,식음료,9493.0,전북,40대,성공
2024-07-18 17:57:00,U001711,계좌이체,식음료,8063.0,충남,20대,성공
2024-01-18 12:06:00,U003453,체크카드,문화/여가,5588.0,경기,40대,성공
2024-02-22 15:49:00,U000163,,교통,1133.0,충북,30대,성공
2024-08-10 16:02:00,U001324, 신용카드 ,문화/여가,47002.0,서울,40대,성공
2024-07-22 20:13:00,U001824, 신용카드 ,식음료,13416.0,서울,40대,성공
2024-06-05 20:47:00,U001030,휴대폰결제,쇼핑,13574.0,경기,30대,성공
2024-11-19 19:41:00,U000698,신용카드,식음료,17416.0,서울,40대,성공
2024-03-31 21:31:00,U003512,신용카드,식음료,26465.0,전남,20대,성공
2024-08-07 16:57:00,U000410,포인트결제,문화/여가,54761.0,부산,30대,성공
2024-06-06 15:01:00,U000610,체크카드,식음료,40051.0,경기,40대,성공
2024-06-30 13:56:00,U000661,신용카드,식음료,38395.0,경기,30대,성공
2024/11/08 13:59,U002656,신용카드,식음료,26049.0,경남,40대,성공
2024-01-22 02:49:00,U000137,체크카드,공과금,28238.0,경기,20대,성공
2024-07-17 21:15:00,U003974,신용카드,의료,28403.0,경기,40대,성공
2024-07-31 11:51:00,U002379,신용카드,기타,21868.0,서울,40대,성공
2024-07-13 09:18:00,U001189,체크카드,식음료,17577.0,인천,20대,성공
2024-10-06 22:03:00,U003674,신용카드,쇼핑,84256.0,서울,60대 이상,성공
2024/10/04 10:21,U002433,신용카드,문화/여가,53143.0,경기,30대,성공
2024-12-22 20:41:00,U002577,계좌이체,쇼핑,87626.0,부산,50대,성공
2024-12-30 20:23:00,U003049, 신용카드 ,기타,19375.0,인천,50대,성공
2024-11-11 17:09:00,U000749,신용카드,의료,41276.0,경기,40대,성공
2024-10-07 18:15:00,U003048,계좌이체,식음료,21360.0,전북,20대,성공
2024-08-03 14:32:00,U002062,신용카드,교통,5889.0,서울,40대,성공
2024/06/27 12:52,U002092,신용카드,식음료,4858.0,제주,40대,성공
2024/01/30 14:15,U000697,휴대폰결제,교육,148513.0,경기,30대,성공
2024-06-30 21:21:00,U002349,신용카드,식음료,27349.0,경북,20대,성공
2024-08-01 18:15:00,U003640,계좌이체,공과금,96092.0,경기,50대,성공
2024-06-10 12:57:00,U001136,신용카드,문화/여가,13419.0,대구,30대,성공
2024-10-20 08:27:00,U003653,신용카드,문화/여가,15935.0,서울,30대,성공
2024-07-05 16:26:00,U003280,휴대폰결제,쇼핑,24258.0,경기,30대,실패
2024-11-02 09:19:00,U001918,신용카드,식음료,10925.0,서울,50대,성공
2024-11-05 17:31:00,U000394,신용카드,여행,198494.0,대전,30대,성공
2024-01-10 22:49:00,U003887,신용카드,식음료,10905.0,전북,20대,성공
2024/05/27 15:40,U003316,신용카드,식음료,9918.0,경기,40대,성공
2024-10-23 06:50:00,U001505,체크카드,여행,352314.0,서울,40대,성공
2024-05-26 18:46:00,U000286,휴대폰결제,공과금,132233.0,서울,30대,성공
2024-12-20 10:44:00,U002097,신용카드,공과금,65602.0,충북,30대,성공
2024-07-25 19:13:00,U000799,체크카드,식음료,3364.0,광주,20대,성공
2024-11-19 19:03:00,U002293,신용카드,공과금,41220.0,광주,30대,성공
2024-11-16 15:51:00,U002597,계좌이체,쇼핑,96407.0,경남,40대,성공
2024-08-10 16:42:00,U001844,체크카드,여행,52537.0,충북,60대 이상,성공
2024-10-21 13:50:00,U002875,체크카드,공과금,123538.0,서울,20대,성공
2024-04-09 14:37:00,U000838,포인트결제,교통,7605.0,인천,40대,성공
2024-01-15 20:48:00,U001082,휴대폰결제,교통,3632.0,경기,10대,성공
2024-12-10 08:14:00,U003959,,쇼핑,52121.0,,30대,성공
2024-10-17 14:44:00,U002607,포인트결제,교통,,대구,50대,성공
2024/11/10 13:38,U000021,체크카드,교통,4828.0,세종,30대,성공
2024-12-22 14:25:00,U003836,계좌이체,의료,112477.0,경남,20대,성공
2024-01-31 21:01:00,U002174,체크카드,공과금,46346.0,대구,40대,취소
2024-08-06 17:46:00,U001865,계좌이체,교통,3631.0,인천,20대,성공
2024-03-06 15:18:00,U001087,신용카드,교통,2062.0,전남,20대,성공
2024-06-14 03:07:00,U003559,신용카드,여행,240509.0,서울,30대,성공
2024-05-16 20:38:00,U003475,계좌이체,식음료,8947.0,대구,30대,성공
2024-12-20 18:13:00,U003543,,교육,92900.0,서울,30대,성공
2024-11-11 12:17:00,U003353,신용카드,쇼핑,35792.0,광주,30대,실패
2024-02-10 10:38:00,U003419,신용카드,의료,544.0,서울,40대,성공
2024/05/20 14:07,U000093,체크카드,교통,1383.0,대전,10대,성공
2024-05-15 15:30:00,U002722,체크카드,기타,28684.0,서울,50대,성공
2024-02-15 14:06:00,U002667,포인트결제,문화/여가,69284.0,경기,60대 이상,성공
2024-09-28 08:18:00,U003095,휴대폰결제,식음료,19508.0,경기,20대,실패
2024-07-30 17:57:00,U002786,신용카드,의료,36085.0,서울,30대,성공
2024-06-11 20:32:00,U001201,포인트결제,기타,28361.0,서울,20대,취소
2024-09-02 22:00:00,U003198,계좌이체,기타,44859.0,서울,30대,성공
2024-11-25 09:11:00,U003679,신용카드,쇼핑,11206.0,서울,40대,성공
2024-09-19 13:00:00,U000981,포인트결제,식음료,23304.0,경기,,성공
2024-12-14 05:40:00,U000428,체크카드,쇼핑,60691.0,부산,20대,성공
2024-06-28 14:50:00,U000465, 신용카드 ,교통,3427.0,서울,60대 이상,성공
2024-05-07 16:22:00,U001969,계좌이체,식음료,,서울,30대,성공
2024-11-04 12:47:00,U002170,신용카드,교통,6739.0,경기,40대,성공
2024-09-21 21:51:00,U002576,포인트결제,기타,8502.0,대구,20대,성공
2024/09/04 19:20,U000385,체크카드,교통,4785.0,충남,20대,성공
2024-02-19 19:45:00,U002989,신용카드,식음료,20694.0,서울,30대,성공
2024-06-10 12:36:00,U001054, 신용카드 ,식음료,23155.0,인천,40대,성공
2024-01-13 17:11:00,U000531,체크카드,쇼핑,22392.0,,30대,성공
2024-08-25 12:37:00,U002632,체크카드,의료,68547.0,서울,30대,성공
2024-11-21 11:05:00,U002389,신용카드,문화/여가,50002.0,대구,30대,성공
2024-10-19 23:13:00,U002403,체크카드,쇼핑,45762.0,경남,20대,성공
2024-09-13 22:48:00,U003097,신용카드,식음료,17833.0,서울,,성공
2024-11-11 21:31:00,U002234,신용카드,문화/여가,13638.0,경기,50대,성공
2024-11-05 21:24:00,U001117,계좌이체,쇼핑,90332.0,경기,30대,성공
2024-01-05 08:07:00,U001270,신용카드,식음료,15091.0,서울,,취소
2024/04/26 19:56,U001423,신용카드,식음료,14473.0,충북,60대 이상,성공
2024-08-24 20:08:00,U002375,체크카드,공과금,39448.0,경기,40대,성공
2024-05-12 23:13:00,U001993,신용카드,문화/여가,19493.0,경기,40대,성공
2024-09-17 06:17:00,U003045,신용카드,식음료,7487.0,인천,30대,성공
2024-10-23 12:30:00,U002802,신용카드,쇼핑,42399.0,충북,40대,성공
2024-05-26 12:24:00,U003246,계좌이체,쇼핑,53286.0,경남,40대,성공
2024/08/22 19:03,U002385,신용카드,문화/여가,101592.0,강원,,실패
2024-10-05 13:56:00,U002214,신용카드,쇼핑,62969.0,인천,30대,성공
2024-12-30 21:34:00,U003430,체크카드,공과금,77080.0,전북,20대,성공
2024-05-22 20:16:00,U002035,신용카드,여행,537246.0,부산,20대,성공
2024-06-13 18:38:00,U002883,체크카드,여행,226432.0,,40대,성공
2024-03-10 12:29:00,U002148,신용카드,쇼핑,17047.0,광주,20대,성공
2024-03-05 08:43:00,U002932,계좌이체,공과금,24440.0,광주,50대,성공
2024-01-26 16:06:00,U002140,신용카드,의료,10988.0,서울,20대,성공
2024-01-18 18:26:00,U001225,신용카드,쇼핑,17615.0,서울,20대,성공
2024/08/24 22:45,U000028,신용카드,의료,60196.0,서울,20대,성공
2024-10-18 18:00:00,U000742,신용카드,기타,27068.0,울산,10대,성공
2024-10-29 10:28:00,U003289,신용카드,쇼핑,90359.0,서울,50대,성공
2024-06-02 18:23:00,U003716,휴대폰결제,여행,64597.0,부산,20대,성공
2024-03-05 17:10:00,U003959,체크카드,문화/여가,51066.0,충남,40대,성공
2024-01-24 11:53:00,U002989,휴대폰결제,공과금,117466.0,서울,40대,성공
2024-12-06 17:11:00,U001392,계좌이체,식음료,20549.0,서울,30대,성공
2024-01-05 10:13:00,U001582,체크카드,여행,,,20대,성공
2024/01/12 13:35,U002927,체크카드,기타,38183.0,서울,30대,성공
2024-08-23 23:09:00,U000495,체크카드,여행,343868.0,,60대 이상,성공
2024-09-20 07:43:00,U003487,체크카드,쇼핑,7013.0,,20대,성공
2024/04/26 13:43,U002173,포인트결제,교육,79115.0,경기,20대,성공
2024-09-09 10:28:00,U001371,신용카드,식음료,32288.0,경기,30대,성공
2024-08-24 18:53:00,U002084,신용카드,문화/여가,43421.0,경기,30대,성공
2024-04-16 17:24:00,U002956,신용카드,식음료,13371.0,대구,50대,성공
2024-03-06 19:39:00,U003902,계좌이체,공과금,28013.0,경기,60대 이상,성공
2024-04-12 09:01:00,U003974,체크카드,쇼핑,50816.0,대전,30대,성공
2024/03/06 11:45,U003261,신용카드,기타,6242.0,서울,40대,성공
2024-07-24 22:03:00,U001053,휴대폰결제,공과금,10279.0,전남,30대,성공
2024-11-06 12:43:00,U001668,체크카드,기타,65434.0,,40대,성공
2024-08-17 12:29:00,U000605,신용카드,식음료,9394.0,경기,20대,성공
2024-06-23 16:45:00,U000689,체크카드,식음료,4801.0,,,성공
2024-11-12 15:43:00,U001093, 신용카드 ,문화/여가,8510.0,서울,20대,성공
2024-04-14 11:06:00,U000621,,교통,3449.0,경기,,성공
2024-11-28 10:47:00,U000740,포인트결제,문화/여가,54264.0,충남,20대,성공
2024-04-16 17:55:00,U001545,계좌이체,쇼핑,43094.0,경북,40대,성공
2024-03-04 07:05:00,U002970,포인트결제,문화/여가,79804.0,경기,40대,성공
2024-02-11 20:45:00,U001773,체크카드,여행,184119.0,경기,40대,성공
2024-03-11 21:35:00,U003536,신용카드,교육,29591.0,서울,20대,성공
2024-08-24 09:32:00,U003162,체크카드,교통,3581.0,서울,50대,성공
2024-12-29 15:01:00,U001942,체크카드,교통,4657.0,강원,50대,성공
2024-10-05 21:02:00,U003235,체크카드,쇼핑,38725.0,경기,30대,성공
2024/04/17 08:11,U003256,신용카드,공과금,26836.0,경기,30대,성공
2024-07-14 12:48:00,U001797,계좌이체,식음료,29946.0,세종,20대,성공
2024-04-16 19:35:00,U003306,체크카드,의료,56453.0,서울,30대,성공
2024-05-19 20:59:00,U001419,체크카드,쇼핑,16090.0,서울,40대,성공
2024-04-06 02:44:00,U003883,신용카드,교통,1709.0,서울,30대,성공
2024-07-04 13:15:00,U001908, 신용카드 ,문화/여가,46853.0,,30대,성공
2024-02-07 21:51:00,U002675,체크카드,식음료,14302.0,인천,10대,성공
2024-09-25 13:50:00,U000190,체크카드,여행,485151.0,전북,20대,성공
2024-01-02 21:41:00,U003186,신용카드,교통,3603.0,울산,50대,성공
2024-06-29 13:19:00,U002056,신용카드,여행,184515.0,충남,40대,성공
2024-08-12 10:47:00,U001145,체크카드,교육,468091.0,서울,20대,성공
2024/10/19 16:44,U003150,신용카드,여행,190996.0,서울,40대,성공
2024-03-13 08:21:00,U002485,신용카드,식음료,14307.0,서울,30대,성공
2024-09-11 13:19:00,U001599,신용카드,교통,3931.0,경기,30대,성공
2024-01-31 09:01:00,U000292,신용카드,식음료,6999.0,서울,20대,성공
2024/09/12 16:59,U002889,신용카드,쇼핑,19847.0,경기,20대,성공
2024/05/27 22:44,U003314,계좌이체,의료,41993.0,경기,20대,성공
2024-07-02 10:07:00,U002627,포인트결제,쇼핑,24500.0,서울,50대,성공
2024-09-14 17:20:00,U000198,포인트결제,식음료,25665.0,서울,20대,성공
2024-06-19 20:18:00,U002801,체크카드,교육,175949.0,서울,10대,성공
2024-06-25 19:42:00,U002685,신용카드,교육,73015.0,부산,30대,성공
2024-08-23 21:02:00,U003131,신용카드,교통,4956.0,서울,,성공
2024-11-07 16:58:00,U000061,신용카드,문화/여가,34748.0,서울,50대,성공
2024/12/07 05:05,U003590,체크카드,문화/여가,43172.0,서울,10대,성공
2024-05-06 17:20:00,U000059,체크카드,식음료,35844.0,서울,30대,성공
2024/09/26 18:31,U003362,계좌이체,쇼핑,83431.0,서울,20대,성공
2024-02-23 20:53:00,U000792,신용카드,의료,55891.0,울산,40대,성공
2024-05-10 16:40:00,U003876,신용카드,쇼핑,28348.0,경기,30대,성공
2024-05-09 10:28:00,U000390,계좌이체,교육,67032.0,울산,50대,실패
2024-05-03 20:36:00,U003895,신용카드,의료,10831.0,경남,50대,성공
2024-01-16 22:47:00,U000922,체크카드,교통,2217.0,서울,50대,성공
2024-12-20 23:06:00,U003205,포인트결제,문화/여가,44398.0,세종,20대,성공
2024-06-06 13:33:00,U003278,신용카드,여행,179752.0,대구,20대,성공
2024-04-30 19:59:00,U002041,계좌이체,쇼핑,38159.0,서울,50대,성공
2024-08-27 15:13:00,U000198,계좌이체,식음료,13090.0,경기,30대,성공
2024-06-04 11:34:00,U002008,체크카드,식음료,27546.0,,20대,성공
2024/10/19 21:39,U002845,휴대폰결제,교통,1668.0,서울,40대,성공
2024-06-23 22:30:00,U001539,체크카드,쇼핑,53095.0,울산,50대,성공
2024-01-07 13:28:00,U000959,체크카드,공과금,56248.0,경남,40대,성공
2024-12-27 13:13:00,U002124,휴대폰결제,쇼핑,102391.0,부산,20대,성공
2024-08-29 21:27:00,U001106,신용카드,식음료,8287.0,서울,10대,성공
2024/12/25 18:47,U000465,휴대폰결제,교통,1418.0,대구,30대,성공
2024-02-24 09:03:00,U000284,신용카드,의료,73913.0,인천,40대,성공
2024-02-01 12:30:00,U002134,신용카드,의료,41698.0,울산,40대,성공
2024-07-20 18:20:00,U002738,계좌이체,교육,152582.0,,20대,성공
2024-04-25 17:05:00,U003578,체크카드,문화/여가,48392.0,부산,40대,성공
2024-09-10 14:37:00,U001100,휴대폰결제,교육,170296.0,인천,30대,성공
2024-11-20 08:08:00,U003656,휴대폰결제,교통,1771.0,인천,30대,성공
2024/11/08 12:32,U000667,신용카드,의료,55201.0,경기,20대,성공
2024/11/01 16:00,U002047,계좌이체,교통,4233.0,,30대,성공
2024-03-23 01:52:00,U001481,신용카드,식음료,10260.0,부산,50대,성공
2024-07-09 12:44:00,U002236,계좌이체,식음료,19168.0,경기,40대,성공
2024-11-17 12:02:00,U003079,계좌이체,의료,64346.0,경북,60대 이상,성공
2024/08/01 12:49,U002618,계좌이체,식음료,8043.0,경기,50대,성공
2024-04-16 11:59:00,U002791,체크카드,식음료,14678.0,서울,30대,성공
2024-05-21 23:35:00,U003241,휴대폰결제,식음료,30716.0,경기,30대,성공
2024-04-14 02:38:00,U000277,체크카드,교육,197606.0,서울,20대,성공
2024/10/30 06:37,U001767,체크카드,기타,17026.0,경기,20대,성공
2024-07-10 20:42:00,U002860,체크카드,식음료,18809.0,서울,50대,성공
2024/11/06 12:22,U000775,계좌이체,쇼핑,41517.0,경기,30대,성공
2024/06/24 08:36,U002035,신용카드,교통,13140.0,인천,30대,성공
2024-07-26 18:36:00,U000252,신용카드,쇼핑,79267.0,울산,30대,성공
2024/04/28 07:41,U001551,계좌이체,의료,16563.0,경기,40대,성공
2024-06-24 23:14:00,U003178, 신용카드 ,의료,17085.0,대전,10대,성공
2024-06-27 10:02:00,U003248,포인트결제,쇼핑,62345.0,경기,20대,성공
2024-02-12 10:58:00,U000022,신용카드,쇼핑,60645.0,경기,,성공
2024/08/14 10:51,U002532,계좌이체,쇼핑,49311.0,서울,,성공
2024/02/18 04:48,U000656,신용카드,쇼핑,56650.0,경기,30대,성공
2024-04-05 21:09:00,U000510, 신용카드 ,공과금,,,60대 이상,성공
2024-09-17 11:29:00,U001646,신용카드,교통,1493.0,,40대,성공
2024-02-20 09:26:00,U000837,신용카드,식음료,,서울,20대,성공
2024-05-10 14:46:00,U002678,계좌이체,공과금,58585.0,대구,40대,성공
2024-11-09 12:53:00,U002050,신용카드,교육,276797.0,경기,20대,성공
2024-10-22 17:07:00,U000231,신용카드,식음료,17876.0,서울,20대,성공
2024-11-07 19:00:00,U002625,신용카드,교통,1785.0,경남,30대,성공
2024-05-16 12:47:00,U002346,신용카드,여행,355049.0,서울,50대,성공
2024/07/18 17:19,U001171,체크카드,쇼핑,112884.0,강원,30대,성공
2024-04-26 14:38:00,U001453,계좌이체,문화/여가,95858.0,부산,60대 이상,성공
2024-06-16 13:21:00,U000076,신용카드,교육,289648.0,전남,30대,성공
2024/11/25 20:31,U001827,신용카드,교육,113578.0,경남,40대,성공
2024-07-01 11:07:00,U003088,신용카드,교통,2788.0,경기,20대,성공
2024/01/04 15:24,U003022,신용카드,쇼핑,36643.0,인천,30대,성공
2024-01-31 23:16:00,U002256,체크카드,쇼핑,81554.0,경북,,성공
2024-11-01 22:39:00,U002757,체크카드,쇼핑,60414.0,충남,40대,성공
2024-02-09 08:34:00,U000694,신용카드,문화/여가,6325.0,서울,50대,성공
2024-06-12 22:09:00,U000717,신용카드,식음료,6139.0,부산,20대,성공
2024-01-06 19:36:00,U001022,체크카드,의료,25433.0,서울,,성공
2024/04/23 09:59,U000102,신용카드,식음료,12841.0,대구,30대,성공
2024-08-15 19:35:00,U001651,계좌이체,교육,139610.0,경기,20대,성공
2024-12-29 21:06:00,U002072,포인트결제,식음료,14155.0,인천,40대,성공
2024-06-17 21:29:00,U003840,포인트결제,교육,77599.0,경기,30대,성공
2024-06-30 20:52:00,U002075,신용카드,기타,10685.0,서울,50대,성공
2024/01/30 14:01,U002647,신용카드,교육,48470.0,부산,10대,성공
2024-05-03 08:25:00,U000785,체크카드,쇼핑,38801.0,전북,30대,성공
2024-10-02 19:25:00,U001100,신용카드,쇼핑,44625.0,인천,10대,성공
2024-03-11 20:50:00,U001738,신용카드,쇼핑,,대구,20대,취소
2024-09-06 16:52:00,U003329,계좌이체,공과금,78356.0,인천,30대,성공
2024-05-23 08:27:00,U003979,포인트결제,교육,23609.0,경기,30대,성공
2024-10-07 13:23:00,U001521,포인트결제,쇼핑,89212.0,서울,50대,실패
2024-09-14 08:21:00,U002231,신용카드,기타,11285.0,서울,40대,성공
2024-09-02 10:50:00,U003370,체크카드,공과금,65751.0,강원,30대,성공
2024-01-31 04:15:00,U000245,신용카드,기타,48511.0,경기,30대,성공
2024-04-23 10:34:00,U002689,신용카드,공과금,26095.0,서울,10대,성공
2024-07-07 11:21:00,U003524,체크카드,의료,18722.0,경기,20대,성공
2024-07-05 17:25:00,U001696,체크카드,여행,67971.0,경기,50대,성공
2024-03-12 17:18:00,U001545,계좌이체,교통,2505.0,경기,,성공
2024-03-16 19:09:00,U001058,계좌이체,식음료,32699.0,서울,40대,성공
2024-07-17 17:00:00,U003728,체크카드,식음료,16357.0,서울,30대,성공
2024-04-08 06:09:00,U000565,체크카드,식음료,17720.0,서울,40대,성공
2024/07/02 10:01,U002055,체크카드,식음료,15550.0,경남,40대,성공
2024-04-04 13:23:00,U002578,신용카드,식음료,59461.0,서울,40대,성공
2024-07-08 09:11:00,U001926,계좌이체,쇼핑,108664.0,경기,40대,성공
2024-02-06 07:02:00,U000790,체크카드,쇼핑,43483.0,경기,30대,성공
2024-07-16 12:55:00,U002097,포인트결제,교육,118088.0,강원,30대,성공
2024-07-16 20:11:00,U000526,신용카드,교통,2923.0,서울,40대,실패
2024-05-16 04:21:00,U003836, 신용카드 ,교육,101993.0,,30대,성공
2024-08-17 19:16:00,U001100,신용카드,공과금,128687.0,경남,40대,성공
2024-04-29 18:32:00,U003045,신용카드,식음료,13810.0,전북,50대,성공
2024-02-19 07:40:00,U000222,신용카드,문화/여가,13243.0,경북,20대,성공
2024/05/05 12:34,U001593,포인트결제,문화/여가,42313.0,서울,50대,성공
2024-09-09 08:33:00,U001562,체크카드,공과금,42199.0,서울,40대,성공
2024-10-06 11:23:00,U001226,체크카드,공과금,59606.0,서울,30대,성공
2024-07-10 18:22:00,U002976,계좌이체,교육,59911.0,서울,40대,성공
2024-04-12 13:59:00,U002039,신용카드,여행,178742.0,,30대,성공
2024-12-17 21:11:00,U003533,체크카드,기타,9146.0,서울,30대,성공
2024-06-07 19:43:00,U002438,계좌이체,공과금,115156.0,경북,60대 이상,성공
2024-02-08 18:42:00,U002807, 신용카드 ,쇼핑,29230.0,경기,20대,성공
2024-11-12 14:32:00,U001327,신용카드,문화/여가,50208.0,제주,40대,성공
2024-01-18 04:53:00,U000568, 신용카드 ,쇼핑,22481.0,경기,20대,취소
2024-11-05 13:30:00,U003862,체크카드,식음료,24239.0,경기,20대,성공
2024-01-05 08:20:00,U000773,신용카드,쇼핑,32075.0,경북,30대,성공
2024-10-03 18:20:00,U000418,신용카드,공과금,38311.0,경기,40대,성공
2024-07-11 12:02:00,U000737,휴대폰결제,쇼핑,,부산,,실패
2024/09/03 15:35,U003202,신용카드,식음료,34441.0,강원,30대,성공
2024-07-07 12:29:00,U001625,체크카드,식음료,8413.0,부산,30대,성공
2024-11-01 21:27:00,U001972,계좌이체,기타,39521.0,충남,40대,성공
2024-03-20 13:40:00,U003411,포인트결제,쇼핑,39675.0,부산,20대,성공
2024/05/30 11:43,U000299, 신용카드 ,기타,60660.0,경기,10대,성공
2024-07-03 09:29:00,U001428,,식음료,25272.0,서울,40대,성공
2024-11-03 00:58:00,U001102,신용카드,식음료,4280.0,서울,20대,성공
2024-12-22 13:05:00,U002553,계좌이체,식음료,19264.0,경기,40대,성공
2024-06-01 16:15:00,U001641,계좌이체,식음료,14729.0,경기,20대,성공
2024-03-24 22:29:00,U000708,포인트결제,식음료,23474.0,전남,40대,성공
2024-05-29 13:52:00,U001317,신용카드,의료,43979.0,대전,30대,성공
2024-08-11 18:11:00,U002724,신용카드,의료,3997.0,서울,20대,성공
2024-08-17 20:45:00,U003726,신용카드,여행,231341.0,경기,20대,성공
2024-01-31 10:11:00,U001020,계좌이체,쇼핑,7821.0,인천,30대,성공
2024-12-14 13:15:00,U002687,휴대폰결제,식음료,26145.0,서울,20대,성공
2024-10-22 18:33:00,U003315,신용카드,쇼핑,18945.0,서울,20대,성공
2024-05-17 10:29:00,U001281,신용카드,공과금,13882.0,서울,50대,성공
2024-08-31 21:40:00,U003134,포인트결제,공과금,192178.0,광주,20대,성공
2024-09-28 20:44:00,U001490,신용카드,식음료,22797.0,인천,20대,성공
2024-04-27 18:51:00,U000949,계좌이체,기타,20291.0,울산,50대,성공
2024-07-09 18:52:00,U002341,체크카드,공과금,68370.0,경기,,성공
2024-07-23 17:15:00,U001328,체크카드,교통,1787.0,서울,30대,성공
2024-04-18 17:58:00,U002318,휴대폰결제,의료,43636.0,경기,20대,성공
2024-07-18 16:14:00,U003884,휴대폰결제,교육,218679.0,경기,20대,성공
2024-10-09 02:11:00,U003257,신용카드,쇼핑,103837.0,대구,40대,성공
2024-04-28 19:27:00,U001321,신용카드,기타,89171.0,경기,30대,성공
2024-04-10 20:45:00,U000883,계좌이체,의료,46313.0,서울,50대,성공
2024-05-14 18:30:00,U001884,계좌이체,기타,9704.0,경기,30대,성공
2024-04-15 17:23:00,U000305,계좌이체,식음료,5547.0,경남,40대,성공
2024-05-30 07:44:00,U001413, 신용카드 ,의료,4474.0,경기,50대,성공
2024-05-06 18:52:00,U002458,,쇼핑,54747.0,인천,50대,취소
2024-09-22 19:00:00,U000794,신용카드,여행,119709.0,충북,,성공
2024-08-31 11:02:00,U000705,체크카드,식음료,31295.0,경기,20대,성공
2024-11-20 18:52:00,U002589,휴대폰결제,의료,33952.0,대구,50대,성공
2024/10/29 19:38,U002626,신용카드,의료,55068.0,서울,10대,성공
2024-09-02 17:46:00,U001841,체크카드,식음료,3818.0,경기,30대,실패
2024-11-06 18:29:00,U002940,신용카드,쇼핑,20853.0,충남,20대,성공
2024-05-26 16:03:00,U000224,체크카드,쇼핑,46827.0,경북,20대,성공
2024-01-23 11:01:00,U003422,신용카드,기타,25607.0,인천,40대,성공
2024-07-05 12:19:00,U002262, 신용카드 ,여행,378291.0,서울,40대,성공
2024-03-03 14:37:00,U003736,휴대폰결제,교통,1323.0,대전,50대,성공
2024-06-26 18:21:00,U002830,신용카드,교통,2416.0,서울,30대,실패
2024-05-12 04:36:00,U002860,신용카드,교통,2802.0,울산,40대,성공
2024-03-05 22:36:00,U001045,계좌이체,교통,4145.0,경남,30대,성공
2024-11-17 02:20:00,U000138,계좌이체,교통,7071.0,서울,30대,성공
2024-03-22 12:37:00,U000453,체크카드,의료,9606.0,서울,50대,실패
2024-03-16 16:00:00,U003842,신용카드,쇼핑,83130.0,서울,20대,성공
2024-02-11 22:48:00,U003923,포인트결제,여행,339315.0,울산,20대,성공
2024-02-18 14:42:00,U000522,체크카드,식음료,10080.0,경기,30대,성공
2024-08-14 20:03:00,U003793,신용카드,교육,44205.0,경기,40대,성공
2024-11-12 19:26:00,U003900,체크카드,여행,133399.0,경기,30대,성공
2024-02-16 21:37:00,U002258,포인트결제,문화/여가,17521.0,경북,30대,성공
2024/07/28 09:08,U002338,체크카드,교통,1108.0,전남,30대,성공
2024-06-29 14:01:00,U001081,계좌이체,공과금,160245.0,경기,,성공
2024/04/20 18:43,U000179,계좌이체,문화/여가,13474.0,경기,30대,성공
2024-11-12 18:08:00,U000820,신용카드,교통,2104.0,서울,20대,성공
2024-04-11 09:39:00,U002501,계좌이체,교통,7422.0,경기,40대,성공
2024-04-24 14:51:00,U003906,휴대폰결제,기타,20686.0,서울,50대,성공
2024-02-01 18:11:00,U002058,계좌이체,식음료,36849.0,서울,20대,성공
2024-03-14 19:18:00,U000265, 신용카드 ,식음료,3700.0,대구,,성공
2024-04-01 05:42:00,U001406,신용카드,쇼핑,107560.0,서울,20대,성공
2024-02-16 19:24:00,U002929,신용카드,쇼핑,65461.0,부산,40대,성공
2024-01-13 09:19:00,U001885,체크카드,식음료,5146.0,서울,30대,성공
2024-11-27 07:53:00,U003984,휴대폰결제,쇼핑,31052.0,대구,40대,성공
2024-08-26 08:49:00,U000354,체크카드,기타,11327.0,서울,30대,성공
2024-10-19 07:22:00,U003711,계좌이체,교통,2039.0,경기,20대,성공
2024-04-09 19:33:00,U000723,신용카드,문화/여가,22674.0,,30대,취소
2024-06-14 10:59:00,U002404, 신용카드 ,식음료,3846.0,서울,20대,성공
2024-02-10 10:30:00,U003019,체크카드,기타,14429.0,대전,20대,성공
2024-08-19 19:24:00,U002492,계좌이체,쇼핑,15925.0,서울,40대,성공
2024/10/01 12:03,U000834,계좌이체,기타,4326.0,광주,40대,성공
2024-04-03 20:48:00,U001866,신용카드,식음료,5727.0,인천,30대,성공
2024-07-22 17:59:00,U002154,계좌이체,식음료,20221.0,경남,20대,성공
2024-05-22 16:59:00,U002653,체크카드,교육,72064.0,서울,30대,성공
2024-09-01 07:50:00,U001359,체크카드,기타,30190.0,경기,40대,성공
2024-05-28 12:05:00,U002669,신용카드,공과금,24315.0,경기,30대,실패
2024-11-18 14:10:00,U002242,휴대폰결제,문화/여가,19314.0,경남,20대,성공
2024-05-29 14:16:00,U003114,신용카드,쇼핑,72914.0,대전,20대,성공
2024-09-08 16:50:00,U003962,계좌이체,교통,2027.0,부산,60대 이상,성공
2024-04-13 19:26:00,U002946,신용카드,공과금,21887.0,경기,40대,성공
2024/10/21 22:43,U000670,신용카드,식음료,12545.0,경기,,성공
2024-06-09 10:45:00,U002147,휴대폰결제,기타,12772.0,서울,40대,성공
2024-08-23 09:28:00,U002462,휴대폰결제,교통,4045.0,경북,20대,취소
2024/10/13 08:07,U002005,포인트결제,식음료,29382.0,부산,20대,성공
2024-01-16 06:05:00,U002042,신용카드,교육,201877.0,대전,20대,성공
2024-02-18 11:31:00,U000452,신용카드,여행,134563.0,서울,20대,성공
2024-08-18 20:35:00,U000948,신용카드,교육,,서울,30대,성공
2024-07-21 19:47:00,U002920,계좌이체,식음료,6715.0,전북,40대,성공
2024-08-21 09:23:00,U002215,신용카드,쇼핑,35636.0,충남,30대,성공
2024-07-15 16:49:00,U002345,휴대폰결제,교통,3852.0,경기,20대,성공
2024-11-21 13:30:00,U000965,계좌이체,쇼핑,12363.0,경남,20대,성공
2024-02-04 09:14:00,U003938,포인트결제,문화/여가,8904.0,경기,50대,성공
2024-12-26 20:21:00,U003385, 신용카드 ,공과금,19914.0,대구,30대,성공
2024-05-22 20:17:00,U003215,체크카드,문화/여가,103929.0,서울,30대,성공
2024-09-25 12:39:00,U002023,계좌이체,공과금,19646.0,인천,30대,실패
2024-05-23 20:06:00,U002901,포인트결제,식음료,2544.0,,30대,성공
2024/08/10 18:02,U001658,신용카드,식음료,3257.0,부산,30대,성공
2024-07-20 18:31:00,U001451,포인트결제,교육,116980.0,서울,10대,성공
2024-04-30 11:09:00,U002977,계좌이체,기타,8485.0,대구,20대,성공
2024-03-23 20:21:00,U002461,체크카드,공과금,43256.0,서울,60대 이상,성공
2024/06/20 20:07,U003707,신용카드,쇼핑,55054.0,경기,30대,성공
2024-09-18 15:29:00,U001038,신용카드,교육,179231.0,부산,50대,성공
2024-06-01 21:30:00,U003809,체크카드,식음료,9695.0,부산,60대 이상,성공
2024-09-04 22:06:00,U002601,신용카드,식음료,17137.0,서울,50대,성공
2024-12-17 21:05:00,U003583,신용카드,여행,139267.0,경기,30대,성공
2024-05-29 09:12:00,U000678,신용카드,기타,13595.0,경기,30대,취소
2024/12/22 11:00,U002351,신용카드,쇼핑,55519.0,충남,30대,성공
2024-11-29 09:08:00,U003644,신용카드,식음료,32704.0,대구,,실패
2024-09-26 10:12:00,U001400,신용카드,교통,2739.0,제주,40대,성공
2024-03-17 18:00:00,U001878,신용카드,의료,22274.0,인천,30대,성공
2024-08-07 19:17:00,U003287,체크카드,교통,5858.0,충북,20대,성공
2024-03-18 15:24:00,U003707,,기타,43788.0,부산,30대,성공
2024-11-23 13:18:00,U000433,신용카드,식음료,14881.0,서울,20대,성공
2024-07-20 07:57:00,U003446,포인트결제,교육,82760.0,서울,30대,성공
2024-01-13 08:41:00,U000576,신용카드,쇼핑,23469.0,서울,40대,성공
2024-04-13 18:58:00,U002964,체크카드,의료,30867.0,인천,40대,성공
2024-09-13 05:42:00,U001175,신용카드,교통,3352.0,서울,60대 이상,성공
2024/03/09 20:17,U003526,체크카드,교통,2231.0,대전,50대,성공
2024-03-11 11:08:00,U001870,계좌이체,의료,26169.0,경기,20대,성공
2024-08-27 18:08:00,U003519,포인트결제,쇼핑,52151.0,대구,20대,성공
2024-07-05 15:47:00,U000891,신용카드,교통,2313.0,광주,50대,성공
2024-11-20 12:22:00,U003459,체크카드,문화/여가,18671.0,경남,20대,성공
2024-10-11 12:46:00,U003680,신용카드,쇼핑,48167.0,울산,,실패
2024/06/27 21:28,U001468,체크카드,교통,3039.0,인천,20대,성공
2024-06-10 19:01:00,U002083,신용카드,공과금,51199.0,경기,30대,성공
2024-04-25 12:29:00,U001687,신용카드,쇼핑,35011.0,경기,,성공
2024-08-09 11:21:00,U000090,신용카드,의료,,서울,10대,성공
2024-07-02 13:13:00,U002211, 신용카드 ,교통,,전북,40대,성공
2024-06-29 06:15:00,U002147,체크카드,기타,25062.0,경기,20대,성공
2024-08-16 21:37:00,U001138,체크카드,쇼핑,24421.0,경기,60대 이상,성공
2024-06-04 11:19:00,U002070,계좌이체,쇼핑,10065.0,충남,50대,성공
2024-03-27 20:12:00,U001492,신용카드,식음료,17756.0,경남,30대,성공
2024-03-11 21:34:00,U003604,계좌이체,기타,17249.0,대전,40대,성공
2024-05-21 10:18:00,U001647,신용카드,식음료,16447.0,경기,20대,성공
2024-08-11 17:59:00,U000492,포인트결제,기타,35763.0,경남,40대,성공
2024-07-05 12:44:00,U002810,계좌이체,의료,56467.0,,20대,성공
2024-05-06 13:11:00,U003984,신용카드,교육,40830.0,부산,20대,성공
2024/10/13 16:36,U002654,신용카드,문화/여가,10137.0,경기,30대,성공
2024-01-08 19:52:00,U001518,체크카드,공과금,49432.0,서울,60대 이상,성공
2024-10-11 04:19:00,U000277,체크카드,기타,13033.0,충남,50대,성공
2024-09-01 17:00:00,U001871,체크카드,교육,150922.0,서울,30대,성공
2024-11-12 18:09:00,U000713,신용카드,여행,149205.0,,40대,성공
2024/07/11 13:16,U003948,포인트결제,식음료,13524.0,전남,40대,성공
2024/08/27 14:54,U000351,신용카드,문화/여가,11280.0,강원,30대,실패
2024-09-27 22:09:00,U003481,신용카드,문화/여가,4395.0,경기,30대,성공
2024-07-15 15:02:00,U001665,체크카드,문화/여가,7323.0,서울,30대,성공
2024-04-13 16:38:00,U000223,휴대폰결제,식음료,19399.0,경기,40대,성공
2024-07-24 23:01:00,U001300,계좌이체,식음료,9790.0,경기,50대,성공
2024-12-08 14:38:00,U002327,포인트결제,여행,63916.0,충남,30대,성공
2024/04/23 15:31,U003332,체크카드,쇼핑,27387.0,인천,40대,성공
2024/01/18 14:26,U002101,체크카드,쇼핑,66961.0,경북,40대,성공
2024-01-26 16:52:00,U002570,신용카드,여행,185428.0,서울,20대,성공
2024-05-26 20:21:00,U003081,신용카드,쇼핑,69994.0,부산,30대,성공
2024/05/14 14:41,U000750,휴대폰결제,교육,363380.0,대구,50대,성공
2024-03-20 08:04:00,U000737,계좌이체,공과금,,인천,10대,성공
2024/06/13 08:08,U002479,계좌이체,식음료,27100.0,충남,10대,성공
2024-08-09 16:08:00,U002580,신용카드,교통,2960.0,충남,60대 이상,성공
2024-10-22 20:08:00,U001453, 신용카드 ,식음료,17212.0,충남,60대 이상,성공
2024-02-18 07:16:00,U001185,체크카드,교육,29664.0,서울,,성공
2024-01-25 19:59:00,U001033,신용카드,문화/여가,32866.0,서울,20대,성공
2024-10-17 12:11:00,U003677,신용카드,교통,5979.0,서울,50대,성공
2024-01-09 17:06:00,U001144,신용카드,의료,18814.0,서울,50대,성공
2024-03-20 12:52:00,U001846,신용카드,문화/여가,42488.0,,30대,성공
2024/12/23 13:39,U001992,신용카드,교육,56520.0,서울,40대,성공
2024-09-06 11:15:00,U001231,휴대폰결제,기타,31452.0,경기,,성공
2024-03-16 18:10:00,U001197,계좌이체,식음료,15929.0,서울,10대,성공
2024-01-17 20:39:00,U003256,신용카드,문화/여가,32456.0,전북,30대,성공
2024-02-02 12:23:00,U000712,,기타,14383.0,,60대 이상,성공
2024-10-04 10:45:00,U000694,신용카드,식음료,21073.0,서울,20대,성공
2024-03-26 18:05:00,U001973,신용카드,문화/여가,20494.0,경기,30대,성공
2024-01-30 12:03:00,U003202,계좌이체,의료,26734.0,부산,60대 이상,성공
2024-01-05 18:28:00,U003941,신용카드,쇼핑,48043.0,부산,30대,성공
2024-01-29 12:52:00,U003490,신용카드,여행,413923.0,부산,20대,성공
2024-08-02 03:49:00,U003604,체크카드,의료,43560.0,부산,30대,성공
2024-12-15 19:29:00,U001692,신용카드,의료,70296.0,충남,40대,성공
2024-12-30 19:47:00,U000844,신용카드,여행,170512.0,경북,30대,성공
2024-08-29 19:08:00,U003442,체크카드,공과금,41596.0,서울,20대,성공
2024-11-06 20:43:00,U002639,,교통,8832.0,,40대,성공
2024-02-26 10:36:00,U003161,포인트결제,기타,14720.0,전북,30대,성공
2024-11-19 11:20:00,U000918,체크카드,기타,6029.0,서울,20대,성공
2024-10-11 17:31:00,U003787,계좌이체,식음료,25044.0,전남,30대,성공
2024-03-03 18:10:00,U003940,신용카드,식음료,12175.0,경북,30대,성공
2024-09-22 11:55:00,U001402,휴대폰결제,문화/여가,41288.0,서울,40대,성공
2024-04-23 19:08:00,U003744,포인트결제,문화/여가,4834.0,제주,20대,성공
2024-05-30 18:32:00,U000285,체크카드,공과금,44909.0,강원,50대,성공
2024/01/12 10:46,U002177,체크카드,식음료,13103.0,서울,30대,성공
2024-03-09 18:23:00,U002620,신용카드,식음료,15334.0,서울,50대,성공
2024-02-25 21:26:00,U002083,신용카드,식음료,5016.0,인천,20대,성공
2024-06-16 20:44:00,U002259,포인트결제,쇼핑,128076.0,인천,20대,성공
2024-05-15 10:03:00,U001970,포인트결제,쇼핑,,경기,50대,성공
2024-02-18 20:22:00,U001221,신용카드,의료,16162.0,경기,30대,성공
2024-03-28 08:16:00,U003291,계좌이체,교육,176534.0,서울,,성공
2024-04-12 14:03:00,U000097,휴대폰결제,교통,1988.0,서울,30대,성공
2024-10-26 18:37:00,U001962, 신용카드 ,의료,57471.0,경남,40대,성공
2024-10-31 15:57:00,U001703,신용카드,쇼핑,52293.0,부산,30대,실패
2024-06-14 13:13:00,U000750,신용카드,문화/여가,62864.0,경기,20대,성공
2024/10/16 20:51,U003900,체크카드,식음료,8135.0,경기,20대,성공
2024-05-05 11:48:00,U001146,휴대폰결제,공과금,29823.0,인천,30대,성공
2024-06-30 10:15:00,U002367,휴대폰결제,식음료,15945.0,경기,20대,성공
2024/12/27 21:07,U000279,신용카드,문화/여가,9685.0,서울,30대,성공
2024-02-28 20:19:00,U002328,체크카드,교육,89906.0,전북,30대,성공
2024-04-06 14:43:00,U000445,계좌이체,교육,101094.0,서울,20대,성공
2024-01-30 17:19:00,U003293,신용카드,교통,4654.0,강원,30대,성공
2024/01/10 21:55,U002267,휴대폰결제,식음료,7246.0,강원,30대,성공
2024-11-02 20:13:00,U003853,신용카드,의료,29858.0,인천,50대,성공
2024-11-27 20:30:00,U000029,체크카드,문화/여가,42066.0,울산,40대,성공
2024-07-21 09:35:00,U003195,계좌이체,식음료,18276.0,경기,40대,성공
2024-09-07 20:47:00,U000434,신용카드,문화/여가,38721.0,부산,30대,성공
2024-10-01 16:32:00,U003858,,식음료,20555.0,서울,20대,성공
2024-11-29 12:00:00,U001676,신용카드,식음료,33620.0,서울,20대,성공
2024-11-19 12:24:00,U000819,포인트결제,쇼핑,115251.0,경기,40대,성공
2024/11/28 18:59,U001293,계좌이체,식음료,31376.0,경기,40대,성공
2024-01-02 18:18:00,U002561,,쇼핑,75854.0,전남,50대,성공
2024-09-19 22:19:00,U002510, 신용카드 ,의료,46424.0,서울,30대,성공
2024-09-05 16:17:00,U001929,신용카드,교통,3367.0,서울,40대,성공
2024-08-07 20:40:00,U002104,포인트결제,여행,297246.0,경기,30대,성공
2024-02-05 10:16:00,U002973, 신용카드 ,문화/여가,45178.0,경기,50대,성공
2024/01/07 11:15,U002308,체크카드,쇼핑,64054.0,경기,50대,성공
2024-05-10 20:42:00,U002100,포인트결제,쇼핑,31863.0,경기,30대,성공
2024-11-11 10:45:00,U003428,포인트결제,공과금,85181.0,경기,40대,성공
2024-02-06 14:25:00,U003786,신용카드,여행,142478.0,충북,30대,성공
2024-07-05 16:32:00,U001670,신용카드,문화/여가,31936.0,서울,30대,성공
2024-03-29 16:32:00,U000609,계좌이체,식음료,25852.0,경남,50대,성공
2024-11-16 13:08:00,U000623,체크카드,교육,25821.0,경기,20대,성공
2024-02-23 19:42:00,U000131,신용카드,기타,7304.0,경기,20대,성공
2024-04-16 12:39:00,U001687,체크카드,식음료,,경기,30대,성공
2024-07-24 08:03:00,U003392,신용카드,기타,8930.0,서울,30대,성공
2024-10-26 21:24:00,U003597,신용카드,공과금,105687.0,대구,30대,성공
2024-03-23 08:21:00,U000679,체크카드,식음료,6569.0,서울,20대,성공
2024-03-08 18:56:00,U002637,포인트결제,쇼핑,39234.0,인천,50대,성공
2024-07-04 06:09:00,U002863,신용카드,공과금,95433.0,서울,20대,성공
2024-10-25 08:10:00,U003205,체크카드,식음료,2276.0,인천,40대,성공
2024/06/19 18:56,U000868,계좌이체,식음료,9106.0,경기,50대,성공
2024-04-24 20:26:00,U002414,신용카드,의료,25867.0,서울,10대,성공
2024-12-06 03:34:00,U002480,신용카드,식음료,20983.0,서울,20대,성공
2024-11-22 15:42:00,U003303,신용카드,식음료,29776.0,경기,30대,성공
2024-12-30 21:52:00,U000071,체크카드,교육,54970.0,부산,30대,성공
2024-01-17 09:42:00,U000258,신용카드,교통,4392.0,대구,30대,성공
2024/02/10 17:13,U001430,신용카드,쇼핑,73058.0,경기,20대,성공
2024-03-10 09:49:00,U001591,포인트결제,교육,280477.0,서울,30대,성공
2024-11-22 18:16:00,U000066,체크카드,식음료,13158.0,부산,20대,성공
2024-02-19 19:26:00,U002173,신용카드,쇼핑,30739.0,서울,20대,성공
2024-02-15 20:28:00,U000967,휴대폰결제,기타,16845.0,대전,50대,성공
2024/11/08 07:13,U002446,휴대폰결제,쇼핑,63358.0,서울,40대,성공
2024-02-23 14:31:00,U002198,체크카드,문화/여가,33894.0,경기,20대,성공
2024-12-13 11:40:00,U000189,체크카드,문화/여가,19296.0,서울,40대,성공
2024-12-24 14:40:00,U001572,신용카드,교육,184585.0,부산,20대,성공
2024-11-25 17:20:00,U002975,체크카드,쇼핑,24964.0,경기,20대,성공
2024-02-12 19:39:00,U002230,신용카드,교육,51932.0,경기,50대,성공
2024-10-25 08:24:00,U003494,계좌이체,교통,1457.0,경기,50대,성공
2024/10/15 19:05,U000428,신용카드,문화/여가,8614.0,전남,20대,성공
2024-12-09 16:48:00,U000530,신용카드,쇼핑,105313.0,제주,30대,성공
2024-06-14 16:38:00,U003619,신용카드,교육,290922.0,서울,20대,성공
2024-04-21 08:54:00,U001927,계좌이체,문화/여가,50053.0,경북,40대,성공
2024-07-02 13:07:00,U003219,신용카드,문화/여가,18141.0,대구,30대,성공
2024/04/26 10:39,U003891,체크카드,공과금,16657.0,경기,50대,성공
2024-12-07 09:36:00,U001634,신용카드,쇼핑,48037.0,경기,40대,성공
2024/11/05 18:52,U001531,체크카드,쇼핑,16819.0,대전,30대,취소
2024-03-26 12:44:00,U000104,계좌이체,쇼핑,72276.0,경기,30대,성공
2024-11-23 21:06:00,U002933,체크카드,공과금,46140.0,경기,20대,성공
2024/03/21 19:50,U001165,체크카드,쇼핑,102122.0,경기,20대,성공
2024-12-02 19:56:00,U003479,휴대폰결제,쇼핑,39031.0,서울,20대,성공
2024-08-28 13:56:00,U000864,신용카드,식음료,31683.0,대구,20대,성공
2024/06/08 23:39,U003910,신용카드,쇼핑,18870.0,강원,40대,성공
2024-04-09 14:42:00,U001756,신용카드,식음료,19853.0,서울,,성공
2024-07-28 18:58:00,U003116,신용카드,쇼핑,75628.0,경기,30대,성공
2024-01-18 04:33:00,U003838,계좌이체,문화/여가,63849.0,강원,40대,성공
2024-08-25 13:09:00,U003739,포인트결제,쇼핑,44817.0,경북,20대,성공
2024-09-28 15:56:00,U003770,체크카드,식음료,34126.0,경기,20대,성공
2024/06/17 18:43,U002637,체크카드,문화/여가,4156.0,인천,20대,성공
2024/02/18 08:04,U002797,신용카드,문화/여가,29043.0,서울,50대,성공
2024/08/10 10:28,U001680,계좌이체,쇼핑,13266.0,충남,30대,성공
2024-03-19 19:36:00,U002622,포인트결제,교육,172923.0,,,성공
2024-06-07 19:21:00,U002801,체크카드,식음료,26042.0,전북,,성공
2024-05-07 12:33:00,U000098,포인트결제,의료,17879.0,충남,50대,성공
2024-03-06 20:31:00,U000801,계좌이체,식음료,26700.0,서울,30대,성공
2024-05-03 09:44:00,U000906,신용카드,교통,2580.0,대구,40대,성공
2024-09-15 22:53:00,U002332,포인트결제,교통,1472.0,서울,30대,실패
2024/11/08 18:51,U003852,계좌이체,쇼핑,67251.0,부산,20대,성공
2024-09-16 14:30:00,U003386,신용카드,식음료,10776.0,경기,20대,성공
2024-01-08 12:27:00,U003585,계좌이체,공과금,108635.0,,20대,실패
2024-03-21 18:00:00,U002740,포인트결제,기타,39443.0,서울,,성공
2024/12/03 18:27,U002010,포인트결제,교통,665.0,경기,50대,성공
2024-04-08 23:57:00,U003673,신용카드,쇼핑,60556.0,,50대,성공
2024-09-29 12:22:00,U000639,신용카드,의료,38006.0,강원,40대,성공
2024-10-28 18:37:00,U003882,체크카드,쇼핑,29804.0,서울,30대,성공
2024-08-01 21:21:00,U002719,신용카드,공과금,26592.0,부산,30대,성공
2024-11-30 08:18:00,U000105,체크카드,식음료,13467.0,제주,30대,성공
2024/06/09 19:39,U000677,신용카드,교통,,제주,50대,성공
2024-06-15 19:55:00,U001077,체크카드,여행,250481.0,강원,60대 이상,성공
2024/09/09 14:40,U002169,포인트결제,쇼핑,42882.0,서울,30대,성공
2024-04-20 09:19:00,U001530,체크카드,식음료,20270.0,,30대,성공
2024-10-22 09:13:00,U001349, 신용카드 ,문화/여가,36546.0,서울,50대,성공
2024-12-07 22:39:00,U000166,체크카드,여행,736008.0,대구,10대,성공
2024-03-07 18:45:00,U003924,신용카드,교육,104525.0,경기,60대 이상,성공
2024-06-16 09:29:00,U000118,체크카드,여행,212571.0,서울,40대,성공
2024-03-30 09:54:00,U000558,신용카드,문화/여가,20656.0,경북,30대,성공
2024-01-28 11:43:00,U002738,포인트결제,쇼핑,91327.0,세종,40대,성공
2024-03-30 18:26:00,U002610,체크카드,문화/여가,46903.0,서울,20대,성공
2024-02-21 20:26:00,U000326,신용카드,식음료,19344.0,대구,,성공
2024-02-25 18:57:00,U002886,체크카드,식음료,16840.0,제주,30대,성공
2024-04-23 14:00:00,U002182,신용카드,교통,4950.0,대구,20대,성공
2024-02-29 19:01:00,U000658,신용카드,쇼핑,82436.0,서울,30대,성공
2024-09-05 14:36:00,U002359,휴대폰결제,쇼핑,8845.0,경북,60대 이상,성공
2024-09-07 19:43:00,U001696,체크카드,공과금,63837.0,경기,20대,성공
2024-09-28 21:53:00,U002295,신용카드,식음료,6300.0,제주,20대,성공
2024-06-07 13:42:00,U003339,계좌이체,문화/여가,105489.0,대전,,성공
2024-11-15 19:48:00,U002240,계좌이체,의료,20645.0,충남,30대,성공
2024-12-23 15:18:00,U000301,포인트결제,공과금,66715.0,경남,40대,성공
2024/10/23 14:56,U001050,신용카드,의료,43167.0,서울,40대,성공
2024-08-28 22:47:00,U000657,신용카드,여행,-624340.0,경기,50대,성공
2024-11-30 20:04:00,U002028,체크카드,쇼핑,25794.0,인천,50대,성공
2024-05-23 22:33:00,U000379,신용카드,식음료,15614.0,경기,40대,성공
2024-09-11 18:54:00,U000537,계좌이체,쇼핑,95754.0,광주,30대,성공
2024-12-07 10:47:00,U000192,체크카드,문화/여가,5249.0,인천,20대,성공
2024-12-09 20:16:00,U002232,신용카드,식음료,12784.0,인천,30대,성공
2024-01-31 00:37:00,U000906,신용카드,문화/여가,73671.0,서울,30대,성공
2024-08-28 01:43:00,U002787,계좌이체,문화/여가,30795.0,서울,30대,성공
2024-06-17 15:31:00,U000877,휴대폰결제,쇼핑,25877.0,전남,20대,성공
2024-08-10 09:29:00,U000778,계좌이체,식음료,7470.0,부산,30대,성공
2024-08-08 18:58:00,U003236,체크카드,의료,29265.0,경기,40대,성공
2024/09/13 12:10,U000420,체크카드,식음료,24833.0,경기,30대,성공
2024-01-18 12:46:00,U000597,체크카드,문화/여가,52422.0,부산,20대,성공
2024-10-28 02:01:00,U001046,신용카드,쇼핑,5986.0,대구,50대,성공
2024-06-11 08:11:00,U003386,체크카드,교통,3576.0,경기,30대,성공
2024-03-28 11:23:00,U003476,계좌이체,문화/여가,56530.0,경기,30대,성공
2024-08-06 04:27:00,U000137,신용카드,의료,35342.0,경기,40대,성공
2024-12-15 17:27:00,U000338,체크카드,문화/여가,55750.0,부산,30대,성공
2024-07-02 19:10:00,U000515,체크카드,공과금,19929.0,경기,50대,성공
2024-02-26 19:31:00,U003145,신용카드,쇼핑,18122.0,전북,40대,성공
2024-06-15 20:33:00,U003246,체크카드,식음료,16744.0,전남,20대,성공
2024-04-18 21:55:00,U000525,신용카드,기타,10185.0,경기,40대,성공
2024-12-25 16:37:00,U001924,계좌이체,식음료,17511.0,서울,60대 이상,성공
2024/05/18 00:21,U002210,계좌이체,쇼핑,35259.0,서울,20대,성공
2024-05-25 19:45:00,U003288,신용카드,여행,291567.0,인천,20대,성공
2024-01-09 15:40:00,U000074,휴대폰결제,쇼핑,10265.0,대전,20대,성공
2024-01-29 15:48:00,U003574, 신용카드 ,식음료,17671.0,서울,30대,성공
2024-02-18 21:56:00,U001168,신용카드,식음료,22464.0,서울,40대,성공
2024-11-10 18:41:00,U001406,포인트결제,식음료,8993.0,경기,40대,성공
2024-08-25 20:45:00,U001936,체크카드,여행,28599.0,인천,20대,성공
2024-08-17 15:50:00,U001158,체크카드,식음료,12921.0,경북,40대,성공
2024-02-09 19:58:00,U001415,계좌이체,식음료,3672.0,경기,40대,성공
2024-08-02 19:04:00,U001675,신용카드,식음료,26577.0,울산,50대,성공
2024-05-25 17:32:00,U003572, 신용카드 ,의료,12900.0,경남,20대,성공
2024/02/21 14:35,U002297,계좌이체,쇼핑,51976.0,경기,50대,성공
2024-10-15 20:28:00,U003633,신용카드,식음료,,서울,20대,성공
2024-03-08 10:32:00,U000855,신용카드,식음료,5132.0,서울,40대,성공
2024-12-15 23:46:00,U002832,신용카드,쇼핑,93406.0,경기,30대,성공
2024-08-07 18:14:00,U002512,체크카드,교통,5811.0,부산,50대,성공
2024-01-09 14:37:00,U000420,계좌이체,식음료,17092.0,경남,30대,성공
2024/07/13 17:23,U002083, 신용카드 ,기타,9674.0,경기,30대,실패
2024-05-09 15:18:00,U002281,신용카드,여행,295273.0,충북,30대,성공
2024-03-19 12:22:00,U003675,신용카드,교통,1416.0,서울,30대,성공
2024-08-19 20:56:00,U002066,포인트결제,의료,34245.0,대구,30대,성공
2024-07-13 13:55:00,U003456,체크카드,쇼핑,124152.0,서울,40대,성공
2024-09-11 18:44:00,U000611,신용카드,여행,119096.0,경남,60대 이상,성공
2024-01-21 19:33:00,U001979,체크카드,쇼핑,10456.0,충남,40대,성공
2024-01-21 16:05:00,U001514,계좌이체,식음료,6102.0,충남,30대,성공
2024-01-25 20:12:00,U000990,신용카드,식음료,23440.0,경기,30대,실패
2024-01-07 10:10:00,U002393,휴대폰결제,쇼핑,14268.0,경북,20대,성공
2024-08-30 16:29:00,U003253,계좌이체,쇼핑,180174.0,서울,,성공
2024-04-28 19:30:00,U003375,체크카드,여행,374585.0,서울,40대,실패
2024-01-10 09:02:00,U000449,계좌이체,기타,5039.0,서울,20대,성공
2024-07-06 13:34:00,U003526,체크카드,교통,1305.0,서울,20대,성공
2024-01-15 06:48:00,U000307,신용카드,기타,9819.0,서울,40대,성공
2024-06-13 22:08:00,U001735,계좌이체,식음료,25047.0,경기,,성공
2024-06-23 04:55:00,U000540,계좌이체,식음료,32795.0,제주,20대,성공
2024-02-27 16:09:00,U000203,체크카드,교통,4196.0,부산,20대,성공
2024-06-25 19:57:00,U001744,계좌이체,의료,47928.0,인천,30대,성공
2024-12-14 13:38:00,U000471,휴대폰결제,문화/여가,20231.0,충남,30대,성공
2024-01-25 19:00:00,U002233, 신용카드 ,공과금,47215.0,서울,20대,취소
2024-08-15 13:46:00,U002538,계좌이체,식음료,5855.0,서울,60대 이상,성공
2024-05-13 01:11:00,U000991,신용카드,교통,1897.0,경기,10대,성공
2024-10-03 09:41:00,U002637,계좌이체,의료,41283.0,대구,40대,성공
2024-07-09 18:24:00,U000050,신용카드,쇼핑,52011.0,경북,40대,성공
2024-04-03 09:32:00,U001091,,쇼핑,78205.0,경기,20대,성공
2024-03-12 12:41:00,U001329,체크카드,식음료,1402.0,서울,20대,성공
2024-05-04 16:13:00,U001317,신용카드,의료,77133.0,경기,40대,성공
2024-03-02 19:44:00,U003895,체크카드,교통,2259.0,경기,10대,성공
2024/01/30 18:44,U002824,,식음료,24951.0,서울,,성공
2024/12/12 09:00,U000515,신용카드,식음료,17185.0,서울,30대,성공
2024-01-30 19:36:00,U003951,신용카드,식음료,19379.0,서울,20대,성공
2024-11-04 20:58:00,U003763, 신용카드 ,공과금,163065.0,강원,20대,성공
2024-07-13 08:28:00,U003694,포인트결제,공과금,16883.0,경기,20대,성공
2024/03/22 15:39,U003132,신용카드,식음료,13341.0,경기,40대,성공
2024-07-12 03:39:00,U000084,체크카드,쇼핑,119271.0,경기,50대,성공
2024-10-13 15:52:00,U000900,계좌이체,문화/여가,28944.0,전남,20대,성공
2024-10-24 12:12:00,U003984,신용카드,교통,3285.0,부산,20대,성공
2024-08-28 19:03:00,U003841,신용카드,공과금,21938.0,인천,20대,성공
2024/04/13 11:53,U001130,신용카드,공과금,107107.0,경기,,성공
2024-12-01 14:28:00,U001000,포인트결제,식음료,17344.0,제주,30대,성공
2024-12-03 09:07:00,U002289,계좌이체,식음료,61093.0,,20대,성공
2024-12-11 12:08:00,U000950,휴대폰결제,식음료,24657.0,서울,60대 이상,성공
2024-06-20 01:35:00,U001763,체크카드,공과금,90106.0,경기,20대,성공
2024/03/30 18:13,U002646,계좌이체,공과금,81127.0,경기,,성공
2024-10-20 10:28:00,U002759,체크카드,쇼핑,46183.0,대전,20대,성공
2024-10-07 17:36:00,U001897,계좌이체,의료,28940.0,인천,20대,성공
2024-10-17 18:55:00,U001041,계좌이체,교통,3186.0,,30대,성공
2024-09-22 20:27:00,U002322,계좌이체,식음료,27385.0,대전,20대,성공
2024-01-04 13:50:00,U000606,계좌이체,의료,75587.0,서울,20대,성공
2024/08/08 16:13,U000493,신용카드,문화/여가,19606.0,서울,20대,성공
2024-12-16 13:53:00,U003511,신용카드,식음료,1316.0,서울,20대,성공
2024-10-30 15:52:00,U002835,계좌이체,식음료,5254.0,경남,20대,성공
2024-03-04 18:32:00,U003563,체크카드,쇼핑,12587.0,서울,30대,성공
2024-01-27 15:44:00,U000413,계좌이체,공과금,48416.0,경기,30대,성공
2024-12-16 18:46:00,U000077,신용카드,식음료,8630.0,세종,20대,성공
2024-10-09 15:05:00,U003341,,식음료,32867.0,경기,20대,성공
2024/07/26 15:26,U001918,휴대폰결제,식음료,4627.0,경기,,성공
2024-03-01 16:38:00,U003057,,의료,59745.0,서울,30대,성공
2024-04-19 12:29:00,U002611,휴대폰결제,기타,33021.0,경기,20대,성공
2024-02-05 07:50:00,U003709,휴대폰결제,식음료,8546.0,서울,30대,성공
2024-04-06 13:10:00,U001515,신용카드,문화/여가,43649.0,서울,60대 이상,성공
2024-05-15 15:21:00,U000296,체크카드,의료,39201.0,경기,40대,성공
2024-06-22 17:46:00,U002623,휴대폰결제,기타,31320.0,전북,20대,성공
2024-07-18 04:10:00,U002246,신용카드,교통,3142.0,경기,,성공
2024-02-18 18:10:00,U002606,휴대폰결제,기타,35167.0,경남,20대,성공
2024-12-23 03:50:00,U001666,신용카드,기타,7990.0,대구,50대,성공
2024-09-09 18:14:00,U000509,휴대폰결제,교통,6718.0,경기,,성공
2024-01-14 22:02:00,U000819,신용카드,기타,10971.0,부산,50대,성공
2024-06-02 15:39:00,U001215,신용카드,여행,333313.0,서울,40대,성공
2024-10-04 07:22:00,U003345,포인트결제,공과금,60574.0,충북,20대,성공
2024-04-19 09:37:00,U001297,계좌이체,식음료,16702.0,경기,20대,성공
2024-03-29 23:46:00,U000150,휴대폰결제,쇼핑,30277.0,경기,20대,성공
2024-06-15 03:34:00,U000625,신용카드,식음료,8142.0,경기,,성공
2024-09-24 08:00:00,U001937,계좌이체,쇼핑,2670.0,,20대,성공
2024-04-13 18:20:00,U003139,체크카드,기타,26032.0,인천,40대,성공
2024-03-06 18:19:00,U001842,휴대폰결제,식음료,16074.0,울산,30대,성공
2024/05/24 21:06,U001610,신용카드,여행,260701.0,경기,40대,성공
2024-12-13 22:26:00,U002521,계좌이체,식음료,18551.0,서울,30대,성공
2024-08-05 19:42:00,U002744,체크카드,교통,6949.0,경기,20대,성공
2024-12-02 11:47:00,U002378,체크카드,교통,4726.0,경기,40대,성공
2024-10-28 12:32:00,U003695,계좌이체,식음료,27003.0,경북,40대,성공
2024-06-17 07:31:00,U002980,신용카드,식음료,6783.0,서울,30대,성공
2024-11-20 19:17:00,U001758,신용카드,식음료,10967.0,경기,20대,성공
2024-02-04 23:21:00,U002026,체크카드,쇼핑,9171.0,서울,30대,성공
2024-02-05 09:43:00,U001993,신용카드,교통,4764.0,부산,20대,성공
2024-09-01 17:50:00,U002478,신용카드,식음료,14905.0,충북,,성공
2024-01-08 10:21:00,U001790,신용카드,기타,23536.0,대구,20대,성공
2024-11-25 17:52:00,U003006,신용카드,문화/여가,27494.0,서울,30대,성공
2024-01-25 01:24:00,U003596,계좌이체,쇼핑,102609.0,경기,50대,성공
2024/05/29 04:19,U002896,신용카드,여행,105258.0,경기,30대,성공
2024-10-11 21:49:00,U000155,신용카드,식음료,6632.0,울산,40대,실패
2024-07-09 06:24:00,U003670,휴대폰결제,여행,394155.0,서울,30대,성공
2024-04-27 20:08:00,U002215,체크카드,교통,2262.0,경북,,성공
2024/01/17 16:59,U003896,포인트결제,식음료,11740.0,경남,30대,성공
2024-11-03 07:55:00,U002613,계좌이체,의료,41233.0,경기,10대,성공
2024-11-10 08:13:00,U002398,계좌이체,쇼핑,63781.0,경기,50대,성공
2024-03-29 04:30:00,U000415,신용카드,식음료,3205.0,경기,20대,성공
2024-04-08 15:35:00,U003559,체크카드,교통,1181.0,서울,50대,성공
2024-01-08 13:50:00,U000129,휴대폰결제,쇼핑,36853.0,강원,40대,성공
2024/04/24 18:43,U000035,포인트결제,식음료,8277.0,서울,30대,성공
2024-07-25 20:10:00,U001951,신용카드,의료,48720.0,대구,20대,성공
2024-09-26 09:46:00,U000088,신용카드,쇼핑,83270.0,서울,30대,성공
2024-08-08 20:42:00,U000627,계좌이체,교통,5227.0,경기,30대,성공
2024-11-04 19:04:00,U000710,계좌이체,의료,72823.0,서울,30대,성공
2024-05-11 21:26:00,U003732,신용카드,교통,2499.0,경기,,성공
2024-11-09 19:19:00,U003472,포인트결제,쇼핑,44340.0,서울,30대,성공
2024-05-11 21:11:00,U003537,신용카드,식음료,21107.0,서울,50대,성공
2024-06-09 18:17:00,U001520,체크카드,식음료,5234.0,,20대,성공
2024-10-27 16:12:00,U002428,신용카드,교통,6383.0,강원,30대,성공
2024-10-09 06:51:00,U001305,신용카드,의료,46575.0,경기,50대,성공
2024-09-25 15:05:00,U000430,체크카드,쇼핑,38707.0,경기,30대,성공
2024-10-21 21:39:00,U000813,신용카드,의료,14386.0,경기,10대,성공
2024-07-27 15:52:00,U002011,체크카드,공과금,87836.0,서울,20대,성공
2024-11-10 11:07:00,U000154,계좌이체,공과금,39368.0,서울,40대,실패
2024-01-07 06:47:00,U003935,신용카드,식음료,21282.0,서울,20대,성공
2024/04/26 09:02,U003390,신용카드,문화/여가,16035.0,,40대,성공
2024-04-17 22:47:00,U001749,계좌이체,의료,66717.0,경기,30대,성공
2024-01-05 14:03:00,U002806,신용카드,쇼핑,27910.0,경남,40대,성공
2024-10-27 10:40:00,U002699,계좌이체,교통,3960.0,경기,50대,성공
2024-11-20 21:13:00,U003537,신용카드,의료,9416.0,서울,30대,성공
2024-02-04 20:58:00,U002287,,쇼핑,49749.0,경기,20대,성공
2024-02-29 15:58:00,U002171,신용카드,교통,5039.0,서울,20대,성공
2024-09-06 17:49:00,U003435,신용카드,기타,9250.0,경기,30대,성공
2024-03-14 18:49:00,U003182,신용카드,식음료,7716.0,경북,30대,성공
2024-10-28 17:19:00,U001452, 신용카드 ,식음료,17202.0,경기,30대,성공
2024-01-18 18:56:00,U003377,포인트결제,교통,1485.0,서울,40대,성공
2024-04-05 22:16:00,U002454,신용카드,기타,23166.0,광주,20대,성공
2024-07-04 09:02:00,U001118,포인트결제,교육,58872.0,서울,50대,성공
2024-10-29 11:11:00,U000933,신용카드,문화/여가,52086.0,,40대,성공
2024/05/25 21:18,U001416,계좌이체,식음료,31957.0,강원,60대 이상,성공
2024/12/07 22:58,U002624,신용카드,식음료,6738.0,대전,20대,실패
2024-02-18 14:12:00,U000528,신용카드,문화/여가,2521.0,경북,40대,성공
2024-07-10 18:54:00,U003746, 신용카드 ,문화/여가,43215.0,서울,30대,성공
2024-08-14 14:17:00,U000188,신용카드,문화/여가,59184.0,충남,60대 이상,성공
2024-07-17 04:33:00,U001004,계좌이체,쇼핑,29998.0,경기,30대,성공
2024-10-25 11:08:00,U002011,신용카드,식음료,8362.0,인천,30대,성공
2024-12-05 10:15:00,U000530,체크카드,쇼핑,43499.0,경북,20대,성공
2024-08-11 10:00:00,U001027,계좌이체,쇼핑,64908.0,울산,20대,성공
2024-09-14 18:45:00,U001599,신용카드,쇼핑,46390.0,서울,30대,성공
2024-12-14 10:50:00,U003260,신용카드,쇼핑,86456.0,부산,20대,성공
2024/11/23 07:55,U002330,체크카드,여행,132660.0,서울,50대,성공
2024-03-08 19:09:00,U003837,계좌이체,여행,254881.0,대구,50대,성공
2024-11-19 11:11:00,U003636,신용카드,쇼핑,32898.0,경북,30대,성공
2024-10-31 19:22:00,U003420, 신용카드 ,식음료,24882.0,경기,40대,성공
2024-02-11 15:36:00,U002460,계좌이체,교통,2531.0,부산,,성공
2024-04-11 08:33:00,U003668,체크카드,교통,4806.0,인천,50대,성공
2024-03-10 19:07:00,U003348,체크카드,의료,42705.0,인천,40대,성공
2024-09-02 22:41:00,U001794,신용카드,공과금,19025.0,경기,20대,성공
2024/02/15 18:13,U001183,신용카드,교통,6602.0,서울,30대,성공
2024-02-26 05:01:00,U003976,신용카드,교육,111196.0,전북,20대,성공
2024-04-21 19:17:00,U002402,체크카드,문화/여가,25170.0,충남,20대,성공
2024-08-23 20:31:00,U002098,신용카드,여행,101652.0,인천,40대,실패
2024-11-07 20:24:00,U000941,신용카드,여행,507909.0,서울,30대,성공
2024-06-06 13:23:00,U001010,신용카드,의료,32951.0,충남,20대,성공
2024-05-08 08:45:00,U001294,신용카드,쇼핑,56460.0,서울,30대,성공
2024-08-16 21:46:00,U000228,신용카드,공과금,37136.0,경기,50대,취소
2024-08-22 13:09:00,U002490,신용카드,식음료,17276.0,서울,20대,성공
2024-09-28 13:42:00,U000749,신용카드,쇼핑,66946.0,강원,30대,성공
2024-06-09 17:37:00,U000034,체크카드,의료,28398.0,경기,50대,성공
2024-12-17 16:58:00,U002684,계좌이체,식음료,12313.0,서울,40대,성공
2024-06-28 18:00:00,U000801,체크카드,여행,302328.0,서울,50대,성공
2024-11-25 20:44:00,U001591,신용카드,쇼핑,24825.0,인천,50대,성공
2024-02-06 06:35:00,U001575,신용카드,식음료,17049.0,부산,,취소
2024-10-20 20:33:00,U002099,체크카드,식음료,20263.0,경기,30대,성공
2024-02-28 08:27:00,U000937,체크카드,교육,49264.0,서울,30대,성공
2024-05-05 10:49:00,U001529,체크카드,교통,2352.0,전북,60대 이상,성공
2024-03-16 12:36:00,U003692,포인트결제,식음료,28299.0,서울,40대,성공
2024-09-08 11:55:00,U001498,체크카드,식음료,15932.0,서울,50대,성공
2024-11-23 01:59:00,U000111,체크카드,쇼핑,11639.0,서울,30대,성공
2024-12-20 09:16:00,U002976,체크카드,식음료,19199.0,대전,30대,성공
2024-11-13 09:17:00,U001592,체크카드,쇼핑,9174.0,서울,10대,성공
2024-07-28 09:48:00,U003333,신용카드,교통,3377.0,서울,30대,성공
2024-02-15 19:50:00,U000655,체크카드,기타,23525.0,경남,60대 이상,성공
2024-02-21 17:00:00,U000222,포인트결제,교육,44737.0,대구,30대,성공
2024-03-11 19:18:00,U003547,포인트결제,쇼핑,18779.0,경남,40대,성공
2024-09-27 08:09:00,U000640,포인트결제,교통,5872.0,서울,20대,성공
2024-02-18 16:41:00,U003375,체크카드,의료,20459.0,경기,20대,성공
2024-10-31 05:35:00,U000368,포인트결제,쇼핑,56046.0,대구,40대,성공
2024-06-17 20:40:00,U003796,신용카드,공과금,214494.0,경기,30대,성공
2024-05-17 16:17:00,U000478,포인트결제,기타,3734.0,경북,50대,성공
2024-12-02 23:11:00,U000112,휴대폰결제,여행,235008.0,서울,30대,실패
2024-01-19 12:16:00,U000059,신용카드,기타,8228.0,경기,30대,성공
2024-07-09 19:42:00,U000954,체크카드,문화/여가,39361.0,경기,30대,성공
2024-07-29 15:43:00,U001699,체크카드,식음료,28235.0,제주,,성공
2024-03-27 16:07:00,U000980,휴대폰결제,쇼핑,94138.0,경남,30대,성공
2024-12-23 14:00:00,U002123,계좌이체,쇼핑,76359.0,경기,30대,성공
2024-01-27 15:30:00,U003883,신용카드,교통,2475.0,강원,30대,성공
2024-03-17 10:45:00,U002013,신용카드,여행,450523.0,세종,30대,성공
2024-06-01 22:12:00,U001013,휴대폰결제,식음료,7602.0,대전,20대,성공
2024-11-10 16:57:00,U000978,신용카드,문화/여가,8454.0,서울,10대,성공
2024-05-23 11:40:00,U000813, 신용카드 ,교통,2419.0,경기,50대,성공
2024/09/02 22:26,U002094,신용카드,식음료,20698.0,대구,20대,성공
2024-05-15 09:53:00,U001603,신용카드,식음료,14995.0,경북,20대,성공
2024-08-01 16:59:00,U002511,체크카드,교통,2590.0,강원,30대,실패
2024-09-21 14:00:00,U003571,,공과금,40761.0,경기,40대,성공
2024-11-11 09:17:00,U001247, 신용카드 ,의료,63339.0,대구,20대,성공
2024-08-24 08:43:00,U003960,신용카드,교통,3207.0,충북,40대,성공
2024-01-24 22:47:00,U001804,체크카드,식음료,4741.0,인천,40대,성공
2024-08-26 12:29:00,U000868,신용카드,의료,155913.0,서울,40대,성공
2024-08-16 08:20:00,U003287,계좌이체,교통,500.0,서울,20대,성공
2024-04-26 20:12:00,U001191,계좌이체,공과금,30521.0,인천,40대,성공
2024-11-14 22:43:00,U000124,신용카드,식음료,34346.0,경기,20대,성공
2024/08/18 03:36,U003465,신용카드,식음료,23992.0,서울,40대,성공
2024-08-27 22:09:00,U003793,신용카드,교통,,전북,10대,성공
2024-12-19 09:22:00,U000517,신용카드,의료,41327.0,대구,30대,성공
2024/03/26 09:43,U001328,계좌이체,쇼핑,119739.0,대구,40대,성공
2024/06/03 22:20,U003473,,교육,68010.0,경북,30대,성공
2024-04-17 10:57:00,U003883,신용카드,교육,256078.0,서울,10대,성공
2024/09/29 18:03,U001106,신용카드,교통,841.0,대구,50대,성공
2024-12-29 19:07:00,U002146,체크카드,쇼핑,58290.0,서울,20대,성공
2024-04-30 21:04:00,U001734,신용카드,여행,271992.0,경기,20대,성공
2024-08-12 13:55:00,U002934,신용카드,쇼핑,39192.0,강원,50대,성공
2024-03-05 18:33:00,U000611,신용카드,공과금,36926.0,전북,50대,성공
2024/06/04 03:37,U001281,포인트결제,교통,3441.0,서울,20대,성공
2024-03-06 12:05:00,U002111,신용카드,식음료,3257.0,경기,20대,성공
2024/11/06 06:25,U001247,체크카드,문화/여가,19419.0,충남,30대,성공
2024-03-09 16:40:00,U000041,,쇼핑,8657.0,전남,50대,성공
2024-01-20 19:25:00,U000172,포인트결제,교통,5509.0,경기,30대,성공
2024-03-14 17:21:00,U003176,체크카드,교육,95911.0,경기,40대,성공
2024-04-24 21:03:00,U002531,신용카드,공과금,22691.0,경기,40대,성공
2024-11-23 16:48:00,U002593,체크카드,교육,90078.0,서울,20대,실패
2024-12-17 07:39:00,U003100,체크카드,기타,42380.0,전북,20대,성공
2024-03-19 17:13:00,U003468,계좌이체,교통,9645.0,경기,40대,성공
2024-07-12 12:25:00,U000357,신용카드,식음료,25875.0,서울,40대,성공
2024-01-20 09:02:00,U003989,체크카드,교통,5340.0,서울,20대,성공
2024/01/05 21:45,U001434,체크카드,의료,92818.0,부산,20대,성공
2024-10-25 10:58:00,U002259,신용카드,교육,57970.0,경기,30대,성공
2024-02-24 22:45:00,U001261,,교육,318520.0,,60대 이상,성공
2024-04-13 20:08:00,U001976,계좌이체,식음료,11640.0,서울,40대,성공
2024-02-28 13:16:00,U001388,체크카드,식음료,35643.0,전북,30대,성공
2024-01-08 19:38:00,U001780,신용카드,의료,24399.0,,,성공
2024-11-21 18:19:00,U002423,신용카드,식음료,6880.0,서울,10대,성공
2024/12/28 07:47,U000251,신용카드,기타,41602.0,경기,40대,성공
2024-12-25 08:14:00,U002434,휴대폰결제,여행,101563.0,인천,20대,성공
2024-10-10 19:22:00,U003439,포인트결제,쇼핑,49575.0,서울,20대,성공
2024-01-15 18:47:00,U000222,계좌이체,문화/여가,43839.0,인천,50대,성공
2024-07-26 13:48:00,U002403,신용카드,교통,3285.0,경기,20대,성공
2024-02-28 11:07:00,U001164,체크카드,교육,127677.0,서울,50대,성공
2024-04-21 09:42:00,U000032,신용카드,문화/여가,23861.0,경남,20대,성공
2024-09-09 03:18:00,U003375,신용카드,교통,6261.0,전북,30대,성공
2024-01-09 18:32:00,U001478,체크카드,의료,,서울,20대,성공
2024-05-05 18:02:00,U003639,계좌이체,식음료,12198.0,경기,40대,성공
2024-12-02 11:58:00,U002899,신용카드,기타,13086.0,경기,40대,성공
2024-01-24 19:12:00,U001189,계좌이체,교통,4339.0,서울,40대,성공
2024/06/10 20:52,U000244,체크카드,문화/여가,37553.0,경기,20대,성공
2024-01-17 01:38:00,U002600,체크카드,식음료,10121.0,대구,20대,성공
2024-01-18 13:41:00,U000752,포인트결제,의료,21842.0,경기,40대,성공
2024-02-09 15:13:00,U003301, 신용카드 ,쇼핑,19710.0,경기,20대,성공
2024-08-03 14:14:00,U002459,,의료,52534.0,경기,40대,성공
2024-08-17 17:58:00,U001237,신용카드,여행,256332.0,경기,,성공
2024-09-09 12:05:00,U001955,계좌이체,교통,1217.0,서울,40대,성공
2024-12-03 11:14:00,U001778,신용카드,교육,54631.0,서울,50대,실패
2024-01-09 22:39:00,U000245,신용카드,기타,31315.0,경기,20대,성공
2024-11-12 22:40:00,U002639,신용카드,교통,3961.0,경기,40대,취소
2024-07-18 18:39:00,U001783,신용카드,식음료,7103.0,부산,20대,성공
2024-03-18 20:06:00,U001221,신용카드,문화/여가,30936.0,경기,20대,성공
2024-12-27 12:19:00,U003760,신용카드,식음료,14340.0,울산,30대,성공
2024-02-24 18:57:00,U001585,포인트결제,교통,3691.0,제주,20대,성공
2024-07-23 12:53:00,U002781,체크카드,식음료,17108.0,경북,20대,성공
2024-12-22 09:00:00,U002634,휴대폰결제,의료,11520.0,경기,20대,성공
2024-12-06 16:04:00,U003873,신용카드,쇼핑,47391.0,서울,40대,성공
2024/09/16 10:10,U000386,체크카드,식음료,38930.0,경기,30대,성공
2024-01-17 14:52:00,U000650,계좌이체,기타,13394.0,,50대,성공
2024-02-22 07:28:00,U001022,신용카드,공과금,10052.0,,30대,성공
2024/04/17 14:47,U000199,체크카드,쇼핑,138698.0,경기,40대,성공
2024-04-01 16:56:00,U002302,휴대폰결제,식음료,27466.0,,40대,성공
2024/02/20 07:47,U002503,신용카드,쇼핑,21294.0,강원,20대,성공
2024-03-12 21:13:00,U003873,계좌이체,공과금,47557.0,서울,30대,성공
2024-05-23 10:15:00,U003724,체크카드,기타,9028.0,경기,30대,성공
2024/10/04 21:17,U003094,체크카드,식음료,17034.0,울산,50대,성공
2024-11-07 18:16:00,U000876,신용카드,문화/여가,17949.0,,50대,성공
2024-11-10 21:07:00,U003573,신용카드,기타,29536.0,서울,40대,성공
2024-10-17 14:41:00,U003381,계좌이체,쇼핑,82362.0,부산,40대,성공
2024-08-24 07:25:00,U003348,체크카드,식음료,7194.0,부산,,취소
2024/05/17 12:42,U002000,체크카드,쇼핑,32299.0,서울,30대,성공
2024-02-08 10:12:00,U001939,체크카드,식음료,17059.0,울산,40대,성공
2024-09-02 11:41:00,U001216,신용카드,교육,111537.0,서울,30대,성공
2024-01-25 17:32:00,U000900,신용카드,여행,,경기,40대,성공
2024-07-15 03:43:00,U001973,체크카드,문화/여가,26913.0,강원,20대,성공
2024-02-01 19:22:00,U003491,체크카드,여행,283384.0,경남,30대,성공
2024-11-04 10:53:00,U003629,체크카드,식음료,6064.0,서울,50대,성공
2024-12-03 20:20:00,U003574,신용카드,쇼핑,57459.0,경남,30대,성공
2024/08/14 02:54,U002493,신용카드,식음료,20435.0,,30대,성공
2024-01-04 01:20:00,U001009, 신용카드 ,교육,41454.0,충북,40대,성공
2024/07/10 19:42,U002134,휴대폰결제,기타,11918.0,대구,20대,성공
2024-09-27 18:45:00,U000623,신용카드,식음료,7232.0,,20대,취소
2024-07-26 13:42:00,U002234,신용카드,쇼핑,9074.0,대구,40대,성공
2024-12-15 13:24:00,U001963,포인트결제,의료,50975.0,인천,40대,성공
2024-05-20 19:10:00,U002662,체크카드,쇼핑,67382.0,경북,20대,성공
2024/12/08 13:21,U001667,신용카드,식음료,13663.0,광주,10대,실패
2024-06-16 08:41:00,U001855, 신용카드 ,교통,1372.0,서울,10대,성공
2024/02/17 14:35,U000701,체크카드,교통,2153.0,서울,,성공
2024-06-01 07:56:00,U000374,포인트결제,식음료,5565.0,,30대,성공
2024-11-03 11:02:00,U002531,휴대폰결제,식음료,6486.0,서울,20대,성공
2024-01-07 08:31:00,U000420, 신용카드 ,교통,3401.0,서울,50대,성공
2024-04-06 08:12:00,U003479,신용카드,쇼핑,146881.0,인천,20대,성공
2024-06-07 15:50:00,U000863,신용카드,식음료,11014.0,경기,30대,성공
2024-11-14 20:41:00,U001005, 신용카드 ,의료,19134.0,,10대,성공
2024-11-10 14:46:00,U003874,신용카드,식음료,39224.0,서울,40대,성공
2024-03-06 08:03:00,U002274, 신용카드 ,문화/여가,42039.0,대구,20대,성공
2024-08-01 14:05:00,U003858,휴대폰결제,문화/여가,31207.0,전남,20대,성공
2024-02-29 19:02:00,U001840,신용카드,쇼핑,52487.0,서울,30대,성공
2024-05-23 01:03:00,U003219,계좌이체,의료,88008.0,경기,50대,취소
2024-09-07 17:09:00,U001160,계좌이체,쇼핑,36701.0,경기,50대,성공
2024-08-20 19:30:00,U001159,신용카드,쇼핑,111804.0,서울,40대,성공
2024-10-24 21:24:00,U003421,신용카드,문화/여가,45209.0,세종,40대,성공
2024-09-26 19:54:00,U003028,신용카드,문화/여가,29688.0,부산,20대,성공
2024-01-24 15:26:00,U003010,신용카드,기타,45469.0,부산,30대,성공
2024-08-17 19:59:00,U001495,계좌이체,여행,238102.0,제주,50대,성공
2024-09-28 18:33:00,U002447,신용카드,식음료,7705.0,,30대,성공
2024-02-07 23:25:00,U000592,계좌이체,식음료,50788.0,서울,,성공
2024-08-29 15:58:00,U002687,계좌이체,식음료,25243.0,인천,50대,성공
2024-08-09 20:09:00,U000073,신용카드,문화/여가,35297.0,경기,20대,성공
2024-11-21 19:33:00,U002625,포인트결제,기타,28652.0,경기,,성공
2024-12-26 08:28:00,U003410,포인트결제,문화/여가,12202.0,경기,30대,성공
2024/07/20 19:18,U003111,신용카드,기타,35508.0,경기,20대,성공
2024/11/03 16:11,U001996,계좌이체,여행,163564.0,서울,40대,성공
2024-07-27 12:59:00,U003776,체크카드,식음료,10817.0,경남,50대,성공
2024/01/22 13:13,U003321,신용카드,식음료,10779.0,경기,,성공
2024/03/21 20:40,U000927,신용카드,식음료,9231.0,전북,20대,성공
2024-05-18 09:41:00,U003907,신용카드,공과금,72700.0,경북,20대,성공
2024-02-15 05:46:00,U002078,포인트결제,의료,26398.0,경북,,성공
2024-10-24 11:22:00,U002479,계좌이체,쇼핑,58378.0,서울,20대,성공
2024-03-18 12:27:00,U000206,휴대폰결제,여행,98140.0,서울,50대,성공
2024-08-25 10:42:00,U003641,포인트결제,식음료,20232.0,부산,10대,성공
2024/08/08 18:03,U002484,신용카드,쇼핑,49383.0,서울,30대,실패
2024-09-14 21:41:00,U001847,신용카드,쇼핑,38595.0,경기,50대,성공
2024-02-11 13:39:00,U002768,체크카드,교통,1822.0,서울,30대,성공
2024-04-01 16:48:00,U002098,체크카드,문화/여가,33376.0,세종,40대,성공
2024-01-27 07:12:00,U003774,체크카드,의료,34753.0,경기,40대,성공
2024-01-31 20:00:00,U000983,휴대폰결제,식음료,6295.0,경기,20대,성공
2024-11-07 17:58:00,U000956,포인트결제,공과금,18566.0,부산,20대,성공
2024/02/26 06:08,U003308,휴대폰결제,공과금,,인천,50대,실패
2024-08-29 19:56:00,U000951,신용카드,의료,45674.0,서울,30대,성공
2024/12/27 06:19,U000064,신용카드,쇼핑,20426.0,강원,20대,성공
2024-08-25 10:56:00,U000939,포인트결제,공과금,146820.0,대전,30대,실패
2024-02-10 07:20:00,U001171,신용카드,의료,20010.0,대전,20대,성공
2024-04-11 19:39:00,U002043,신용카드,식음료,29211.0,,20대,실패
2024-02-19 22:36:00,U003051,신용카드,식음료,17547.0,경기,50대,성공
2024-10-24 08:37:00,U002912,신용카드,기타,12569.0,전남,40대,실패
2024-04-27 09:10:00,U000287,체크카드,교통,3241.0,강원,50대,성공
2024-06-25 08:19:00,U002357,신용카드,교통,7495.0,부산,20대,성공
2024-02-08 20:09:00,U002730,신용카드,공과금,113828.0,서울,30대,성공
2024/11/02 10:00,U000125, 신용카드 ,쇼핑,51639.0,대구,30대,성공
2024-10-10 13:22:00,U000758,신용카드,쇼핑,27314.0,경기,30대,실패
2024-05-06 21:27:00,U002194,신용카드,교육,30331.0,충남,,성공
2024-09-21 20:51:00,U003895,계좌이체,쇼핑,36041.0,,30대,성공
2024/11/15 19:01,U002188, 신용카드 ,식음료,4745.0,서울,40대,성공
2024-04-06 08:09:00,U001078,체크카드,쇼핑,104166.0,제주,,성공
2024-06-21 11:22:00,U001313,계좌이체,식음료,3525.0,경기,30대,실패
2024-09-18 08:19:00,U000580,신용카드,의료,15398.0,제주,20대,성공
2024-08-06 10:48:00,U001831,신용카드,쇼핑,31800.0,경남,30대,성공
2024-03-20 09:01:00,U001297,계좌이체,쇼핑,82215.0,대구,20대,실패
2024-04-21 21:52:00,U002395,신용카드,교육,107153.0,서울,30대,성공
2024-01-03 13:45:00,U003806,신용카드,교통,2438.0,인천,40대,성공
2024-01-27 18:43:00,U001211,휴대폰결제,의료,24169.0,경기,60대 이상,성공
2024-09-23 17:05:00,U001628,체크카드,식음료,19338.0,서울,30대,성공
2024-04-01 07:29:00,U002488,신용카드,교육,96413.0,서울,20대,성공
2024-03-24 12:43:00,U002391,신용카드,식음료,32462.0,경남,30대,성공
2024-02-27 11:39:00,U003786,신용카드,의료,8197.0,서울,20대,성공
2024-01-03 20:22:00,U002643,신용카드,식음료,16363.0,경북,30대,성공
2024-01-29 15:55:00,U003448,체크카드,식음료,15566.0,인천,30대,성공
2024-07-14 12:57:00,U000416,신용카드,쇼핑,98032.0,강원,,성공
2024/01/10 04:18,U000047,포인트결제,의료,21247.0,전북,30대,성공
2024-01-27 20:00:00,U002610,휴대폰결제,식음료,15550.0,서울,10대,성공
2024-07-25 23:58:00,U000843,체크카드,교통,4991.0,광주,30대,성공
2024-05-02 11:35:00,U000252,포인트결제,공과금,85031.0,서울,,성공
2024-05-30 17:24:00,U003385,체크카드,교육,159417.0,대전,,성공
2024-06-14 08:36:00,U003496,신용카드,공과금,31459.0,대전,20대,성공
2024/04/04 02:52,U002951,신용카드,쇼핑,36965.0,경기,,성공
2024-05-24 13:37:00,U002553,신용카드,교육,343585.0,경기,10대,성공
2024-12-20 11:34:00,U002910,신용카드,교통,4152.0,경기,30대,성공
2024-05-09 19:40:00,U000438,계좌이체,의료,12402.0,경기,30대,성공
2024-05-10 13:24:00,U001191,계좌이체,쇼핑,53687.0,충남,30대,성공
2024-10-28 07:13:00,U001632,계좌이체,식음료,16770.0,대구,20대,성공
2024-04-24 10:30:00,U001919,,교통,1256.0,대전,20대,성공
2024/12/29 19:44,U000324,체크카드,식음료,15343.0,서울,10대,성공
2024/10/10 07:29,U002883,신용카드,교육,85722.0,부산,60대 이상,성공
2024-02-23 18:00:00,U000633,계좌이체,교통,6426.0,경기,,성공
2024-08-23 18:59:00,U001870,체크카드,식음료,6791.0,부산,,성공
2024-06-07 13:13:00,U002139,신용카드,교육,62273.0,,20대,성공
2024-04-28 13:07:00,U001286,신용카드,공과금,53720.0,전북,60대 이상,성공
2024-06-29 14:28:00,U001892,신용카드,문화/여가,54716.0,제주,50대,성공
2024-06-19 22:35:00,U001130,포인트결제,쇼핑,26173.0,경기,30대,성공
2024-02-01 18:34:00,U003370,포인트결제,식음료,19422.0,서울,60대 이상,실패
2024-04-01 15:50:00,U003861,포인트결제,여행,22459.0,전남,20대,성공
2024-06-07 15:44:00,U002888,신용카드,쇼핑,53355.0,경기,40대,성공
2024-07-26 05:01:00,U003346,체크카드,의료,8148.0,부산,10대,성공
2024-08-26 12:42:00,U003168, 신용카드 ,교육,146083.0,경기,60대 이상,성공
2024-05-20 14:37:00,U000594,휴대폰결제,식음료,46550.0,전남,20대,성공
2024-05-25 10:14:00,U001414,휴대폰결제,쇼핑,,경기,30대,성공
2024-11-09 11:01:00,U003164,신용카드,교통,5684.0,경기,50대,성공
2024-03-31 00:20:00,U000666,체크카드,여행,145638.0,서울,40대,성공
2024-09-26 18:19:00,U000541,신용카드,여행,121761.0,대구,30대,성공
2024-01-04 21:26:00,U001615, 신용카드 ,교통,3861.0,부산,,성공
2024-10-04 13:43:00,U003310,체크카드,교육,20255.0,서울,20대,성공
2024-11-06 21:08:00,U001535,체크카드,쇼핑,26446.0,경북,30대,실패
2024-10-27 00:39:00,U003136, 신용카드 ,식음료,17093.0,서울,30대,성공
2024-02-03 15:03:00,U000076,신용카드,교통,3392.0,인천,30대,성공
2024-12-10 13:26:00,U002420,계좌이체,식음료,11290.0,경기,20대,성공
2024-12-23 06:19:00,U000242,체크카드,기타,16249.0,서울,30대,성공
2024-07-20 05:20:00,U002432,신용카드,여행,222366.0,서울,30대,성공
2024-10-21 18:09:00,U002048,체크카드,쇼핑,24125.0,서울,30대,성공
2024-11-09 21:31:00,U002584,포인트결제,교통,6043.0,서울,20대,성공
2024-10-17 23:56:00,U000350,휴대폰결제,교통,2671.0,인천,30대,성공
2024-07-17 17:21:00,U003726, 신용카드 ,문화/여가,119987.0,서울,20대,성공
2024-07-17 11:35:00,U003278,신용카드,문화/여가,60232.0,서울,30대,성공
2024-06-10 12:17:00,U001700,포인트결제,교통,4079.0,,30대,성공
2024-11-25 07:05:00,U001360,체크카드,공과금,64821.0,충북,40대,성공
2024-03-05 18:55:00,U002324,체크카드,식음료,4205.0,서울,20대,성공
2024-10-25 03:02:00,U000171,체크카드,쇼핑,26945.0,경기,30대,성공
2024-06-16 09:32:00,U003778,신용카드,쇼핑,130137.0,부산,30대,성공
2024-06-04 19:50:00,U001705,계좌이체,문화/여가,56185.0,부산,20대,성공
2024-04-13 08:55:00,U000633,체크카드,교통,6375.0,경기,20대,성공
2024-04-24 14:12:00,U003396,계좌이체,여행,146951.0,충북,40대,성공
2024/01/05 11:17,U000468,체크카드,의료,48872.0,서울,20대,성공
2024-01-09 17:38:00,U001958,,교통,8547.0,,50대,성공
2024-06-06 08:41:00,U001935,신용카드,기타,27419.0,대구,40대,성공
2024-11-05 16:10:00,U002845,,식음료,48976.0,서울,20대,성공
2024/06/07 12:07,U002828,신용카드,식음료,9145.0,부산,40대,성공
2024-02-08 15:41:00,U003467,휴대폰결제,식음료,5887.0,대전,20대,성공
2024-11-26 18:08:00,U001087,신용카드,문화/여가,31074.0,서울,30대,성공
2024-02-28 02:25:00,U001219,계좌이체,교통,2974.0,광주,50대,성공
2024-03-07 17:40:00,U003473,포인트결제,쇼핑,16561.0,부산,30대,성공
2024/05/11 14:24,U000738,신용카드,식음료,10312.0,서울,40대,성공
2024-04-27 13:54:00,U003131,신용카드,쇼핑,32233.0,경기,30대,성공
2024-04-18 21:32:00,U003753,계좌이체,의료,31759.0,경기,30대,성공
2024-10-31 21:24:00,U003580,신용카드,공과금,125944.0,서울,50대,성공
2024-03-28 11:08:00,U003694,계좌이체,식음료,11332.0,충북,40대,성공
2024/11/14 11:45,U000356,체크카드,쇼핑,36367.0,서울,20대,성공
2024-06-03 18:16:00,U000428,포인트결제,교통,1091.0,서울,20대,성공
2024/03/10 06:59,U002902,체크카드,식음료,5674.0,서울,50대,성공
2024-09-22 08:09:00,U001821,체크카드,문화/여가,19239.0,인천,20대,성공
2024-09-06 18:42:00,U001623,체크카드,의료,70536.0,,20대,성공
2024-06-10 18:07:00,U003309,포인트결제,쇼핑,30788.0,경기,30대,성공
2024/06/15 12:39,U003877,계좌이체,문화/여가,24610.0,서울,60대 이상,성공
2024-10-18 12:13:00,U003691,포인트결제,의료,35976.0,서울,20대,성공
2024-06-06 14:02:00,U003733,포인트결제,교통,1598.0,충북,30대,성공
2024/10/01 18:16,U000872,계좌이체,교육,361702.0,서울,20대,성공
2024-07-19 14:42:00,U000414,포인트결제,교통,1759.0,서울,30대,성공
2024-07-29 20:39:00,U002541,포인트결제,의료,81646.0,부산,30대,성공
2024-02-06 15:20:00,U001703,신용카드,공과금,12630.0,경기,20대,성공
2024-11-18 12:43:00,U002955,,쇼핑,23366.0,경기,30대,성공
2024-07-08 11:00:00,U003577,신용카드,식음료,14392.0,서울,40대,취소
2024-12-09 02:49:00,U003303,체크카드,기타,3851.0,서울,50대,취소
2024/04/14 17:36,U000623,신용카드,식음료,29167.0,서울,10대,성공
2024/02/26 20:42,U001866,포인트결제,공과금,39521.0,인천,30대,성공
2024-12-29 09:28:00,U003236,신용카드,교통,1740.0,부산,,성공
2024-06-19 12:42:00,U002900,체크카드,문화/여가,41795.0,서울,20대,성공
2024-11-25 15:13:00,U003713, 신용카드 ,여행,307796.0,경남,20대,성공
2024-08-03 12:46:00,U000078,체크카드,식음료,7308.0,경기,20대,성공
2024-11-28 18:36:00,U000785,체크카드,교통,2012.0,서울,50대,성공
2024-06-23 18:26:00,U002459,신용카드,쇼핑,12151.0,서울,40대,성공
2024-10-25 16:51:00,U001000,계좌이체,교통,3148.0,광주,20대,성공
2024-06-02 16:03:00,U000422,휴대폰결제,식음료,12574.0,세종,30대,성공
2024-03-26 10:42:00,U001903, 신용카드 ,교통,3926.0,부산,20대,성공
2024-09-28 10:48:00,U002763,휴대폰결제,식음료,17011.0,경기,20대,성공
2024/10/26 09:36,U002098,신용카드,교통,3218.0,경기,20대,성공
2024-05-10 10:44:00,U002573,계좌이체,쇼핑,75193.0,경기,,성공
2024-08-18 15:28:00,U002765,신용카드,식음료,40029.0,,50대,성공
2024/09/24 08:57,U003516, 신용카드 ,기타,11023.0,경기,20대,성공
2024-11-14 19:03:00,U001252,신용카드,문화/여가,37876.0,부산,50대,성공
2024-03-28 19:02:00,U003891,,식음료,23243.0,부산,20대,성공
2024-04-16 19:27:00,U001214,신용카드,식음료,21841.0,인천,20대,성공
2024-11-27 23:55:00,U002628,신용카드,의료,53089.0,경기,20대,성공
2024-12-30 17:02:00,U002728, 신용카드 ,쇼핑,136630.0,대구,30대,성공
2024/04/13 13:42,U000079,신용카드,공과금,8220.0,경기,20대,성공
2024-04-07 17:37:00,U003660,,식음료,10418.0,광주,20대,성공
2024-02-14 16:07:00,U003840,계좌이체,쇼핑,4227.0,경기,30대,성공
2024-02-29 09:58:00,U003721,신용카드,식음료,15048.0,경기,30대,성공
2024/08/05 19:35,U000213,신용카드,의료,23716.0,경기,10대,성공
2024-10-05 19:24:00,U000685,신용카드,의료,41486.0,대구,20대,성공
2024/02/20 00:27,U000919,신용카드,교통,3330.0,서울,50대,성공
2024-09-17 11:16:00,U001130,신용카드,문화/여가,29644.0,광주,,성공
2024-07-31 09:54:00,U002342,신용카드,문화/여가,50398.0,경남,,성공
2024-02-10 11:15:00,U002299,신용카드,쇼핑,34389.0,경기,40대,성공
2024-04-17 18:09:00,U001680,신용카드,쇼핑,49605.0,서울,20대,성공
2024-02-21 10:18:00,U003473,신용카드,의료,9686.0,대전,20대,성공
2024-01-25 19:36:00,U001618,신용카드,공과금,125936.0,경기,50대,성공
2024-12-18 09:42:00,U002925,신용카드,의료,48856.0,경기,20대,성공
2024-11-15 12:01:00,U000167,계좌이체,교통,1157.0,경기,30대,성공
2024/10/23 22:37,U002912,체크카드,문화/여가,8828.0,경기,30대,성공
2024-11-01 05:45:00,U003486,신용카드,식음료,22489.0,서울,30대,성공
2024/05/25 20:50,U003322,체크카드,식음료,14660.0,경기,60대 이상,성공
2024-12-20 18:40:00,U000142,포인트결제,공과금,46399.0,경기,,성공
2024-02-03 13:41:00,U001532,,의료,18962.0,경기,20대,성공
2024-05-07 20:22:00,U001375,계좌이체,식음료,50782.0,부산,30대,성공
2024-02-29 09:37:00,U001876,휴대폰결제,식음료,,인천,20대,성공
2024-04-28 17:35:00,U000692,신용카드,공과금,17403.0,서울,30대,성공
2024-12-17 10:02:00,U002806,신용카드,교육,92214.0,서울,20대,성공
2024-12-23 10:35:00,U000088,계좌이체,교통,3247.0,서울,40대,성공
2024-03-25 22:10:00,U003224,신용카드,의료,33896.0,인천,30대,성공
2024-02-07 18:44:00,U000575, 신용카드 ,의료,78290.0,전남,20대,성공
2024-01-10 10:36:00,U000497,휴대폰결제,공과금,,서울,20대,성공
2024-04-05 02:31:00,U003780,휴대폰결제,교통,1005.0,경남,30대,성공
2024/09/15 12:31,U002396,신용카드,교통,735.0,충북,20대,성공
2024-03-18 11:47:00,U003393,신용카드,여행,,서울,60대 이상,성공
2024-05-24 18:53:00,U002787,계좌이체,식음료,17506.0,제주,,성공
2024-05-26 13:22:00,U003900,체크카드,식음료,14655.0,서울,20대,성공
2024-11-14 20:57:00,U003644,계좌이체,공과금,237913.0,경기,30대,성공
2024-07-22 18:20:00,U000828, 신용카드 ,여행,545881.0,전북,30대,성공
2024-03-26 18:04:00,U001334,신용카드,식음료,2757.0,서울,20대,성공
2024-01-23 20:42:00,U003135,신용카드,쇼핑,119046.0,경기,,성공
2024/05/18 16:53,U002342,신용카드,문화/여가,18038.0,경기,60대 이상,성공
2024-02-18 13:16:00,U002816,신용카드,쇼핑,14690.0,서울,60대 이상,성공
2024/02/28 19:16,U003881,체크카드,교통,3061.0,인천,20대,성공
2024-08-08 11:21:00,U000104,신용카드,쇼핑,33890.0,대구,50대,성공
2024-12-27 18:44:00,U002042,포인트결제,식음료,5453.0,서울,40대,성공
2024-04-16 16:13:00,U000537,신용카드,식음료,19649.0,서울,20대,성공
2024-12-07 17:17:00,U002118,,의료,30648.0,경기,50대,취소
2024-08-24 10:42:00,U002930,체크카드,식음료,15791.0,광주,30대,성공
2024-11-26 23:44:00,U000545,포인트결제,식음료,35885.0,충북,40대,성공
2024-02-26 18:12:00,U001408, 신용카드 ,쇼핑,27446.0,경북,30대,성공
2024-05-23 12:11:00,U001675, 신용카드 ,쇼핑,16760.0,경기,30대,성공
2024-04-18 17:06:00,U002437,포인트결제,식음료,32558.0,경기,20대,성공
2024-11-06 15:56:00,U002591,신용카드,쇼핑,9984.0,,20대,성공
2024-02-01 04:46:00,U002841,신용카드,교통,5940.0,서울,,성공
2024-10-22 17:12:00,U003227,계좌이체,기타,53166.0,서울,20대,성공
2024-07-06 13:45:00,U001752,신용카드,식음료,21789.0,울산,30대,성공
2024-06-16 20:07:00,U001158,신용카드,문화/여가,71055.0,경남,60대 이상,성공
2024/10/18 20:29,U003424,체크카드,쇼핑,16409.0,경기,30대,성공
2024-01-14 19:27:00,U000110, 신용카드 ,교통,3944.0,경기,60대 이상,성공
2024-05-03 12:25:00,U001491,체크카드,문화/여가,24561.0,경기,40대,성공
2024-01-06 02:31:00,U003947,체크카드,공과금,6462.0,,50대,성공
2024-05-29 10:01:00,U003979,신용카드,여행,128324.0,경북,40대,성공
2024-01-08 20:12:00,U001820,신용카드,쇼핑,23080.0,경기,40대,성공
2024-02-02 17:24:00,U001851,신용카드,교육,83445.0,전북,40대,성공
2024-10-26 08:22:00,U001572,체크카드,의료,,경남,,성공
2024-10-09 12:53:00,U002486,신용카드,여행,137871.0,경기,,성공
2024-06-18 22:03:00,U003039,신용카드,여행,196255.0,경북,40대,성공
2024-07-28 19:48:00,U000541,신용카드,여행,76345.0,서울,40대,성공
2024/06/03 16:26,U002343,신용카드,의료,68549.0,서울,30대,성공
2024/12/02 14:04,U002751,계좌이체,교통,3729.0,인천,40대,성공
2024-07-26 21:56:00,U000792,체크카드,식음료,7340.0,서울,20대,성공
2024/10/23 17:44,U001666,체크카드,쇼핑,31055.0,경기,50대,성공
2024-12-18 10:53:00,U002854,계좌이체,식음료,11549.0,서울,30대,성공
2024/06/18 16:42,U000070,신용카드,교육,,경기,30대,성공
2024-06-02 17:25:00,U002250,휴대폰결제,공과금,48936.0,경기,20대,성공
2024-02-22 17:48:00,U001254,휴대폰결제,교통,1856.0,서울,40대,성공
2024-08-22 03:38:00,U002885,신용카드,기타,13291.0,경기,30대,실패
2024-03-20 02:53:00,U000999,포인트결제,쇼핑,34633.0,광주,30대,성공
2024-08-14 08:13:00,U000529,계좌이체,교육,31295.0,서울,30대,성공
2024-01-12 11:44:00,U001518,신용카드,공과금,117181.0,제주,40대,성공
2024-11-09 16:14:00,U001760,신용카드,식음료,55556.0,서울,20대,성공
2024-09-02 09:11:00,U001908,신용카드,쇼핑,38287.0,경기,50대,성공
2024-04-16 17:42:00,U000520,신용카드,의료,21091.0,부산,,성공
2024-12-02 07:24:00,U001872,신용카드,공과금,28021.0,경기,50대,성공
2024-06-01 19:22:00,U003426,신용카드,기타,46813.0,경기,50대,성공
2024/10/22 16:26,U001932,체크카드,문화/여가,9534.0,충남,40대,성공
2024-04-18 06:20:00,U003661,체크카드,문화/여가,28195.0,서울,,성공
2024-08-10 19:51:00,U002534,체크카드,교통,2038.0,서울,30대,성공
2024-08-11 12:51:00,U001997,포인트결제,여행,195231.0,서울,,성공
2024/01/02 10:12,U003765,포인트결제,쇼핑,49829.0,인천,20대,성공
2024/11/04 18:49,U000808, 신용카드 ,기타,9995.0,충북,20대,성공
2024-07-21 09:46:00,U002729,신용카드,식음료,22229.0,서울,,성공
2024-05-09 18:36:00,U001242,신용카드,식음료,8426.0,제주,40대,성공
2024-01-15 10:35:00,U003992,계좌이체,식음료,23268.0,충남,50대,성공
2024-03-08 20:43:00,U001627,신용카드,공과금,43777.0,부산,20대,성공
2024-05-07 15:57:00,U002230, 신용카드 ,쇼핑,46115.0,경기,30대,성공
2024-12-28 13:17:00,U002436,신용카드,의료,11948.0,경기,20대,성공
2024-11-16 19:07:00,U002626,계좌이체,교육,68083.0,서울,20대,성공
2024-12-03 05:07:00,U001037,체크카드,문화/여가,31734.0,서울,60대 이상,성공
2024-06-05 12:31:00,U000816,체크카드,교통,2810.0,,20대,성공
2024-04-05 04:30:00,U003287,신용카드,식음료,13662.0,경남,20대,성공
2024-11-21 13:34:00,U000488,신용카드,기타,15774.0,경기,40대,성공
2024-03-29 22:39:00,U001379,계좌이체,쇼핑,126079.0,전북,,성공
2024-07-26 03:08:00,U000231,계좌이체,기타,4982.0,대전,20대,성공
2024-06-01 13:04:00,U000615,계좌이체,여행,661775.0,강원,50대,성공
2024/01/02 16:22,U002802,신용카드,의료,14099.0,서울,40대,성공
2024-12-26 02:23:00,U003657,신용카드,의료,25688.0,,30대,성공
2024-08-19 20:32:00,U002222,휴대폰결제,공과금,32794.0,경기,,성공
2024-10-01 11:57:00,U000101,신용카드,공과금,18741.0,경기,40대,성공
2024-05-20 13:15:00,U000718,계좌이체,교통,3391.0,서울,,성공
2024-11-29 13:41:00,U000522,신용카드,공과금,41380.0,경기,40대,성공
2024-07-15 16:08:00,U000290,포인트결제,기타,9994.0,경기,60대 이상,성공
2024-11-25 10:04:00,U001113,계좌이체,의료,59785.0,,30대,성공
2024-07-09 14:34:00,U001092,체크카드,식음료,30234.0,충북,20대,성공
2024-05-20 23:49:00,U003362,체크카드,식음료,19540.0,서울,40대,성공
2024-04-11 20:58:00,U001485,계좌이체,쇼핑,46106.0,경북,40대,취소
2024/11/17 17:03,U001783,신용카드,식음료,31085.0,서울,30대,성공
2024-08-20 07:23:00,U001161,계좌이체,식음료,18200.0,전북,30대,성공
2024-03-26 13:37:00,U002388,신용카드,문화/여가,23949.0,경북,40대,성공
2024-05-01 07:23:00,U003999,신용카드,교육,231612.0,서울,30대,성공
2024/08/20 18:24,U003978,신용카드,의료,24675.0,충북,40대,성공
2024-06-14 01:38:00,U001595,포인트결제,식음료,55917.0,서울,40대,성공
2024/07/01 19:06,U001876,신용카드,식음료,17522.0,서울,20대,성공
2024-09-29 10:55:00,U003089, 신용카드 ,문화/여가,3814.0,,30대,성공
2024-04-09 11:43:00,U002761,신용카드,식음료,23137.0,부산,20대,실패
2024/11/17 14:18,U002748,신용카드,공과금,202641.0,인천,40대,성공
2024-03-25 19:24:00,U002545, 신용카드 ,공과금,106987.0,경기,30대,성공
2024-06-24 13:34:00,U003667,계좌이체,기타,73714.0,경기,30대,성공
2024-03-17 20:45:00,U001370,신용카드,쇼핑,72036.0,경남,30대,성공
2024-02-23 11:34:00,U001315,포인트결제,식음료,9894.0,경기,40대,성공
2024-08-31 14:23:00,U001806,계좌이체,공과금,28263.0,충남,,성공
2024/04/05 17:02,U002218,신용카드,쇼핑,142512.0,서울,50대,성공
2024-05-31 12:31:00,U003266,신용카드,교통,1518.0,전북,30대,성공
2024-08-31 20:34:00,U000064,신용카드,교통,3858.0,경기,40대,성공
2024-01-08 19:49:00,U001158,계좌이체,쇼핑,64896.0,제주,,성공
2024-12-05 17:24:00,U003310,계좌이체,교통,521.0,,50대,성공
2024-12-27 11:01:00,U002446, 신용카드 ,쇼핑,51708.0,경북,50대,성공
2024-08-02 06:29:00,U003932,신용카드,쇼핑,39765.0,경기,40대,성공
2024-12-19 06:46:00,U002317,신용카드,쇼핑,39816.0,인천,30대,성공
2024-07-20 09:59:00,U003564,신용카드,식음료,10030.0,경기,20대,성공
2024-06-19 13:31:00,U001078,계좌이체,쇼핑,28140.0,경북,30대,성공
2024/06/17 10:40,U003824, 신용카드 ,교육,54463.0,경기,50대,성공
2024-02-14 20:17:00,U000613,,교통,1802.0,강원,40대,성공
2024-11-28 19:55:00,U002003,신용카드,쇼핑,125736.0,서울,,성공
2024-03-22 11:53:00,U002390,계좌이체,쇼핑,26426.0,서울,60대 이상,성공
2024-03-24 20:27:00,U001982,체크카드,교통,1971.0,경기,20대,성공
2024-09-14 16:06:00,U001904,계좌이체,기타,35650.0,대전,20대,성공
2024-01-07 19:59:00,U001545,포인트결제,공과금,23011.0,부산,30대,성공
2024/02/04 13:38,U000849,계좌이체,기타,2538.0,경기,30대,성공
2024/12/26 09:44,U001831,휴대폰결제,교육,86835.0,전북,40대,성공
2024-08-29 17:24:00,U001295,계좌이체,식음료,6919.0,제주,50대,성공
2024-04-09 20:48:00,U000037,포인트결제,쇼핑,40612.0,서울,30대,성공
2024-11-14 11:41:00,U002320,계좌이체,쇼핑,50912.0,전북,30대,성공
2024-06-13 10:05:00,U002369,신용카드,교통,5828.0,인천,20대,성공
2024-06-25 20:57:00,U001195,신용카드,식음료,49729.0,서울,20대,취소
2024-02-12 14:08:00,U000674,계좌이체,기타,20680.0,경남,,성공
2024-04-03 21:25:00,U001525,,쇼핑,34425.0,부산,30대,성공
2024-05-28 15:08:00,U000132,휴대폰결제,의료,36451.0,경기,40대,성공
2024-02-11 13:40:00,U000968,계좌이체,쇼핑,44854.0,강원,50대,성공
2024/05/29 00:35,U003991,계좌이체,쇼핑,51843.0,대구,20대,성공
2024-03-20 17:03:00,U000780,체크카드,여행,70418.0,경기,20대,성공
2024-12-02 13:40:00,U002639,체크카드,쇼핑,,경기,40대,성공
2024-01-19 17:46:00,U000555,신용카드,문화/여가,14057.0,경기,20대,성공
2024-01-26 17:49:00,U003767,신용카드,교육,70362.0,울산,,성공
2024-05-24 10:13:00,U003048,신용카드,식음료,8050.0,충남,40대,성공
2024-08-22 20:05:00,U003538,신용카드,식음료,15575.0,대구,50대,성공
2024-01-10 09:28:00,U002701,신용카드,쇼핑,15393.0,서울,40대,취소
2024-02-26 20:47:00,U003182,신용카드,쇼핑,22876.0,경기,40대,성공
2024-06-09 22:43:00,U003107,신용카드,식음료,4524.0,서울,30대,성공
2024-03-26 19:39:00,U000643,계좌이체,식음료,17091.0,인천,50대,성공
2024-06-07 20:56:00,U001462,신용카드,교통,2057.0,,10대,성공
2024-08-04 10:50:00,U001203,체크카드,쇼핑,32512.0,경기,50대,취소
2024-04-29 20:28:00,U001179,체크카드,교통,7429.0,경남,30대,성공
2024-09-20 21:19:00,U003744,체크카드,쇼핑,,경북,30대,성공
2024-01-04 12:23:00,U003424,체크카드,문화/여가,39254.0,,60대 이상,성공
2024/12/29 19:30,U000933,신용카드,식음료,8124.0,대구,20대,취소
2024/12/17 22:27,U000798,신용카드,교육,108880.0,인천,50대,성공
2024/03/12 15:24,U001894,휴대폰결제,교육,81261.0,서울,40대,성공
2024-06-30 18:12:00,U001113,신용카드,여행,168102.0,경기,30대,성공
2024-08-17 22:20:00,U001958,체크카드,식음료,28750.0,강원,20대,성공
2024-11-02 20:31:00,U002543,신용카드,쇼핑,15000.0,,20대,성공
2024-10-09 14:03:00,U001559,신용카드,교통,3401.0,인천,40대,성공
2024/04/11 03:52,U001433,신용카드,공과금,57344.0,서울,20대,성공
2024-08-18 12:20:00,U000482,계좌이체,교통,2129.0,경기,20대,성공
2024-05-07 19:08:00,U001305,신용카드,교육,216237.0,서울,,성공
2024-12-09 23:01:00,U001074,신용카드,식음료,44851.0,부산,30대,성공
2024-10-05 09:51:00,U001023, 신용카드 ,공과금,43830.0,세종,30대,성공
2024-08-29 08:24:00,U001827,신용카드,식음료,37855.0,경기,30대,성공
2024-10-15 22:23:00,U003312,체크카드,기타,4358.0,경기,20대,성공
2024-12-20 12:19:00,U001683,신용카드,식음료,16235.0,인천,20대,성공
2024-02-10 13:54:00,U002954,신용카드,의료,22527.0,대구,10대,성공
2024-06-03 16:41:00,U001391,포인트결제,의료,36697.0,대전,20대,성공
2024-07-24 19:02:00,U000901,체크카드,쇼핑,95695.0,경기,40대,성공
2024-05-04 04:45:00,U002160,계좌이체,교육,65627.0,경기,,성공
2024-07-31 14:17:00,U003821,신용카드,기타,8564.0,경기,30대,성공
2024-01-17 16:04:00,U000930,체크카드,식음료,2624.0,부산,30대,성공
2024-01-12 20:42:00,U002548,신용카드,식음료,21696.0,충북,40대,성공
2024/07/09 15:31,U001313,신용카드,쇼핑,,서울,60대 이상,성공
2024/04/05 20:09,U003395,신용카드,의료,34027.0,서울,40대,실패
2024-10-27 20:22:00,U003145,체크카드,식음료,21789.0,서울,20대,성공
2024-12-05 11:31:00,U000327,휴대폰결제,식음료,18369.0,강원,20대,성공
2024-04-10 21:47:00,U001516,체크카드,교육,255387.0,인천,40대,성공
2024-12-02 13:56:00,U002220,신용카드,의료,30705.0,경남,40대,성공
2024-08-17 06:34:00,U000195,신용카드,문화/여가,21939.0,충남,40대,성공
2024-03-11 17:51:00,U001601,신용카드,교육,180877.0,서울,30대,성공
2024-06-28 20:30:00,U003224,체크카드,공과금,93380.0,전남,40대,성공
2024-12-10 09:38:00,U003276,체크카드,식음료,8972.0,전북,40대,취소
2024-08-22 21:26:00,U001690,포인트결제,의료,-12650.0,서울,20대,성공
2024-10-31 05:57:00,U001235,체크카드,교통,1718.0,대전,30대,성공
2024-01-07 19:01:00,U001246,신용카드,쇼핑,67161.0,대구,30대,성공
2024-06-26 15:57:00,U003167,신용카드,쇼핑,39172.0,서울,20대,성공
2024-07-05 18:41:00,U001153,신용카드,쇼핑,32041.0,강원,60대 이상,성공
2024/07/05 17:55,U001526, 신용카드 ,쇼핑,101661.0,경기,20대,성공
2024-08-29 18:44:00,U001600,포인트결제,문화/여가,23666.0,서울,20대,성공
2024-04-06 16:55:00,U003745,신용카드,쇼핑,108302.0,경기,50대,성공
2024-01-15 19:51:00,U002981,체크카드,문화/여가,26601.0,서울,30대,성공
2024-05-30 14:34:00,U000728,계좌이체,식음료,34815.0,충남,60대 이상,성공
2024-04-20 14:09:00,U003702,체크카드,교통,3099.0,서울,20대,성공
2024-04-05 18:15:00,U003424,계좌이체,기타,14445.0,울산,20대,성공
2024-10-01 19:18:00,U002425,계좌이체,식음료,23303.0,,30대,취소
2024/04/12 22:03,U002308,신용카드,교통,1420.0,광주,30대,성공
2024-12-15 19:32:00,U003994,체크카드,교육,106603.0,대전,30대,성공
2024-10-08 02:24:00,U003796,신용카드,의료,39295.0,대구,30대,성공
2024-08-04 01:58:00,U003681,신용카드,식음료,12510.0,대전,10대,성공
2024-11-20 19:05:00,U002049,계좌이체,쇼핑,29103.0,,20대,성공
2024-09-19 18:21:00,U000508,신용카드,여행,188591.0,경기,40대,성공
2024-05-27 20:57:00,U003922,신용카드,의료,32904.0,경기,30대,성공
2024-11-19 15:43:00,U001906,체크카드,문화/여가,34973.0,서울,20대,성공
2024/02/06 22:21,U003787,신용카드,문화/여가,6071.0,경기,40대,성공
2024-01-07 18:51:00,U003258,계좌이체,기타,69980.0,세종,30대,성공
2024-01-10 11:09:00,U000667, 신용카드 ,쇼핑,134503.0,충북,30대,성공
2024-05-19 21:56:00,U002525,계좌이체,식음료,26578.0,경기,10대,성공
2024-04-07 13:39:00,U001461,신용카드,식음료,26967.0,울산,40대,성공
2024/08/26 09:25,U003313,포인트결제,공과금,192578.0,전북,30대,성공
2024-01-02 01:47:00,U001125,체크카드,쇼핑,34902.0,경기,50대,성공
2024-08-30 12:47:00,U001608,계좌이체,문화/여가,31018.0,광주,10대,성공
2024/12/24 07:56,U003175,체크카드,문화/여가,18687.0,경기,20대,성공
2024/05/09 11:45,U001926,휴대폰결제,쇼핑,32749.0,서울,10대,성공
2024-04-03 21:09:00,U003649,신용카드,식음료,13050.0,광주,,성공
2024-12-11 10:01:00,U002591,체크카드,교육,60243.0,경기,40대,성공
2024-08-30 01:00:00,U000297,신용카드,기타,54860.0,,50대,성공
2024-06-03 09:19:00,U000352,포인트결제,기타,11634.0,서울,50대,성공
2024-07-23 00:08:00,U001850,신용카드,문화/여가,18273.0,광주,30대,성공
2024-02-19 07:35:00,U001115,포인트결제,식음료,26149.0,경기,40대,성공
2024-09-14 17:42:00,U003439,신용카드,쇼핑,58964.0,서울,10대,성공
2024-05-23 20:41:00,U002783,계좌이체,식음료,4260.0,경기,30대,취소
2024-03-28 19:11:00,U001707,계좌이체,기타,24711.0,경기,50대,성공
2024/02/07 21:26,U002897,계좌이체,식음료,22525.0,경기,50대,성공
2024/08/26 06:13,U001386,신용카드,쇼핑,54736.0,경기,20대,실패
2024-02-17 18:45:00,U003678,계좌이체,교육,104034.0,제주,50대,성공
2024-05-21 11:23:00,U002693,포인트결제,의료,8928.0,경기,30대,성공
2024-11-23 18:36:00,U003825,체크카드,기타,4591.0,경북,20대,성공
2024-01-25 20:47:00,U000932,신용카드,교육,18423.0,전북,10대,성공
2024-01-05 16:04:00,U002037,신용카드,쇼핑,6804.0,서울,50대,실패
2024-08-17 22:51:00,U003882,신용카드,쇼핑,46379.0,부산,40대,성공
2024-07-25 10:27:00,U000123,계좌이체,식음료,8882.0,경기,40대,실패
2024-09-21 02:30:00,U002061,계좌이체,기타,33057.0,경남,30대,성공
2024/01/08 03:24,U001090,신용카드,교통,8203.0,경남,60대 이상,성공
2024-05-02 21:27:00,U002839,체크카드,여행,474292.0,서울,30대,성공
2024-08-20 19:58:00,U000609,계좌이체,교육,177162.0,서울,40대,성공
2024-11-26 18:04:00,U000267,신용카드,교통,3116.0,경기,40대,성공
2024-06-09 11:38:00,U000388,체크카드,쇼핑,61382.0,대전,20대,성공
2024-09-07 10:30:00,U003997,포인트결제,의료,34328.0,서울,10대,성공
2024-10-01 18:44:00,U001231,계좌이체,쇼핑,55971.0,경남,30대,성공
2024/09/05 17:12,U002754,신용카드,교육,176578.0,경기,20대,성공
2024-10-30 20:25:00,U002169,포인트결제,기타,13084.0,서울,20대,성공
2024-04-07 14:35:00,U003358,체크카드,기타,19129.0,전북,30대,성공
2024-03-21 11:40:00,U001756,체크카드,쇼핑,86443.0,서울,50대,성공
2024-01-19 19:41:00,U003617,휴대폰결제,문화/여가,30336.0,경기,10대,성공
2024-02-07 13:31:00,U001099,계좌이체,쇼핑,17180.0,경기,20대,성공
2024-03-11 12:17:00,U000698,체크카드,기타,14338.0,인천,40대,성공
2024-08-24 09:03:00,U003620,체크카드,공과금,64833.0,경기,50대,성공
2024-11-02 21:41:00,U001458,신용카드,의료,24110.0,서울,40대,성공
2024-07-27 19:03:00,U001352,신용카드,여행,166961.0,서울,20대,성공
2024-08-13 10:09:00,U000208,신용카드,교통,1483.0,전남,30대,성공
2024/10/28 09:29,U003619,신용카드,식음료,22769.0,,30대,성공
2024-02-14 19:38:00,U000271,포인트결제,식음료,11334.0,부산,60대 이상,성공
2024-12-04 17:29:00,U000534,신용카드,공과금,137714.0,대구,40대,성공
2024-02-25 22:52:00,U001419,신용카드,문화/여가,49702.0,대전,,성공
2024-10-02 18:07:00,U000117,포인트결제,식음료,14679.0,경기,40대,성공
2024-02-20 14:31:00,U002437,체크카드,의료,23737.0,서울,30대,성공
2024-04-27 22:45:00,U003109,신용카드,문화/여가,47610.0,충남,40대,성공
2024-08-30 17:46:00,U003369, 신용카드 ,식음료,4087.0,전남,30대,성공
2024-12-04 22:21:00,U000299,포인트결제,기타,29438.0,충남,40대,성공
2024/12/05 12:57,U000304, 신용카드 ,쇼핑,87939.0,부산,60대 이상,성공
2024-04-14 15:21:00,U003746,포인트결제,문화/여가,16780.0,서울,10대,성공
2024-04-25 11:25:00,U000871,신용카드,기타,11619.0,경기,20대,실패
2024-09-23 13:31:00,U001588,포인트결제,문화/여가,105946.0,서울,40대,성공
2024/06/30 15:17,U003003,계좌이체,교통,2898.0,경기,30대,성공
2024/11/27 12:05,U002363,포인트결제,교통,4870.0,경북,40대,성공
2024-09-12 16:23:00,U003933,체크카드,의료,85172.0,서울,30대,성공
2024-12-14 12:01:00,U000561,포인트결제,교육,321471.0,부산,20대,성공
2024-06-19 19:59:00,U003342, 신용카드 ,문화/여가,21878.0,경기,20대,성공
2024-04-06 09:25:00,U002248,신용카드,공과금,80421.0,서울,,성공
2024-12-05 19:51:00,U001369,신용카드,여행,,서울,20대,성공
2024-10-19 11:45:00,U000257,포인트결제,식음료,38980.0,,20대,성공
2024-09-17 17:03:00,U001444,신용카드,교통,919.0,대전,30대,성공
2024-06-27 13:18:00,U003184,신용카드,기타,77277.0,부산,20대,성공
2024-05-05 21:01:00,U001084,계좌이체,식음료,24289.0,서울,50대,성공
2024-12-16 20:02:00,U002119,계좌이체,쇼핑,30222.0,서울,20대,성공
2024-02-24 20:13:00,U002038,신용카드,교통,2474.0,울산,,성공
2024-09-10 14:43:00,U002959,계좌이체,교육,16372.0,서울,20대,성공
2024-11-24 15:36:00,U000080,체크카드,교통,2044.0,강원,10대,성공
2024-11-06 02:39:00,U002347,계좌이체,쇼핑,10879.0,부산,30대,성공
2024-03-01 09:49:00,U001020,포인트결제,식음료,22587.0,서울,60대 이상,성공
2024/02/18 17:44,U001928,신용카드,여행,225328.0,전북,50대,성공
2024-12-06 14:08:00,U002734,계좌이체,여행,15541.0,충남,50대,성공
2024-03-23 11:29:00,U003356,체크카드,공과금,47465.0,경북,30대,성공
2024-12-18 21:10:00,U001726,신용카드,교육,89913.0,서울,20대,성공
2024-03-03 19:00:00,U001940,체크카드,여행,470622.0,서울,30대,성공
2024-10-31 20:21:00,U000897,계좌이체,쇼핑,44157.0,부산,30대,성공
2024-10-24 19:11:00,U002436,신용카드,문화/여가,20298.0,전남,20대,성공
2024-11-09 20:20:00,U003358,체크카드,쇼핑,53782.0,전북,20대,성공
2024-10-14 19:11:00,U000985,체크카드,교통,500.0,부산,40대,실패
2024-05-18 06:16:00,U002383,신용카드,식음료,19993.0,서울,20대,실패
2024-11-26 14:18:00,U000641,체크카드,문화/여가,103099.0,,50대,성공
2024-05-10 15:55:00,U003111,신용카드,문화/여가,48473.0,인천,40대,성공
2024-10-21 20:48:00,U000295,계좌이체,식음료,18509.0,서울,20대,성공
2024-07-10 19:54:00,U000644,신용카드,기타,29167.0,경기,40대,성공
2024/01/19 11:22,U003699,신용카드,의료,37466.0,부산,30대,성공
2024-04-04 15:58:00,U003239,신용카드,교통,5634.0,경기,30대,성공
2024/04/15 12:00,U000950,계좌이체,식음료,39500.0,서울,20대,성공
2024-02-01 07:26:00,U001338,체크카드,기타,49418.0,서울,60대 이상,성공
2024-12-08 17:45:00,U003638,신용카드,의료,43241.0,경북,30대,성공
2024/02/22 19:00,U000784,계좌이체,식음료,14239.0,제주,20대,성공
2024-04-29 07:13:00,U000491,포인트결제,교통,1364.0,경기,50대,성공
2024-08-17 19:53:00,U002679,신용카드,식음료,14339.0,부산,40대,성공
2024-11-12 12:57:00,U000113,신용카드,식음료,12511.0,서울,10대,성공
2024-04-14 14:26:00,U002496,계좌이체,교통,3856.0,경기,20대,성공
2024-05-21 22:46:00,U000340,신용카드,식음료,40184.0,경기,,성공
2024-04-04 21:00:00,U000792,,교통,7190.0,서울,30대,실패
2024-07-17 13:26:00,U000716,체크카드,기타,22944.0,서울,50대,성공
2024-12-29 18:17:00,U000203,계좌이체,문화/여가,60880.0,서울,40대,성공
2024/02/06 20:40,U000877,포인트결제,문화/여가,19288.0,,30대,성공
2024-12-29 19:34:00,U002632,신용카드,기타,18925.0,경기,,성공
2024-09-26 13:27:00,U001281,계좌이체,문화/여가,99926.0,충북,20대,성공
2024-10-10 14:28:00,U000097,계좌이체,쇼핑,35592.0,,10대,성공
2024-11-17 15:35:00,U003140,계좌이체,식음료,,서울,20대,성공
2024/10/01 19:57,U002512,체크카드,식음료,11328.0,경북,40대,성공
2024-08-04 12:18:00,U002531,포인트결제,공과금,18575.0,울산,20대,성공
2024-06-08 10:22:00,U003116,신용카드,식음료,17615.0,울산,30대,성공
2024-05-10 18:58:00,U002290,신용카드,교통,2033.0,서울,20대,성공
2024-03-26 13:15:00,U000730,포인트결제,교통,3740.0,제주,40대,성공
2024/02/03 05:15,U002773,신용카드,교통,5638.0,서울,30대,성공
2024/10/29 10:01,U000409,휴대폰결제,교육,100835.0,경기,40대,성공
2024-02-19 14:46:00,U000859,계좌이체,식음료,,서울,20대,성공
2024-09-12 11:26:00,U003933, 신용카드 ,문화/여가,22073.0,서울,50대,성공
2024-05-09 21:08:00,U001699,체크카드,식음료,15778.0,세종,20대,성공
2024-01-03 14:35:00,U000156,포인트결제,교육,23358.0,경기,40대,성공
2024-08-28 14:05:00,U001228,,식음료,18286.0,경기,10대,성공
2024-08-30 13:50:00,U001905,휴대폰결제,쇼핑,26484.0,전남,,성공
2024-01-21 12:11:00,U000629, 신용카드 ,문화/여가,9756.0,서울,50대,성공
2024-09-02 22:41:00,U001114,체크카드,교육,207989.0,전북,20대,성공
2024-12-19 14:08:00,U002118,신용카드,기타,56086.0,서울,20대,성공
2024-09-10 21:37:00,U000528,계좌이체,식음료,14998.0,대구,20대,성공
2024-10-02 21:22:00,U001955,신용카드,문화/여가,32949.0,경기,20대,성공
2024-07-04 19:58:00,U003713,신용카드,여행,644376.0,서울,40대,성공
2024/12/27 14:17,U000808,포인트결제,교육,70614.0,인천,30대,성공
2024/07/03 13:52,U000611,신용카드,쇼핑,22493.0,서울,20대,성공
2024-06-06 15:50:00,U001964,계좌이체,의료,45219.0,부산,30대,성공
2024-02-12 23:50:00,U002579,계좌이체,식음료,5108.0,서울,20대,실패
2024/11/16 01:54,U003056,체크카드,기타,7862.0,부산,30대,실패
2024-10-24 20:37:00,U003775,휴대폰결제,공과금,88104.0,인천,10대,성공
2024-08-09 22:05:00,U002456,신용카드,기타,7565.0,서울,40대,성공
2024-03-09 09:01:00,U002217,계좌이체,쇼핑,82254.0,,50대,성공
2024-10-23 18:59:00,U003838,신용카드,식음료,21953.0,,30대,성공
2024/04/09 13:59,U001947,체크카드,쇼핑,84664.0,경북,30대,성공
2024-10-08 11:29:00,U002267,신용카드,쇼핑,22839.0,서울,20대,성공
2024-01-27 10:08:00,U000165,신용카드,여행,414627.0,경기,50대,성공
2024-10-13 09:53:00,U001642,신용카드,식음료,28929.0,서울,20대,성공
2024-08-28 13:14:00,U003827, 신용카드 ,공과금,22079.0,경기,20대,성공
2024-03-09 13:44:00,U003274,신용카드,문화/여가,18032.0,인천,30대,성공
2024-08-02 20:05:00,U002214,신용카드,문화/여가,29854.0,부산,60대 이상,성공
2024-08-19 14:20:00,U003689,체크카드,기타,34719.0,경기,30대,성공
2024-05-17 19:42:00,U002267,체크카드,기타,18226.0,서울,40대,성공
2024/08/19 20:21,U003088,신용카드,쇼핑,28619.0,부산,20대,성공
2024/02/03 18:00,U003007,신용카드,쇼핑,26081.0,인천,30대,성공
2024-01-03 12:36:00,U003129,,쇼핑,30953.0,경남,60대 이상,실패
2024-11-13 12:14:00,U001569,휴대폰결제,교육,36010.0,경기,40대,성공
2024-07-02 07:54:00,U002226,휴대폰결제,문화/여가,21392.0,경기,50대,성공
2024-05-09 09:29:00,U002934,포인트결제,교통,5712.0,경기,30대,성공
2024-07-27 09:22:00,U003939,신용카드,쇼핑,22561.0,서울,20대,성공
2024-06-22 12:28:00,U000312,체크카드,문화/여가,15470.0,대구,20대,성공
2024-04-15 07:01:00,U001967,휴대폰결제,교통,2084.0,서울,30대,성공
2024-02-18 14:44:00,U002742,신용카드,쇼핑,15795.0,울산,60대 이상,성공
2024-08-02 13:05:00,U001277,체크카드,교통,1564.0,,20대,성공
2024/06/19 20:01,U002999,신용카드,교육,74414.0,서울,50대,성공
2024-02-21 06:31:00,U002074,신용카드,쇼핑,58502.0,경기,30대,취소
2024-10-26 11:21:00,U000242,신용카드,공과금,29232.0,서울,30대,성공
2024-04-25 10:11:00,U002793,,의료,30863.0,서울,60대 이상,취소
2024-04-19 09:48:00,U003760,포인트결제,식음료,6747.0,광주,30대,성공
2024-11-04 14:49:00,U000813,체크카드,의료,91443.0,경남,20대,성공
2024-12-11 14:07:00,U001448,체크카드,교통,500.0,경기,60대 이상,성공
2024-11-03 20:05:00,U000556,신용카드,쇼핑,77211.0,전북,50대,취소
2024-07-31 10:13:00,U003077,포인트결제,공과금,16310.0,경기,50대,성공
2024-03-28 10:54:00,U001058,신용카드,의료,24573.0,경남,20대,성공
2024-12-15 01:21:00,U001589,신용카드,쇼핑,85128.0,경남,20대,성공
2024-03-28 14:58:00,U000378,신용카드,교육,107325.0,경기,,성공
2024-12-04 09:11:00,U003559,신용카드,쇼핑,52627.0,서울,30대,성공
2024-04-01 12:35:00,U002814,신용카드,식음료,25993.0,부산,20대,성공
2024-02-25 21:30:00,U001640,신용카드,공과금,45556.0,부산,50대,성공
2024/07/01 14:39,U002913,체크카드,교육,288275.0,대전,40대,성공
2024-03-21 01:17:00,U000706,신용카드,식음료,44785.0,인천,50대,성공
2024-10-25 14:21:00,U003673,계좌이체,기타,17344.0,광주,20대,성공
2024-10-26 13:41:00,U003706,계좌이체,식음료,7005.0,서울,40대,성공
2024/06/23 06:34,U000251,신용카드,쇼핑,36539.0,울산,20대,성공
2024/09/18 13:38,U001226,신용카드,쇼핑,52526.0,서울,30대,성공
2024-11-23 21:59:00,U000546,체크카드,교통,5143.0,경기,30대,취소
2024-12-18 13:27:00,U001203,포인트결제,의료,30039.0,세종,40대,성공
2024/07/16 20:05,U003461,체크카드,여행,61977.0,충남,40대,성공
2024-11-19 21:03:00,U001866,계좌이체,식음료,11301.0,전남,40대,성공
2024-07-12 16:09:00,U003746,신용카드,문화/여가,40168.0,부산,40대,성공
2024/03/22 18:23,U003482,휴대폰결제,식음료,9016.0,강원,30대,성공
2024-07-07 20:18:00,U001589, 신용카드 ,쇼핑,43762.0,경기,30대,성공
2024-08-28 17:01:00,U003010,,여행,344571.0,서울,40대,성공
2024-10-12 07:10:00,U002832,체크카드,식음료,,경기,40대,성공
2024-12-19 19:54:00,U002318,계좌이체,식음료,22312.0,전북,20대,성공
2024/03/07 18:31,U001472,신용카드,식음료,30273.0,,10대,성공
2024/02/11 15:19,U000282, 신용카드 ,여행,59041.0,광주,30대,성공
2024-03-04 21:24:00,U001358, 신용카드 ,기타,19550.0,부산,20대,성공
2024-05-26 20:08:00,U002635,포인트결제,식음료,34598.0,경북,40대,성공
2024-07-02 18:28:00,U002517,체크카드,식음료,30716.0,세종,30대,취소
2024/07/27 13:58,U002797,신용카드,쇼핑,23919.0,경기,20대,성공
2024-10-21 09:29:00,U001348,계좌이체,식음료,18828.0,서울,20대,성공
2024-03-26 20:58:00,U000892,신용카드,쇼핑,78353.0,경기,50대,성공
2024-01-13 17:03:00,U002182,신용카드,교통,5219.0,경기,30대,성공
2024-01-09 13:54:00,U000978,체크카드,공과금,167480.0,,20대,성공
2024-02-02 13:03:00,U003590,체크카드,공과금,34806.0,경북,40대,성공
2024-08-02 03:11:00,U002071,체크카드,식음료,64880.0,부산,20대,취소
2024-11-18 18:00:00,U001365,신용카드,공과금,59903.0,경기,20대,성공
2024-06-24 13:50:00,U000650, 신용카드 ,문화/여가,10931.0,경기,20대,성공
2024-06-05 22:15:00,U000970,계좌이체,교통,2585.0,서울,20대,성공
2024-11-10 22:54:00,U003542,계좌이체,의료,44367.0,서울,20대,취소
2024-10-30 18:06:00,U001657,신용카드,여행,199188.0,경기,30대,성공
2024-08-07 22:15:00,U001196,신용카드,의료,53124.0,대구,30대,성공
2024-01-29 20:02:00,U001277,,문화/여가,32506.0,경기,20대,성공
2024-04-25 17:36:00,U002842,계좌이체,쇼핑,82559.0,충남,20대,성공
2024-07-29 20:34:00,U002666,포인트결제,쇼핑,95737.0,인천,50대,성공
2024-09-15 18:35:00,U002032,,식음료,5142.0,부산,20대,성공
2024-12-28 19:20:00,U000572,체크카드,쇼핑,27141.0,충남,50대,성공
2024/10/24 10:13,U000256,신용카드,공과금,37026.0,대구,50대,성공
2024-10-06 12:19:00,U001604,계좌이체,기타,55549.0,서울,50대,성공
2024-07-02 05:52:00,U003819,포인트결제,공과금,10382.0,부산,60대 이상,실패
2024-07-11 15:32:00,U001177,신용카드,교통,5621.0,서울,10대,성공
2024/12/12 16:40,U003146,계좌이체,쇼핑,1941.0,경기,40대,성공
2024-04-09 20:58:00,U000091,신용카드,식음료,15934.0,서울,50대,성공
2024-08-12 15:26:00,U003298,포인트결제,문화/여가,22071.0,부산,30대,성공
2024/08/24 19:09,U001699,신용카드,문화/여가,33658.0,인천,50대,성공
2024-05-27 12:51:00,U001989,휴대폰결제,교통,4357.0,경남,30대,성공
2024/12/04 19:10,U000319,신용카드,쇼핑,40132.0,서울,10대,성공
2024/01/30 19:03,U001942,포인트결제,쇼핑,40400.0,서울,40대,성공
2024/01/15 19:03,U002676,휴대폰결제,쇼핑,31424.0,광주,20대,성공
2024-11-02 16:09:00,U001461,계좌이체,교통,3038.0,,40대,성공
2024-11-12 10:32:00,U000201,신용카드,식음료,13809.0,경기,30대,성공
2024-06-28 18:05:00,U002010,계좌이체,쇼핑,31383.0,경기,20대,성공
2024-09-18 11:02:00,U003497,체크카드,식음료,32588.0,울산,50대,성공
2024-05-23 17:38:00,U002322,신용카드,식음료,14127.0,서울,60대 이상,성공
2024/02/04 21:29,U000616,체크카드,문화/여가,38355.0,,30대,성공
2024-11-14 12:47:00,U001432,포인트결제,여행,86854.0,경북,40대,성공
2024-06-27 13:45:00,U002230,신용카드,쇼핑,36081.0,세종,40대,성공
2024-03-02 21:03:00,U003250,계좌이체,쇼핑,63624.0,충북,,성공
2024-06-02 17:55:00,U001323,체크카드,기타,7433.0,경기,,성공
2024-05-01 11:23:00,U001282,휴대폰결제,공과금,77169.0,경기,30대,성공
2024-03-06 08:19:00,U003627,포인트결제,식음료,15908.0,경남,30대,성공
2024-11-07 20:34:00,U000909,신용카드,교통,4909.0,경기,40대,성공
2024-08-25 19:37:00,U003949,체크카드,식음료,10822.0,울산,30대,성공
2024-03-16 19:50:00,U003526,계좌이체,교통,1480.0,부산,50대,성공
2024-05-10 20:42:00,U002100,포인트결제,쇼핑,31863.0,경기,30대,성공
2024-11-01 21:55:00,U002991,신용카드,교통,2837.0,서울,30대,성공
2024-11-07 17:14:00,U000923,체크카드,쇼핑,37056.0,경기,,성공
2024-05-27 10:50:00,U002404,계좌이체,문화/여가,17978.0,서울,30대,성공
2024-12-05 11:11:00,U001045,포인트결제,교육,75593.0,경기,20대,실패
2024-03-26 19:10:00,U000540,체크카드,공과금,99258.0,경기,60대 이상,실패
2024-06-21 22:51:00,U002853,체크카드,기타,5946.0,충남,,성공
2024-12-04 13:04:00,U001674,신용카드,의료,39804.0,인천,30대,성공
2024-08-02 19:18:00,U000380,,공과금,160790.0,충북,30대,성공
2024-03-09 13:53:00,U000530,휴대폰결제,공과금,32089.0,,20대,성공
2024-09-20 19:40:00,U001992,신용카드,의료,15996.0,서울,30대,성공
2024-09-07 05:35:00,U000854,신용카드,쇼핑,12328.0,경기,40대,성공
2024-06-14 11:47:00,U000201, 신용카드 ,공과금,54582.0,부산,,성공
2024-07-11 11:39:00,U003211,신용카드,쇼핑,16814.0,전남,,성공
2024-12-02 09:55:00,U002434,,의료,151795.0,인천,50대,성공
2024/04/24 22:53,U001375,신용카드,기타,34397.0,경기,10대,성공
2024-08-30 09:34:00,U003208,체크카드,식음료,17625.0,서울,20대,성공
2024-11-22 19:35:00,U000257,체크카드,교통,3593.0,서울,20대,성공
2024-08-08 09:51:00,U000472,신용카드,의료,95406.0,부산,20대,취소
2024-04-08 09:54:00,U000455,신용카드,식음료,19017.0,서울,30대,성공
2024-05-11 23:37:00,U003111,계좌이체,교통,2449.0,대구,,성공
2024-06-02 11:38:00,U003566,신용카드,쇼핑,53899.0,울산,50대,성공
2024/04/18 01:41,U000712,신용카드,교통,4630.0,서울,60대 이상,성공
2024-12-15 08:32:00,U003649,신용카드,여행,150794.0,서울,20대,성공
2024-02-28 20:19:00,U002328,체크카드,교육,89906.0,전북,30대,성공
2024-11-04 19:55:00,U003667,계좌이체,의료,68595.0,충북,10대,성공
2024-04-19 15:19:00,U000792,계좌이체,식음료,16575.0,부산,10대,실패
2024-06-14 07:23:00,U002718,계좌이체,교통,1403.0,서울,50대,성공
2024-10-17 20:49:00,U002665,신용카드,여행,270008.0,광주,10대,성공
2024-05-15 19:28:00,U003449,신용카드,문화/여가,82792.0,인천,40대,성공
2024-03-19 19:09:00,U003867,신용카드,쇼핑,154510.0,경남,30대,성공
2024-02-13 12:00:00,U003172,계좌이체,식음료,4801.0,부산,50대,성공
2024-02-06 21:22:00,U003833,계좌이체,식음료,18678.0,경기,30대,성공
2024/10/07 12:05,U002260,계좌이체,쇼핑,84094.0,경기,20대,성공
2024-10-16 20:45:00,U001229,계좌이체,공과금,30068.0,서울,30대,성공
2024-07-16 20:38:00,U003845,포인트결제,교통,2632.0,서울,40대,성공
2024-05-26 13:18:00,U002585,체크카드,쇼핑,19287.0,부산,40대,성공
2024-08-20 12:48:00,U000618,신용카드,공과금,60893.0,대구,40대,성공
2024-07-09 16:39:00,U001260,신용카드,의료,39497.0,서울,20대,성공
2024-01-19 06:23:00,U002269,체크카드,쇼핑,-86970.0,경북,30대,성공
2024-09-11 10:17:00,U003493,신용카드,쇼핑,40420.0,인천,30대,성공
2024-01-20 10:04:00,U000552,계좌이체,쇼핑,14927.0,서울,30대,성공
2024-06-17 14:11:00,U001565,계좌이체,식음료,19755.0,강원,,성공
2024-04-04 13:21:00,U002390,체크카드,교육,37187.0,경기,60대 이상,성공
2024-10-09 03:22:00,U003397,체크카드,쇼핑,50660.0,서울,40대,성공
2024-09-10 20:21:00,U001532,계좌이체,교육,55168.0,경기,20대,성공
2024-06-08 21:18:00,U002226,계좌이체,쇼핑,65490.0,인천,40대,성공
2024/03/28 07:41,U003534,계좌이체,쇼핑,29134.0,경기,20대,성공
2024-10-05 12:35:00,U003172,신용카드,문화/여가,18373.0,서울,30대,성공
2024-06-19 10:33:00,U000428,휴대폰결제,교통,561.0,경남,60대 이상,성공
2024-06-28 18:22:00,U000983,계좌이체,문화/여가,25814.0,경기,20대,성공
2024-11-11 15:57:00,U000485,신용카드,교통,1286.0,강원,30대,실패
2024/09/15 10:15,U000488,포인트결제,식음료,26304.0,경기,40대,성공
2024-04-06 01:23:00,U001807,휴대폰결제,공과금,74523.0,경기,50대,성공
2024-10-06 11:55:00,U003949,신용카드,쇼핑,5340.0,대구,30대,성공
2024-10-18 06:33:00,U002363,휴대폰결제,기타,4873.0,경기,,성공
2024-01-29 20:26:00,U002421,체크카드,쇼핑,75641.0,경기,30대,성공
2024-06-18 00:17:00,U000955,신용카드,기타,9580.0,충북,20대,성공
2024-04-08 21:43:00,U002773,신용카드,식음료,48999.0,경남,40대,성공
2024-12-23 13:19:00,U000619,신용카드,식음료,15513.0,서울,30대,성공
2024-02-26 19:48:00,U003953,체크카드,여행,128642.0,경북,40대,성공
2024-02-21 13:40:00,U000935,계좌이체,교통,3613.0,부산,20대,성공
2024-09-08 08:40:00,U002521,신용카드,여행,559099.0,충북,20대,실패
2024-05-12 22:30:00,U000684,휴대폰결제,의료,114459.0,서울,,성공
2024-04-30 11:50:00,U003998,,식음료,39489.0,경남,30대,성공
2024-04-01 17:22:00,U003968, 신용카드 ,문화/여가,4988.0,경기,50대,성공
2024-01-01 13:57:00,U001123,신용카드,식음료,10959.0,대구,40대,실패
2024/08/19 20:44,U003071,휴대폰결제,쇼핑,81496.0,경기,40대,성공
2024-11-06 19:04:00,U002331,신용카드,문화/여가,29005.0,대전,40대,성공
2024-11-28 18:25:00,U003044,신용카드,쇼핑,29383.0,부산,30대,취소
2024-11-14 06:52:00,U002158,신용카드,식음료,933.0,광주,50대,성공
2024-07-20 20:47:00,U003959,체크카드,문화/여가,13942.0,경기,20대,성공
2024/10/02 10:43,U001693,체크카드,여행,249558.0,부산,20대,성공
2024/10/19 01:20,U000822,계좌이체,식음료,33744.0,전남,30대,성공
2024-06-15 09:28:00,U003004,계좌이체,식음료,22018.0,서울,30대,성공
2024-09-15 22:51:00,U001313,,기타,51400.0,서울,30대,성공
2024-11-01 20:44:00,U002997, 신용카드 ,식음료,64290.0,서울,50대,성공
2024-02-18 16:25:00,U000176,계좌이체,문화/여가,2884.0,부산,,성공
2024-11-21 09:55:00,U002169,계좌이체,의료,22540.0,경기,60대 이상,성공
2024-02-23 13:32:00,U000401,신용카드,쇼핑,31046.0,경기,,성공
2024-08-01 19:23:00,U002201,포인트결제,쇼핑,25275.0,경기,20대,실패
2024-10-28 14:11:00,U001637,신용카드,문화/여가,11238.0,서울,40대,성공
2024-10-30 17:37:00,U003277,,교육,55422.0,서울,30대,성공
2024-01-16 19:39:00,U001188,신용카드,교통,2631.0,대전,60대 이상,성공
2024-04-30 09:25:00,U001256,계좌이체,식음료,4304.0,서울,30대,성공
2024-12-21 09:34:00,U000941,신용카드,교통,6345.0,광주,40대,성공
2024-02-21 05:39:00,U001497,신용카드,쇼핑,25461.0,강원,20대,성공
2024-04-15 22:40:00,U003363,계좌이체,기타,7911.0,인천,30대,성공
2024/03/16 12:29,U000724,신용카드,식음료,7631.0,경기,30대,성공
2024-04-30 15:56:00,U003414,체크카드,쇼핑,11058.0,광주,30대,성공
2024/04/29 22:59,U002524,신용카드,의료,48245.0,서울,40대,성공
2024-12-26 11:17:00,U000258,신용카드,쇼핑,95961.0,전남,20대,성공
2024-08-06 18:09:00,U000352,체크카드,교육,94040.0,경북,30대,성공
2024-01-24 11:03:00,U001784,신용카드,식음료,24891.0,서울,50대,성공
2024-05-23 15:48:00,U003931,휴대폰결제,쇼핑,55753.0,서울,30대,성공
2024-08-09 11:48:00,U003106,신용카드,교통,8406.0,경남,30대,성공
2024/09/02 17:34,U000266,신용카드,기타,39205.0,세종,30대,성공
2024-05-15 15:10:00,U003273,휴대폰결제,문화/여가,41239.0,경기,,성공
2024-08-22 16:32:00,U001508,체크카드,공과금,28009.0,경기,40대,성공
2024-08-24 21:18:00,U003212,신용카드,문화/여가,54922.0,,10대,성공
2024-02-03 12:15:00,U003177,신용카드,식음료,19763.0,경남,20대,성공
2024-04-19 19:11:00,U001013,휴대폰결제,공과금,78636.0,서울,40대,성공
2024-02-03 16:44:00,U000338,체크카드,교통,1228.0,서울,40대,성공
2024-08-13 14:16:00,U003370,계좌이체,의료,89149.0,경북,30대,성공
2024-01-30 14:18:00,U003841,휴대폰결제,쇼핑,36273.0,경기,,성공
2024-01-17 17:36:00,U003304,신용카드,교통,3687.0,경남,20대,성공
2024-08-01 10:29:00,U001189,계좌이체,교육,20443.0,강원,50대,성공
2024-07-27 20:30:00,U001550,체크카드,기타,14250.0,서울,40대,성공
2024/02/16 23:44,U003865,체크카드,쇼핑,26943.0,서울,40대,성공
2024-09-26 20:26:00,U002820,신용카드,교통,1573.0,광주,40대,취소
2024/07/06 22:00,U001218,신용카드,교육,396387.0,서울,30대,성공
2024-03-16 17:22:00,U001207,신용카드,쇼핑,36224.0,부산,10대,성공
2024-07-22 12:14:00,U003940,체크카드,식음료,44937.0,서울,20대,성공
2024-01-11 16:23:00,U002259,체크카드,식음료,33275.0,충남,20대,성공
2024-07-08 23:02:00,U002676,체크카드,문화/여가,29101.0,경기,30대,성공
2024-08-18 17:34:00,U003254,신용카드,문화/여가,12986.0,경남,20대,성공
2024/02/29 08:57,U002822,신용카드,쇼핑,,,20대,취소
2024-10-26 19:04:00,U001187,체크카드,공과금,48527.0,서울,20대,성공
2024-01-25 16:56:00,U000297,계좌이체,여행,385107.0,경남,40대,성공
2024-12-14 06:01:00,U000576,체크카드,식음료,21734.0,경기,10대,성공
2024/09/08 11:06,U000614,포인트결제,공과금,102942.0,경기,50대,성공
2024-11-08 10:54:00,U000910,체크카드,식음료,51693.0,부산,30대,성공
2024-06-02 21:06:00,U002829,체크카드,쇼핑,9180.0,서울,30대,성공
2024-08-23 14:03:00,U003355,신용카드,식음료,11623.0,광주,20대,실패
2024/07/26 11:25,U000651,체크카드,공과금,223229.0,부산,20대,성공
2024-09-13 12:23:00,U002948,계좌이체,교통,4367.0,경북,30대,성공
2024-11-22 12:22:00,U000506,신용카드,교통,6455.0,서울,30대,성공
2024-03-18 22:58:00,U000152,신용카드,교육,144910.0,부산,50대,성공
2024-04-17 12:06:00,U003483,신용카드,교통,1796.0,경기,40대,성공
2024/04/10 13:25,U002772,신용카드,여행,125885.0,경기,20대,성공
2024/02/21 10:32,U001418,포인트결제,식음료,13420.0,울산,40대,성공
2024-11-12 19:35:00,U000597,신용카드,쇼핑,22973.0,경북,20대,성공
2024-04-10 21:47:00,U001516,체크카드,교육,255387.0,인천,40대,성공
2024/04/13 09:55,U000288,계좌이체,쇼핑,32022.0,충북,50대,성공
2024-07-31 14:39:00,U002661,계좌이체,문화/여가,78299.0,경기,30대,성공
2024-09-05 15:46:00,U000936,포인트결제,문화/여가,15479.0,경기,10대,성공
2024-07-20 19:14:00,U002995,계좌이체,여행,463673.0,전남,20대,성공
2024-11-27 10:32:00,U003280,계좌이체,교통,2349.0,경기,30대,성공
2024-08-30 13:24:00,U002407,계좌이체,쇼핑,42299.0,경북,30대,성공
2024-05-10 09:49:00,U002695,신용카드,쇼핑,19563.0,서울,,성공
2024-07-23 16:40:00,U000112,체크카드,쇼핑,76956.0,경기,60대 이상,성공
2024-04-18 23:27:00,U003068,신용카드,쇼핑,62925.0,서울,20대,성공
2024-11-08 19:00:00,U003789,포인트결제,쇼핑,82962.0,경기,40대,성공
2024-07-01 22:39:00,U002422,체크카드,문화/여가,19083.0,대구,30대,성공
2024-07-21 18:38:00,U003888,계좌이체,식음료,62317.0,강원,20대,성공
2024-03-20 14:00:00,U003536,체크카드,문화/여가,8926.0,인천,,성공
2024-12-19 01:29:00,U000626,신용카드,공과금,37738.0,경기,20대,성공
2024-07-15 15:25:00,U001542,체크카드,교통,544.0,경기,60대 이상,성공
2024-07-06 10:23:00,U000262,포인트결제,식음료,12804.0,전남,20대,성공
2024-10-15 12:17:00,U000375,계좌이체,기타,40642.0,경기,20대,성공
2024-01-31 20:53:00,U003740,신용카드,교통,5035.0,경기,40대,성공
2024-12-23 19:17:00,U002101,,식음료,22646.0,경기,40대,성공
2024-12-28 20:07:00,U000520,신용카드,식음료,26717.0,서울,30대,성공
2024-03-03 13:15:00,U000899,포인트결제,의료,54957.0,경기,40대,취소
2024-05-02 20:06:00,U002126,체크카드,문화/여가,96890.0,전북,50대,성공
2024-01-08 18:32:00,U003196,휴대폰결제,교통,709.0,서울,20대,성공
2024/03/01 12:52,U001837,휴대폰결제,기타,26815.0,서울,30대,성공
2024-01-08 16:34:00,U003329,체크카드,공과금,63638.0,울산,30대,성공
2024-10-05 15:33:00,U002543,신용카드,쇼핑,90538.0,경기,40대,성공
2024-11-15 18:11:00,U000844,포인트결제,쇼핑,32468.0,,20대,성공
2024-11-14 05:08:00,U000729,휴대폰결제,여행,296833.0,경북,20대,성공
2024-09-03 13:02:00,U000289,신용카드,의료,40689.0,서울,10대,성공
2024-01-09 10:38:00,U001137,계좌이체,교통,3599.0,충남,20대,성공
2024-03-29 14:16:00,U002679,신용카드,식음료,22522.0,대전,20대,성공
2024-11-10 10:32:00,U003972,체크카드,교육,208138.0,경남,50대,성공
2024-07-19 20:57:00,U002535,계좌이체,기타,18334.0,제주,20대,성공
2024-10-29 08:14:00,U002033,신용카드,여행,164701.0,,50대,성공
2024/05/06 20:29,U000786,신용카드,의료,8437.0,경기,30대,성공
2024-05-10 11:35:00,U002591,체크카드,기타,51630.0,경기,30대,성공
2024-12-08 01:52:00,U002272,체크카드,쇼핑,10843.0,서울,20대,성공
2024-07-29 09:21:00,U001867,계좌이체,식음료,5901.0,울산,40대,성공
2024-11-27 18:35:00,U000934,포인트결제,의료,51004.0,경기,20대,성공
2024-01-09 10:11:00,U000070,포인트결제,교육,78826.0,,10대,성공
2024-08-25 19:13:00,U001097,휴대폰결제,교통,11333.0,부산,40대,성공
2024-04-05 11:24:00,U001991,계좌이체,식음료,12881.0,서울,50대,실패
2024-09-03 19:24:00,U003516,신용카드,교통,1553.0,경기,20대,성공
2024-12-23 06:19:00,U000242,체크카드,기타,16249.0,서울,30대,성공
2024-07-04 15:18:00,U002608,신용카드,기타,36977.0,충북,,성공
2024-01-18 07:47:00,U003866,계좌이체,문화/여가,47691.0,서울,30대,성공
2024-01-27 07:02:00,U000418,신용카드,문화/여가,47249.0,서울,30대,성공
2024/08/17 09:39,U003432,신용카드,여행,117294.0,경기,50대,취소
2024/06/13 10:24,U001231,포인트결제,의료,22067.0,서울,50대,성공
2024-10-30 19:28:00,U003945,계좌이체,문화/여가,83375.0,대전,30대,성공
2024-07-10 06:37:00,U002656,신용카드,교육,229588.0,세종,20대,취소
2024-04-30 17:21:00,U000142,포인트결제,공과금,142083.0,경기,30대,성공
2024/10/11 19:17,U000084,신용카드,교육,170075.0,경기,40대,성공
2024-08-26 22:54:00,U001572,신용카드,여행,102143.0,서울,30대,성공
2024-10-16 08:11:00,U002008,체크카드,공과금,103835.0,경기,50대,성공
2024-02-26 12:36:00,U001606,신용카드,교육,181336.0,울산,30대,성공
2024-02-26 14:43:00,U003195,체크카드,교통,1166.0,서울,50대,성공
2024/11/23 11:02,U002920,신용카드,쇼핑,85472.0,경기,30대,성공
2024-04-30 15:44:00,U003714,,교육,,대전,30대,실패
2024-02-22 08:00:00,U001586,포인트결제,쇼핑,32019.0,전남,30대,성공
2024-05-07 21:16:00,U003174,휴대폰결제,식음료,2234.0,서울,20대,성공
2024-07-14 14:03:00,U000004,신용카드,쇼핑,58015.0,서울,30대,성공
2024-01-07 18:14:00,U001243,신용카드,쇼핑,51706.0,경기,50대,성공
2024-12-16 20:23:00,U000232,체크카드,식음료,2725.0,서울,40대,성공
2024-03-21 10:40:00,U003422,계좌이체,쇼핑,64859.0,경남,40대,성공
2024-02-22 17:29:00,U000349,신용카드,기타,11487.0,광주,40대,성공
2024-09-13 16:13:00,U003555,계좌이체,교육,7744.0,경기,40대,성공
2024/06/05 13:12,U002613,신용카드,쇼핑,27335.0,인천,20대,성공
2024-06-24 18:34:00,U001504, 신용카드 ,식음료,23140.0,세종,20대,성공
2024-06-15 23:32:00,U000384,계좌이체,식음료,9906.0,경기,30대,성공
2024-02-15 07:23:00,U001120,,식음료,8319.0,대구,,성공
2024-01-02 10:03:00,U002930, 신용카드 ,식음료,21571.0,서울,20대,성공
2024-01-01 13:52:00,U003870,계좌이체,쇼핑,,서울,20대,성공
2024-07-23 12:28:00,U003991,체크카드,식음료,7865.0,경북,40대,성공
2024-06-13 12:14:00,U001744,신용카드,식음료,14667.0,서울,,성공
2024-07-03 13:42:00,U001903,신용카드,쇼핑,68259.0,부산,10대,성공
2024-08-26 15:49:00,U001932,신용카드,쇼핑,27125.0,서울,20대,성공
2024-09-11 10:41:00,U000465,계좌이체,쇼핑,58509.0,경북,20대,성공
2024-01-14 10:37:00,U001317,신용카드,쇼핑,50540.0,울산,20대,성공
2024-11-06 11:58:00,U001435,체크카드,식음료,9908.0,충북,40대,성공
2024-08-22 15:00:00,U001611,계좌이체,공과금,137685.0,서울,20대,성공
2024-05-24 20:24:00,U000363,신용카드,쇼핑,42290.0,서울,20대,성공
2024-08-07 17:34:00,U001943,계좌이체,교통,,,40대,성공
2024-01-23 11:20:00,U002944,계좌이체,여행,413696.0,인천,60대 이상,성공
2024/03/08 17:39,U002428,신용카드,여행,224698.0,경기,30대,성공
2024/08/30 15:43,U000262,체크카드,식음료,23959.0,경남,40대,성공
2024-03-11 03:22:00,U001881,계좌이체,쇼핑,56935.0,제주,50대,성공
2024-05-06 14:52:00,U003904,신용카드,쇼핑,60562.0,서울,30대,성공
2024-01-05 22:35:00,U001629,계좌이체,의료,22605.0,경기,20대,성공
2024-01-31 18:56:00,U001492,신용카드,식음료,9186.0,대구,30대,성공
2024-04-09 17:03:00,U003323,신용카드,공과금,39051.0,전남,30대,성공
2024/03/06 03:41,U000353,체크카드,식음료,11617.0,인천,50대,성공
2024-01-06 18:51:00,U003043,체크카드,교육,52690.0,서울,30대,성공
2024-07-06 20:02:00,U000713, 신용카드 ,식음료,11202.0,경북,60대 이상,성공
2024-04-26 03:36:00,U002012,체크카드,교통,8493.0,서울,50대,성공
2024-01-20 12:46:00,U001856,포인트결제,식음료,14297.0,서울,20대,성공
2024-12-07 22:42:00,U003950,신용카드,식음료,24871.0,충북,40대,성공
2024-05-06 20:05:00,U000700,신용카드,식음료,12455.0,경기,20대,성공
2024-12-28 19:16:00,U000722,,쇼핑,78207.0,서울,20대,성공
2024-03-24 12:12:00,U002130,신용카드,쇼핑,132517.0,서울,20대,취소
2024-09-19 09:30:00,U001677,체크카드,공과금,81243.0,제주,30대,성공
2024/09/24 15:56,U000417,휴대폰결제,기타,43058.0,경기,20대,성공
2024-12-28 11:55:00,U000239,체크카드,공과금,101642.0,전남,20대,성공
2024-12-04 12:17:00,U003058,체크카드,의료,85150.0,경기,20대,성공
2024-04-16 12:35:00,U002720,체크카드,기타,36297.0,전남,50대,성공
2024-02-05 07:05:00,U002778, 신용카드 ,의료,18076.0,대전,40대,성공
2024-05-06 18:31:00,U000406,체크카드,기타,39715.0,경기,30대,성공
2024-01-30 19:49:00,U003630,신용카드,교통,1785.0,대구,60대 이상,성공
2024/04/10 15:57,U003168,신용카드,교통,2297.0,서울,20대,성공
2024-08-06 17:32:00,U003835,계좌이체,식음료,11432.0,제주,50대,성공
2024-12-25 20:15:00,U001142,신용카드,문화/여가,103458.0,대구,30대,성공
2024/04/20 21:45,U000896,신용카드,공과금,191615.0,서울,,성공
2024-06-30 07:51:00,U000422,신용카드,쇼핑,55103.0,서울,50대,성공
2024-06-19 19:02:00,U003091,,식음료,2321.0,서울,50대,성공
2024-07-21 17:22:00,U001353,체크카드,의료,82921.0,경남,20대,성공
2024-11-02 19:10:00,U001388,체크카드,의료,32708.0,대전,40대,성공
2024-03-10 10:56:00,U001857,체크카드,쇼핑,59525.0,서울,30대,성공
2024-11-02 20:44:00,U003050,신용카드,교육,181354.0,대구,60대 이상,성공
2024-07-04 10:17:00,U003666,포인트결제,식음료,1732.0,서울,20대,성공
2024-03-03 09:25:00,U003070,체크카드,의료,89706.0,경기,30대,성공
2024-05-13 20:02:00,U001143,신용카드,여행,4937.0,서울,40대,성공
2024-05-24 14:39:00,U003009,계좌이체,식음료,6810.0,전북,,성공
2024-05-24 08:07:00,U001272,계좌이체,문화/여가,16857.0,서울,60대 이상,성공
2024-07-02 09:10:00,U000227, 신용카드 ,공과금,101002.0,서울,20대,성공
2024-01-26 19:50:00,U000733,체크카드,의료,20186.0,서울,60대 이상,성공
2024-05-17 13:28:00,U000814,,공과금,73898.0,대구,30대,성공
2024/08/30 06:36,U000731,계좌이체,식음료,12345.0,서울,40대,성공
2024-11-11 18:46:00,U002068,계좌이체,쇼핑,18923.0,대구,40대,성공
2024-01-10 20:56:00,U003973,신용카드,문화/여가,45257.0,경기,30대,성공
2024-07-23 10:25:00,U002015,포인트결제,쇼핑,17952.0,경기,30대,성공
2024-01-24 19:56:00,U002555,신용카드,문화/여가,17696.0,경북,30대,성공
2024-09-09 11:32:00,U000716,체크카드,식음료,20059.0,,20대,성공
2024-12-26 16:26:00,U003613,신용카드,쇼핑,135814.0,서울,50대,성공
2024-06-25 12:28:00,U001890,체크카드,여행,27985.0,서울,30대,성공
2024-05-03 04:44:00,U000600,신용카드,문화/여가,36152.0,광주,20대,성공
2024-02-14 13:34:00,U003382,계좌이체,식음료,25415.0,서울,20대,성공
2024-07-06 09:30:00,U002738,신용카드,식음료,13515.0,강원,30대,성공
2024-06-04 22:36:00,U002969,휴대폰결제,기타,37843.0,경남,40대,성공
2024-11-03 19:08:00,U001221,체크카드,문화/여가,4902.0,광주,,성공
2024-07-29 15:59:00,U003864,휴대폰결제,교통,999.0,인천,60대 이상,성공
2024-08-28 21:23:00,U001103,체크카드,문화/여가,68833.0,경기,30대,성공
2024/06/14 16:39,U001288,신용카드,식음료,9277.0,대전,40대,성공
2024/12/12 20:49,U002888,계좌이체,식음료,24343.0,서울,40대,성공
2024-09-08 21:29:00,U000297, 신용카드 ,교통,4573.0,울산,40대,성공
2024-01-24 21:42:00,U001126,신용카드,교육,104363.0,경기,30대,성공
2024-08-23 13:30:00,U002159,체크카드,식음료,16561.0,서울,40대,성공
2024-06-06 22:46:00,U001926,신용카드,문화/여가,,경기,50대,실패
2024-05-19 22:02:00,U000878,체크카드,기타,26598.0,충남,30대,성공
2024-06-12 21:24:00,U002437,신용카드,쇼핑,72942.0,서울,40대,실패
2024/09/03 15:23,U002364,계좌이체,식음료,29998.0,인천,30대,성공
2024-03-20 16:03:00,U001807,계좌이체,쇼핑,114167.0,서울,30대,성공
2024-07-22 00:25:00,U003431,신용카드,식음료,24442.0,경기,30대,성공
2024-01-29 18:06:00,U000456, 신용카드 ,식음료,35506.0,경기,30대,성공
2024-03-13 13:13:00,U002218,신용카드,쇼핑,136001.0,경기,40대,성공
2024-10-29 20:34:00,U001338,체크카드,식음료,43341.0,강원,20대,성공
2024-02-07 22:07:00,U003239,체크카드,식음료,16397.0,경기,20대,성공
2024/05/28 12:36,U000081,포인트결제,문화/여가,16167.0,서울,30대,성공
2024-01-03 14:48:00,U001237,계좌이체,교통,,서울,30대,성공
2024-06-17 20:11:00,U003586,신용카드,교통,2084.0,서울,40대,성공
2024-06-15 15:15:00,U003937,신용카드,식음료,25526.0,서울,50대,성공
2024-03-27 18:01:00,U001291,휴대폰결제,식음료,13426.0,서울,20대,성공
2024-12-01 06:01:00,U000437,신용카드,의료,86077.0,서울,50대,성공
2024-07-16 11:28:00,U001809,체크카드,쇼핑,74067.0,경기,40대,성공
2024-01-24 11:03:00,U001355,신용카드,식음료,24031.0,부산,30대,성공
2024-07-25 10:59:00,U002234,신용카드,교통,5386.0,광주,40대,성공
2024-12-06 18:40:00,U001036,신용카드,식음료,10264.0,서울,30대,성공
2024-06-16 13:54:00,U000933,신용카드,기타,42622.0,서울,40대,성공
2024-07-04 17:11:00,U000273,체크카드,교육,84608.0,경기,50대,성공
2024-11-21 02:37:00,U001650,신용카드,식음료,40808.0,세종,20대,성공
2024-10-30 20:57:00,U003263,,여행,480500.0,경기,60대 이상,성공
2024-01-08 11:18:00,U003047,체크카드,교통,5607.0,서울,,성공
2024-08-09 15:01:00,U001397,신용카드,교육,208824.0,,20대,성공
2024-10-16 12:29:00,U002857,체크카드,문화/여가,55690.0,경기,30대,성공
2024-08-22 12:04:00,U002331,신용카드,문화/여가,64957.0,경기,30대,성공
2024-10-13 19:25:00,U001978,신용카드,기타,22768.0,전남,50대,성공
2024-10-01 08:01:00,U003159,신용카드,교통,4633.0,경기,30대,성공
2024-06-19 14:36:00,U002320,포인트결제,기타,19315.0,서울,20대,성공
2024-09-17 11:31:00,U003686,휴대폰결제,쇼핑,13011.0,서울,20대,성공
2024-05-28 15:01:00,U001296,신용카드,쇼핑,62048.0,경기,30대,성공
2024-03-31 22:51:00,U001976,계좌이체,교통,5483.0,경기,20대,성공
2024-02-05 20:16:00,U001534,체크카드,쇼핑,24854.0,부산,,실패
2024-04-28 20:52:00,U003393,계좌이체,식음료,4255.0,인천,30대,취소
2024-10-20 12:02:00,U002826,체크카드,교육,120132.0,서울,20대,성공
2024-12-29 21:52:00,U002914,,식음료,36682.0,충북,40대,성공
2024-12-10 11:50:00,U003433,체크카드,의료,12988.0,서울,30대,성공
2024-04-17 10:40:00,U000302,휴대폰결제,교육,93777.0,대구,40대,실패
2024-08-31 11:00:00,U001740,체크카드,식음료,23647.0,경기,30대,성공
2024-11-16 11:55:00,U001341,포인트결제,여행,342620.0,부산,50대,성공
2024-12-03 17:01:00,U002207,포인트결제,쇼핑,79225.0,부산,30대,성공
2024-08-23 12:27:00,U001597,신용카드,공과금,149664.0,서울,40대,성공
2024-08-04 11:39:00,U001461,계좌이체,여행,422051.0,경기,40대,성공
2024-09-19 18:56:00,U002150,신용카드,교통,6192.0,경기,20대,성공
2024-07-03 19:24:00,U000674,신용카드,문화/여가,18608.0,서울,60대 이상,성공
2024-02-15 01:22:00,U001852,,교통,500.0,부산,30대,성공
2024-02-03 12:49:00,U001967,체크카드,식음료,8145.0,광주,40대,성공
2024-07-06 18:48:00,U002690,계좌이체,교육,118849.0,,20대,성공
2024-04-09 10:47:00,U001067,포인트결제,식음료,26281.0,경기,20대,실패
2024/11/30 16:16,U000542,신용카드,기타,16612.0,,40대,성공
2024-05-15 20:26:00,U003059,신용카드,쇼핑,27692.0,대구,30대,성공
2024-12-26 19:00:00,U002990,신용카드,교육,32860.0,인천,30대,성공
2024-03-19 14:28:00,U003325,체크카드,식음료,44542.0,경기,40대,성공
2024-08-19 17:03:00,U003634,신용카드,기타,11451.0,강원,20대,실패
2024-12-14 18:31:00,U000026,신용카드,교통,897.0,대전,20대,성공
2024/02/12 06:54,U003009,계좌이체,쇼핑,6900.0,서울,40대,성공
2024/01/29 08:39,U000411,포인트결제,기타,16978.0,서울,40대,성공
2024-05-11 23:08:00,U001646,체크카드,쇼핑,82298.0,경기,60대 이상,성공
2024-06-23 03:53:00,U002774,휴대폰결제,식음료,12402.0,서울,30대,성공
2024-11-24 09:34:00,U000580,신용카드,식음료,18026.0,서울,,성공
2024-01-17 08:34:00,U002089,신용카드,쇼핑,21963.0,충남,50대,성공
2024-10-16 12:49:00,U002565,신용카드,식음료,35248.0,인천,40대,성공
